Reference,Master Grant Type Name,Open mode / Directed
003622/Z/71/Z,Senior Research Fellowship Clinical,Discovery Awards (or equivalent)
004015/Z/72/Z,Senior Research Fellowship Clinical,Discovery Awards (or equivalent)
004106/Z/72/Z,Senior Research Fellowship Clinical,Discovery Awards (or equivalent)
004238/Z/72/Z,Senior Research Fellowship Clinical,Discovery Awards (or equivalent)
004839/Z/73/Z,Senior Research Fellowship Clinical,Discovery Awards (or equivalent)
004846/Z/73/Z,Senior Research Fellowship Clinical,Discovery Awards (or equivalent)
004888/Z/73/Z,Senior Research Fellowship Clinical,Discovery Awards (or equivalent)
005261/Z/74/Z,Senior Research Fellowship Clinical,Discovery Awards (or equivalent)
005262/Z/74/Z,Senior Research Fellowship Clinical,Discovery Awards (or equivalent)
005288/Z/74/Z,Senior Research Fellowship Clinical,Discovery Awards (or equivalent)
005732/Z/75/Z,Senior Research Fellowship Clinical,Discovery Awards (or equivalent)
005737/Z/75/Z,Senior Research Fellowship Clinical,Discovery Awards (or equivalent)
005921/Z/75/Z,Senior Research Fellowship Clinical,Discovery Awards (or equivalent)
006204/Z/76/Z,Senior Research Fellowship Clinical,Discovery Awards (or equivalent)
006246/Z/76/Z,Senior Research Fellowship Clinical,Discovery Awards (or equivalent)
006247/Z/76/Z,Senior Research Fellowship Clinical,Discovery Awards (or equivalent)
006774/Z/77/Z,Senior Research Fellowship Basic,Discovery Awards (or equivalent)
006804/Z/77/Z,Senior Research Fellowship Clinical,Discovery Awards (or equivalent)
006809/Z/77/Z,Senior Research Fellowship Basic,Discovery Awards (or equivalent)
006813/Z/77/Z,Senior Research Fellowship Basic,Discovery Awards (or equivalent)
006814/Z/77/Z,Senior Research Fellowship Basic,Discovery Awards (or equivalent)
006827/Z/77/Z,Senior Research Fellowship Basic,Discovery Awards (or equivalent)
006828/Z/77/Z,Senior Research Fellowship Clinical,Discovery Awards (or equivalent)
006878/Z/77/Z,Senior Research Fellowship Clinical,Discovery Awards (or equivalent)
007474/Z/78/Z,Senior Research Fellowship Basic,Discovery Awards (or equivalent)
007483/Z/78/Z,Senior Research Fellowship Clinical,Discovery Awards (or equivalent)
007491/Z/78/Z,Senior Research Fellowship Basic,Discovery Awards (or equivalent)
007494/Z/78/Z,Senior Research Fellowship Clinical,Discovery Awards (or equivalent)
007498/Z/78/Z,Senior Research Fellowship Clinical,Discovery Awards (or equivalent)
007604/Z/78/Z,Senior Research Fellowship Basic,Discovery Awards (or equivalent)
007620/Z/78/Z,Senior Research Fellowship Basic,Discovery Awards (or equivalent)
007621/Z/78/Z,Senior Research Fellowship Basic,Discovery Awards (or equivalent)
007640/Z/78/Z,Senior Research Fellowship Basic,Discovery Awards (or equivalent)
007643/Z/78/Z,Senior Research Fellowship Basic,Discovery Awards (or equivalent)
009048/Z/79/Z,Senior Research Fellowship Clinical,Discovery Awards (or equivalent)
009100/Z/79/Z,Senior Research Fellowship Clinical,Discovery Awards (or equivalent)
009169/Z/79/Z,Senior Research Fellowship Clinical,Discovery Awards (or equivalent)
009215/Z/79/Z,Senior Research Fellowship Clinical,Discovery Awards (or equivalent)
009250/Z/79/Z,Senior Research Fellowship Basic,Discovery Awards (or equivalent)
009255/Z/79/Z,Senior Research Fellowship Basic,Discovery Awards (or equivalent)
009267/Z/79/Z,Senior Research Fellowship Basic,Discovery Awards (or equivalent)
009276/Z/79/Z,Senior Research Fellowship Clinical,Discovery Awards (or equivalent)
009280/Z/79/Z,Senior Research Fellowship Clinical,Discovery Awards (or equivalent)
009281/Z/79/Z,Senior Research Fellowship Clinical,Discovery Awards (or equivalent)
010029/Z/80/Z,Senior Research Fellowship Clinical,Discovery Awards (or equivalent)
010100/Z/80/Z,Senior Research Fellowship Clinical,Discovery Awards (or equivalent)
010106/Z/80/Z,Senior Research Fellowship Clinical,Discovery Awards (or equivalent)
010955/Z/81/Z,Senior Research Fellowship Clinical,Discovery Awards (or equivalent)
010970/Z/81/Z,Senior Research Fellowship Clinical,Discovery Awards (or equivalent)
010974/Z/81/Z,Senior Research Fellowship Clinical,Discovery Awards (or equivalent)
011716/Z/82/Z,Senior Research Fellowship Clinical,Discovery Awards (or equivalent)
011741/Z/82/Z,Senior Research Fellowship Clinical,Discovery Awards (or equivalent)
011741/Z/89/Z,Senior Research Fellowship Clinical Renewal,Discovery Awards (or equivalent)
011741/Z/90/Z,Senior Research Fellowship Clinical Renewal,Discovery Awards (or equivalent)
011741/Z/91/Z,Senior Research Fellowship Clinical Renewal,Discovery Awards (or equivalent)
011741/Z/92/Z,Senior Research Fellowship Clinical Renewal,Discovery Awards (or equivalent)
011742/Z/82/Z,Senior Research Fellowship Clinical,Discovery Awards (or equivalent)
011744/Z/82/Z,Senior Research Fellowship Clinical,Discovery Awards (or equivalent)
011758/Z/82/Z,Senior Research Fellowship Clinical,Discovery Awards (or equivalent)
011862/Z/82/A,Senior Research Fellowship Clinical,Discovery Awards (or equivalent)
011862/Z/82/Z,Senior Research Fellowship Clinical,Discovery Awards (or equivalent)
012493/Z/83/Z,Senior Research Fellowship Clinical,Discovery Awards (or equivalent)
012508/Z/83/Z,Senior Research Fellowship Clinical,Discovery Awards (or equivalent)
012514/Z/83/Z,Senior Research Fellowship Clinical,Discovery Awards (or equivalent)
013300/Z/84/A,Senior Research Fellowship Clinical,Discovery Awards (or equivalent)
013300/Z/84/Z,Senior Research Fellowship Clinical,Discovery Awards (or equivalent)
013312/Z/84/Z,Senior Research Fellowship Clinical,Discovery Awards (or equivalent)
013316/Z/84/Z,Senior Research Fellowship Clinical,Discovery Awards (or equivalent)
014105/Z/85/Z,Senior Research Fellowship Clinical,Discovery Awards (or equivalent)
014178/Z/85/Z,Senior Research Fellowship Clinical,Discovery Awards (or equivalent)
014181/Z/85/Z,Senior Research Fellowship Clinical,Discovery Awards (or equivalent)
014181/Z/90/Z,Senior Research Fellowship Clinical Renewal,Discovery Awards (or equivalent)
014181/Z/92/A,Senior Research Fellowship Clinical Renewal,Discovery Awards (or equivalent)
014181/Z/93/A,Senior Research Fellowship Clinical Renewal,Discovery Awards (or equivalent)
014181/Z/94/A,Senior Research Fellowship Clinical Renewal,Discovery Awards (or equivalent)
014181/Z/95/A,Senior Research Fellowship Clinical Renewal,Discovery Awards (or equivalent)
014181/Z/95/B,Senior Research Fellowship Clinical,Discovery Awards (or equivalent)
014231/Z/85/Z,Senior Research Fellowship Clinical,Discovery Awards (or equivalent)
015120/Z/86/Z,Senior Research Fellowship Basic,Discovery Awards (or equivalent)
015120/Z/92/Z,Senior Research Fellowship Basic Renewal,Discovery Awards (or equivalent)
015120/Z/93/B,Senior Research Fellowship Basic,Discovery Awards (or equivalent)
015120/Z/93/C,Senior Research Fellowship Basic,Discovery Awards (or equivalent)
015120/Z/93/Z,Senior Research Fellowship Basic Renewal,Discovery Awards (or equivalent)
015120/Z/94/B,Senior Research Fellowship Basic,Discovery Awards (or equivalent)
015120/Z/94/Z,Senior Research Fellowship Basic Renewal,Discovery Awards (or equivalent)
015120/Z/95/A,Senior Research Fellowship Basic,Discovery Awards (or equivalent)
015120/Z/95/B,Senior Research Fellowship Basic,Discovery Awards (or equivalent)
015120/Z/96/A,Residual Award,Other
015120/Z/96/B,Residual Award,Other
015175/Z/86/Z,Senior Research Fellowship Basic,Discovery Awards (or equivalent)
015175/Z/90/A,Senior Research Fellowship Basic,Discovery Awards (or equivalent)
015175/Z/92/Z,Senior Research Fellowship Basic,Discovery Awards (or equivalent)
015175/Z/93/Z,Senior Research Fellowship Basic,Discovery Awards (or equivalent)
015175/Z/94/Z,Senior Research Fellowship Basic,Discovery Awards (or equivalent)
015175/Z/95/Z,Senior Research Fellowship Basic,Discovery Awards (or equivalent)
015175/Z/96/Z,Senior Research Fellowship Basic,Discovery Awards (or equivalent)
015184/Z/86/Z,Senior Research Fellowship Basic,Discovery Awards (or equivalent)
015184/Z/91/A,Senior Research Fellowship Basic,Discovery Awards (or equivalent)
015184/Z/91/Z,Senior Research Fellowship Basic,Discovery Awards (or equivalent)
015184/Z/92/A,Senior Research Fellowship Basic,Discovery Awards (or equivalent)
015184/Z/92/Z,Senior Research Fellowship Basic,Discovery Awards (or equivalent)
015184/Z/93/Z,Senior Research Fellowship Basic,Discovery Awards (or equivalent)
015184/Z/94/A,Senior Research Fellowship Basic,Discovery Awards (or equivalent)
015184/Z/94/B,Senior Research Fellowship Basic,Discovery Awards (or equivalent)
015184/Z/94/Z,Senior Research Fellowship Basic,Discovery Awards (or equivalent)
015184/Z/95/A,Senior Research Fellowship Basic,Discovery Awards (or equivalent)
015184/Z/96/A,Senior Research Fellowship Basic,Discovery Awards (or equivalent)
015184/Z/96/B,Senior Research Fellowship Basic Renewal,Discovery Awards (or equivalent)
015211/Z/86/Z,Senior Research Fellowship Basic,Discovery Awards (or equivalent)
015211/Z/89/Z,Senior Research Fellowship Basic,Discovery Awards (or equivalent)
015211/Z/90/A,Senior Research Fellowship Basic,Discovery Awards (or equivalent)
015211/Z/90/Z,Senior Research Fellowship Basic,Discovery Awards (or equivalent)
015211/Z/91/A,Senior Research Fellowship Basic,Discovery Awards (or equivalent)
015211/Z/91/Z,Senior Research Fellowship Basic,Discovery Awards (or equivalent)
015211/Z/92/A,Senior Research Fellowship Basic,Discovery Awards (or equivalent)
015211/Z/92/Z,Senior Research Fellowship Basic,Discovery Awards (or equivalent)
015211/Z/93/Z,Senior Research Fellowship Basic,Discovery Awards (or equivalent)
015234/Z/86/Z,Senior Research Fellowship Basic,Discovery Awards (or equivalent)
015236/Z/86/Z,Senior Research Fellowship Basic,Discovery Awards (or equivalent)
015303/Z/86/A,Senior Research Fellowship Clinical,Discovery Awards (or equivalent)
015303/Z/86/Z,Senior Research Fellowship Clinical,Discovery Awards (or equivalent)
015352/Z/86/Z,Senior Research Fellowship Clinical,Discovery Awards (or equivalent)
015352/Z/89/Z,Senior Research Fellowship Clinical,Discovery Awards (or equivalent)
015352/Z/90/A,Senior Research Fellowship Clinical,Discovery Awards (or equivalent)
015352/Z/90/Z,Senior Research Fellowship Clinical,Discovery Awards (or equivalent)
015352/Z/91/Z,Senior Research Fellowship Clinical,Discovery Awards (or equivalent)
016668/Z/88/Z,Senior Research Fellowship Clinical,Discovery Awards (or equivalent)
016668/Z/89/A,Senior Research Fellowship Clinical,Discovery Awards (or equivalent)
016668/Z/89/Z,Senior Research Fellowship Clinical,Discovery Awards (or equivalent)
016668/Z/90/A,Senior Research Fellowship Clinical,Discovery Awards (or equivalent)
016668/Z/90/Z,Senior Research Fellowship Clinical,Discovery Awards (or equivalent)
016668/Z/91/A,Senior Research Fellowship Clinical,Discovery Awards (or equivalent)
016668/Z/91/Z,Senior Research Fellowship Clinical,Discovery Awards (or equivalent)
016668/Z/92/Z,Senior Research Fellowship Clinical,Discovery Awards (or equivalent)
016668/Z/93/Z,Senior Research Fellowship Clinical Renewal,Discovery Awards (or equivalent)
016668/Z/94/A,Senior Research Fellowship Clinical,Discovery Awards (or equivalent)
016668/Z/94/Z,Senior Research Fellowship Clinical Renewal,Discovery Awards (or equivalent)
016668/Z/95/Z,Senior Research Fellowship Clinical Renewal,Discovery Awards (or equivalent)
016668/Z/96/A,Senior Research Fellowship Clinical Renewal,Discovery Awards (or equivalent)
016668/Z/96/B,Senior Research Fellowship Clinical,Discovery Awards (or equivalent)
016668/Z/96/Z,Senior Research Fellowship Clinical Renewal,Discovery Awards (or equivalent)
016668/Z/97/Z,Senior Research Fellowship Clinical Renewal,Discovery Awards (or equivalent)
016675/Z/87/Z,Senior Research Fellowship Clinical,Discovery Awards (or equivalent)
016675/Z/88/Z,Senior Research Fellowship Clinical,Discovery Awards (or equivalent)
016675/Z/89/Z,Senior Research Fellowship Clinical,Discovery Awards (or equivalent)
016675/Z/90/Z,Senior Research Fellowship Clinical,Discovery Awards (or equivalent)
016675/Z/91/A,Senior Research Fellowship Clinical,Discovery Awards (or equivalent)
016675/Z/91/Z,Senior Research Fellowship Clinical,Discovery Awards (or equivalent)
016675/Z/92/Z,Senior Research Fellowship Clinical,Discovery Awards (or equivalent)
016681/Z/87/Z,Senior Research Fellowship Clinical,Discovery Awards (or equivalent)
016681/Z/88/Z,Senior Research Fellowship Clinical,Discovery Awards (or equivalent)
016681/Z/89/Z,Senior Research Fellowship Clinical,Discovery Awards (or equivalent)
016681/Z/90/Z,Senior Research Fellowship Clinical,Discovery Awards (or equivalent)
016681/Z/91/B,Senior Research Fellowship Clinical,Discovery Awards (or equivalent)
016681/Z/91/Z,Senior Research Fellowship Clinical,Discovery Awards (or equivalent)
016681/Z/92/A,Senior Research Fellowship Clinical,Discovery Awards (or equivalent)
016681/Z/92/B,Senior Research Fellowship Clinical,Discovery Awards (or equivalent)
016681/Z/92/Z,Senior Research Fellowship Clinical,Discovery Awards (or equivalent)
016681/Z/93/A,Senior Research Fellowship Clinical,Discovery Awards (or equivalent)
016681/Z/93/C,Senior Research Fellowship Clinical,Discovery Awards (or equivalent)
016681/Z/94/A,Senior Research Fellowship Clinical,Discovery Awards (or equivalent)
016681/Z/94/B,Senior Research Fellowship Clinical,Discovery Awards (or equivalent)
016681/Z/94/C,Senior Research Fellowship Clinical Renewal,Discovery Awards (or equivalent)
016681/Z/95/C,Senior Research Fellowship Clinical Renewal,Discovery Awards (or equivalent)
016681/Z/96/C,Senior Research Fellowship Clinical Renewal,Discovery Awards (or equivalent)
016681/Z/97/C,Senior Research Fellowship Clinical Renewal,Discovery Awards (or equivalent)
016695/Z/88/Z,Senior Research Fellowship Clinical,Discovery Awards (or equivalent)
016695/Z/89/A,Senior Research Fellowship Clinical,Discovery Awards (or equivalent)
016695/Z/89/Z,Senior Research Fellowship Clinical,Discovery Awards (or equivalent)
016695/Z/90/A,Senior Research Fellowship Clinical,Discovery Awards (or equivalent)
016695/Z/90/Z,Senior Research Fellowship Clinical,Discovery Awards (or equivalent)
016695/Z/91/A,Senior Research Fellowship Clinical,Discovery Awards (or equivalent)
016695/Z/91/B,Senior Research Fellowship Clinical,Discovery Awards (or equivalent)
016695/Z/91/Z,Senior Research Fellowship Clinical,Discovery Awards (or equivalent)
016695/Z/92/A,Senior Research Fellowship Clinical,Discovery Awards (or equivalent)
016695/Z/92/B,Senior Research Fellowship Clinical,Discovery Awards (or equivalent)
016695/Z/92/Z,Senior Research Fellowship Clinical,Discovery Awards (or equivalent)
016699/Z/87/Z,Senior Research Fellowship Clinical,Discovery Awards (or equivalent)
016699/Z/88/Z,Senior Research Fellowship Clinical,Discovery Awards (or equivalent)
016699/Z/89/A,Senior Research Fellowship Clinical,Discovery Awards (or equivalent)
016699/Z/89/Z,Senior Research Fellowship Clinical,Discovery Awards (or equivalent)
016699/Z/90/Z,Senior Research Fellowship Clinical,Discovery Awards (or equivalent)
016699/Z/91/Z,Senior Research Fellowship Clinical,Discovery Awards (or equivalent)
016699/Z/92/Z,Senior Research Fellowship Clinical,Discovery Awards (or equivalent)
016704/Z/88/Z,Senior Research Fellowship Clinical,Discovery Awards (or equivalent)
016704/Z/89/Z,Senior Research Fellowship Clinical,Discovery Awards (or equivalent)
016704/Z/90/A,Senior Research Fellowship Clinical,Discovery Awards (or equivalent)
016704/Z/90/Z,Senior Research Fellowship Clinical,Discovery Awards (or equivalent)
016704/Z/91/Z,Senior Research Fellowship Clinical,Discovery Awards (or equivalent)
016704/Z/92/A,Senior Research Fellowship Clinical,Discovery Awards (or equivalent)
016704/Z/92/Z,Senior Research Fellowship Clinical,Discovery Awards (or equivalent)
016956/Z/88/Z,Senior Research Fellowship Basic,Discovery Awards (or equivalent)
016956/Z/89/Z,Senior Research Fellowship Basic,Discovery Awards (or equivalent)
016956/Z/90/Z,Senior Research Fellowship Basic,Discovery Awards (or equivalent)
016956/Z/91/Z,Senior Research Fellowship Basic,Discovery Awards (or equivalent)
016956/Z/92/A,Senior Research Fellowship Basic,Discovery Awards (or equivalent)
016956/Z/92/B,Senior Research Fellowship Basic Renewal,Discovery Awards (or equivalent)
016956/Z/92/Z,Senior Research Fellowship Basic,Discovery Awards (or equivalent)
016956/Z/93/B,Senior Research Fellowship Basic Renewal,Discovery Awards (or equivalent)
016956/Z/93/C,Senior Research Fellowship Basic,Discovery Awards (or equivalent)
016956/Z/93/Z,Senior Research Fellowship Basic,Discovery Awards (or equivalent)
016956/Z/94/B,Senior Research Fellowship Basic Renewal,Discovery Awards (or equivalent)
016956/Z/95/B,Senior Research Fellowship Basic Renewal,Discovery Awards (or equivalent)
016956/Z/95/C,Senior Research Fellowship Basic,Discovery Awards (or equivalent)
016956/Z/96/B,Senior Research Fellowship Basic Renewal,Discovery Awards (or equivalent)
016956/Z/96/C,Senior Research Fellowship Basic Renewal,Discovery Awards (or equivalent)
016956/Z/97/C,Senior Research Fellowship Basic Renewal,Discovery Awards (or equivalent)
016956/Z/98/C,Senior Research Fellowship Basic Renewal,Discovery Awards (or equivalent)
016964/Z/87/Z,Senior Research Fellowship Basic,Discovery Awards (or equivalent)
016964/Z/88/Z,Senior Research Fellowship Basic,Discovery Awards (or equivalent)
016964/Z/89/Z,Senior Research Fellowship Basic,Discovery Awards (or equivalent)
016964/Z/90/Z,Senior Research Fellowship Basic,Discovery Awards (or equivalent)
016964/Z/91/Z,Senior Research Fellowship Basic,Discovery Awards (or equivalent)
016964/Z/92/A,Senior Research Fellowship Basic,Discovery Awards (or equivalent)
016964/Z/92/Z,Senior Research Fellowship Basic,Discovery Awards (or equivalent)
016964/Z/93/A,Project Grant,Other
016964/Z/94/A,Project Grant,Other
016964/Z/95/A,Project Grant,Other
016970/Z/88/Z,Senior Research Fellowship Basic,Discovery Awards (or equivalent)
016970/Z/89/Z,Senior Research Fellowship Basic,Discovery Awards (or equivalent)
016970/Z/90/A,Senior Research Fellowship Basic,Discovery Awards (or equivalent)
016970/Z/90/Z,Senior Research Fellowship Basic,Discovery Awards (or equivalent)
016970/Z/91/A,Senior Research Fellowship Basic,Discovery Awards (or equivalent)
016970/Z/91/Z,Senior Research Fellowship Basic,Discovery Awards (or equivalent)
016970/Z/92/A,Senior Research Fellowship Basic,Discovery Awards (or equivalent)
016970/Z/92/Z,Senior Research Fellowship Basic,Discovery Awards (or equivalent)
016970/Z/93/Z,Senior Research Fellowship Basic,Discovery Awards (or equivalent)
016987/Z/88/Z,Senior Research Fellowship Basic,Discovery Awards (or equivalent)
016987/Z/89/Z,Senior Research Fellowship Basic,Discovery Awards (or equivalent)
016987/Z/90/Z,Senior Research Fellowship Basic,Discovery Awards (or equivalent)
016987/Z/91/Z,Senior Research Fellowship Basic,Discovery Awards (or equivalent)
016987/Z/92/B,Senior Research Fellowship Basic,Discovery Awards (or equivalent)
016987/Z/92/Z,Senior Research Fellowship Basic,Discovery Awards (or equivalent)
016987/Z/93/A,Senior Research Fellowship Basic,Discovery Awards (or equivalent)
016987/Z/94/A,Senior Research Fellowship Basic,Discovery Awards (or equivalent)
016987/Z/95/A,Senior Research Fellowship Basic,Discovery Awards (or equivalent)
016987/Z/96/A,Senior Research Fellowship Basic Renewal,Discovery Awards (or equivalent)
016987/Z/96/B,Senior Research Fellowship Basic Renewal,Discovery Awards (or equivalent)
016987/Z/96/C,Senior Research Fellowship Basic Renewal,Discovery Awards (or equivalent)
016987/Z/96/D,Senior Research Fellowship Basic Renewal,Discovery Awards (or equivalent)
016987/Z/96/E,Senior Research Fellowship Basic,Discovery Awards (or equivalent)
016987/Z/96/Z,Senior Research Fellowship Basic Renewal,Discovery Awards (or equivalent)
016987/Z/97/Z,Senior Research Fellowship Basic Renewal,Discovery Awards (or equivalent)
017019/Z/88/Z,Senior Research Fellowship Basic,Discovery Awards (or equivalent)
017019/Z/89/Z,Senior Research Fellowship Basic,Discovery Awards (or equivalent)
017019/Z/90/Z,Senior Research Fellowship Basic,Discovery Awards (or equivalent)
017019/Z/91/A,Senior Research Fellowship Basic,Discovery Awards (or equivalent)
017019/Z/91/B,Senior Research Fellowship Basic,Discovery Awards (or equivalent)
017019/Z/91/C,Senior Research Fellowship Basic,Discovery Awards (or equivalent)
017019/Z/91/Z,Senior Research Fellowship Basic,Discovery Awards (or equivalent)
017019/Z/92/A,Senior Research Fellowship Basic,Discovery Awards (or equivalent)
017019/Z/92/C,Senior Research Fellowship Basic,Discovery Awards (or equivalent)
017019/Z/92/D,Senior Research Fellowship Basic,Discovery Awards (or equivalent)
017019/Z/92/Z,Senior Research Fellowship Basic,Discovery Awards (or equivalent)
017019/Z/93/A,Senior Research Fellowship Basic,Discovery Awards (or equivalent)
017019/Z/93/D,Senior Research Fellowship Basic,Discovery Awards (or equivalent)
017019/Z/93/E,Senior Research Fellowship Basic,Discovery Awards (or equivalent)
017019/Z/93/Z,Senior Research Fellowship Basic,Discovery Awards (or equivalent)
017019/Z/94/A,Senior Research Fellowship Basic,Discovery Awards (or equivalent)
017019/Z/94/E,Senior Research Fellowship Basic,Discovery Awards (or equivalent)
017019/Z/95/A,Project Grant,Other
017019/Z/96/Z,Project Grant,Other
017019/Z/97/Z,Project Grant,Other
017997/Z/89/Z,Senior Research Fellowship Clinical,Discovery Awards (or equivalent)
017997/Z/90/Z,Senior Research Fellowship Clinical,Discovery Awards (or equivalent)
017997/Z/91/Z,Senior Research Fellowship Clinical,Discovery Awards (or equivalent)
017997/Z/92/Z,Senior Research Fellowship Clinical,Discovery Awards (or equivalent)
017997/Z/93/Z,Senior Research Fellowship Clinical,Discovery Awards (or equivalent)
018002/Z/89/Z,Senior Research Fellowship Clinical,Discovery Awards (or equivalent)
018002/Z/90/Z,Senior Research Fellowship Clinical,Discovery Awards (or equivalent)
018002/Z/91/A,Senior Research Fellowship Clinical,Discovery Awards (or equivalent)
018002/Z/91/Z,Senior Research Fellowship Clinical,Discovery Awards (or equivalent)
018002/Z/92/A,Senior Research Fellowship Clinical,Discovery Awards (or equivalent)
018002/Z/92/Z,Senior Research Fellowship Clinical,Discovery Awards (or equivalent)
018002/Z/93/A,Senior Research Fellowship Clinical,Discovery Awards (or equivalent)
018002/Z/93/B,Senior Research Fellowship Clinical Renewal,Discovery Awards (or equivalent)
018002/Z/93/D,Senior Research Fellowship Clinical,Discovery Awards (or equivalent)
018002/Z/93/Z,Senior Research Fellowship Clinical,Discovery Awards (or equivalent)
018002/Z/94/B,Senior Research Fellowship Clinical Renewal,Discovery Awards (or equivalent)
018002/Z/94/C,Senior Research Fellowship Clinical Renewal,Discovery Awards (or equivalent)
018002/Z/95/C,Senior Research Fellowship Clinical Renewal,Discovery Awards (or equivalent)
018002/Z/96/C,Senior Research Fellowship Clinical Renewal,Discovery Awards (or equivalent)
018002/Z/96/D,Senior Research Fellowship Clinical,Discovery Awards (or equivalent)
018002/Z/96/E,Senior Research Fellowship Clinical,Discovery Awards (or equivalent)
018002/Z/97/C,Senior Research Fellowship Clinical Renewal,Discovery Awards (or equivalent)
018002/Z/98/C,Senior Research Fellowship Clinical Renewal,Discovery Awards (or equivalent)
018014/Z/89/Z,Senior Research Fellowship Clinical,Discovery Awards (or equivalent)
018014/Z/90/Z,Senior Research Fellowship Clinical,Discovery Awards (or equivalent)
018014/Z/91/A,Senior Research Fellowship Clinical,Discovery Awards (or equivalent)
018014/Z/91/Z,Senior Research Fellowship Clinical,Discovery Awards (or equivalent)
018014/Z/92/A,Senior Research Fellowship Clinical,Discovery Awards (or equivalent)
018014/Z/92/Z,Senior Research Fellowship Clinical,Discovery Awards (or equivalent)
018014/Z/93/Z,Senior Research Fellowship Clinical,Discovery Awards (or equivalent)
018017/Z/88/Z,Senior Research Fellowship Clinical,Discovery Awards (or equivalent)
018017/Z/89/A,Senior Research Fellowship Clinical,Discovery Awards (or equivalent)
018017/Z/89/Z,Senior Research Fellowship Clinical,Discovery Awards (or equivalent)
018017/Z/90/Z,Senior Research Fellowship Clinical,Discovery Awards (or equivalent)
018017/Z/91/Z,Senior Research Fellowship Clinical,Discovery Awards (or equivalent)
018017/Z/92/A,Senior Research Fellowship Clinical,Discovery Awards (or equivalent)
018017/Z/92/Z,Senior Research Fellowship Clinical,Discovery Awards (or equivalent)
018017/Z/93/A,Senior Research Fellowship Clinical,Discovery Awards (or equivalent)
018017/Z/93/B,Senior Research Fellowship Clinical Renewal,Discovery Awards (or equivalent)
018017/Z/93/Z,Senior Research Fellowship Clinical,Discovery Awards (or equivalent)
018017/Z/94/B,Senior Research Fellowship Clinical Renewal,Discovery Awards (or equivalent)
018017/Z/95/B,Senior Research Fellowship Clinical Renewal,Discovery Awards (or equivalent)
018017/Z/96/B,Senior Research Fellowship Clinical Renewal,Discovery Awards (or equivalent)
018017/Z/97/B,Senior Research Fellowship Clinical Renewal,Discovery Awards (or equivalent)
018017/Z/98/B,Senior Research Fellowship Clinical Renewal,Discovery Awards (or equivalent)
018078/Z/89/Z,Senior Research Fellowship Basic,Discovery Awards (or equivalent)
018078/Z/90/Z,Senior Research Fellowship Basic,Discovery Awards (or equivalent)
018078/Z/91/Z,Senior Research Fellowship Basic,Discovery Awards (or equivalent)
018078/Z/92/Z,Senior Research Fellowship Basic,Discovery Awards (or equivalent)
018078/Z/93/Z,Senior Research Fellowship Basic,Discovery Awards (or equivalent)
018091/Z/88/Z,Senior Research Fellowship Basic,Discovery Awards (or equivalent)
018091/Z/89/Z,Senior Research Fellowship Basic,Discovery Awards (or equivalent)
018091/Z/90/Z,Senior Research Fellowship Basic,Discovery Awards (or equivalent)
018091/Z/91/B,Senior Research Fellowship Basic,Discovery Awards (or equivalent)
018091/Z/91/Z,Senior Research Fellowship Basic,Discovery Awards (or equivalent)
018091/Z/92/A,Senior Research Fellowship Basic,Discovery Awards (or equivalent)
018091/Z/92/B,Senior Research Fellowship Basic,Discovery Awards (or equivalent)
018091/Z/92/C,Senior Research Fellowship Basic,Discovery Awards (or equivalent)
018091/Z/92/Z,Senior Research Fellowship Basic,Discovery Awards (or equivalent)
018091/Z/93/A,Senior Research Fellowship Basic,Discovery Awards (or equivalent)
018091/Z/93/B,Senior Research Fellowship Basic,Discovery Awards (or equivalent)
018091/Z/93/Z,Senior Research Fellowship Basic,Discovery Awards (or equivalent)
018091/Z/94/A,Senior Research Fellowship Basic,Discovery Awards (or equivalent)
018091/Z/94/B,Senior Research Fellowship Basic,Discovery Awards (or equivalent)
018091/Z/94/Z,Senior Research Fellowship Basic,Discovery Awards (or equivalent)
018105/Z/88/Z,Senior Research Fellowship Clinical,Discovery Awards (or equivalent)
018105/Z/89/Z,Senior Research Fellowship Clinical,Discovery Awards (or equivalent)
018105/Z/90/Z,Senior Research Fellowship Clinical,Discovery Awards (or equivalent)
018105/Z/91/Z,Senior Research Fellowship Clinical,Discovery Awards (or equivalent)
018105/Z/92/Z,Senior Research Fellowship Clinical,Discovery Awards (or equivalent)
018105/Z/93/Z,Senior Research Fellowship Clinical,Discovery Awards (or equivalent)
019294/Z/90/Z,Senior Research Fellowship Basic,Discovery Awards (or equivalent)
019294/Z/91/A,Senior Research Fellowship Basic,Discovery Awards (or equivalent)
019294/Z/91/Z,Senior Research Fellowship Basic,Discovery Awards (or equivalent)
019294/Z/92/A,Senior Research Fellowship Basic,Discovery Awards (or equivalent)
019294/Z/92/Z,Senior Research Fellowship Basic,Discovery Awards (or equivalent)
019294/Z/93/A,Senior Research Fellowship Basic,Discovery Awards (or equivalent)
019294/Z/93/Z,Senior Research Fellowship Basic,Discovery Awards (or equivalent)
019294/Z/94/A,Senior Research Fellowship Basic,Discovery Awards (or equivalent)
019294/Z/94/Z,Senior Research Fellowship Basic,Discovery Awards (or equivalent)
019294/Z/95/A,Senior Research Fellowship Basic,Discovery Awards (or equivalent)
019294/Z/95/B,Senior Research Fellowship Basic,Discovery Awards (or equivalent)
019294/Z/96/B,Residual Award,Other
019294/Z/97/B,Residual Award,Other
019294/Z/98/B,Residual Award,Other
019294/Z/99/B,Residual Award,Other
019441/Z/89/Z,Senior Research Fellowship Clinical,Discovery Awards (or equivalent)
019441/Z/90/A,Senior Research Fellowship Clinical,Discovery Awards (or equivalent)
019441/Z/90/B,Senior Research Fellowship Clinical,Discovery Awards (or equivalent)
019441/Z/90/Z,Senior Research Fellowship Clinical,Discovery Awards (or equivalent)
019441/Z/91/A,Senior Research Fellowship Clinical,Discovery Awards (or equivalent)
019441/Z/91/Z,Senior Research Fellowship Clinical,Discovery Awards (or equivalent)
019441/Z/92/A,Senior Research Fellowship Clinical,Discovery Awards (or equivalent)
019441/Z/92/Z,Senior Research Fellowship Clinical,Discovery Awards (or equivalent)
019441/Z/93/A,Senior Research Fellowship Clinical,Discovery Awards (or equivalent)
019441/Z/93/Z,Senior Research Fellowship Clinical,Discovery Awards (or equivalent)
019441/Z/94/A,Senior Research Fellowship Clinical,Discovery Awards (or equivalent)
019441/Z/94/B,Senior Research Fellowship Clinical,Discovery Awards (or equivalent)
019441/Z/94/Z,Senior Research Fellowship Clinical,Discovery Awards (or equivalent)
019441/Z/95/B,Senior Research Fellowship Clinical,Discovery Awards (or equivalent)
019441/Z/95/C,Senior Research Fellowship Clinical,Discovery Awards (or equivalent)
019445/Z/89/Z,Senior Research Fellowship Clinical,Discovery Awards (or equivalent)
019445/Z/90/Z,Senior Research Fellowship Clinical,Discovery Awards (or equivalent)
019445/Z/91/A,Senior Research Fellowship Clinical,Discovery Awards (or equivalent)
019445/Z/91/Z,Senior Research Fellowship Clinical,Discovery Awards (or equivalent)
019445/Z/92/A,Senior Research Fellowship Clinical,Discovery Awards (or equivalent)
019445/Z/92/Z,Senior Research Fellowship Clinical,Discovery Awards (or equivalent)
019453/Z/89/Z,Senior Research Fellowship Clinical,Discovery Awards (or equivalent)
019453/Z/90/A,Senior Research Fellowship Clinical,Discovery Awards (or equivalent)
019453/Z/90/Z,Senior Research Fellowship Clinical,Discovery Awards (or equivalent)
019453/Z/91/A,Senior Research Fellowship Clinical,Discovery Awards (or equivalent)
019453/Z/91/B,Senior Research Fellowship Clinical,Discovery Awards (or equivalent)
019453/Z/91/C,Senior Research Fellowship Clinical,Discovery Awards (or equivalent)
019453/Z/91/Z,Senior Research Fellowship Clinical,Discovery Awards (or equivalent)
019453/Z/92/A,Senior Research Fellowship Clinical,Discovery Awards (or equivalent)
019453/Z/92/B,Senior Research Fellowship Clinical,Discovery Awards (or equivalent)
019453/Z/92/Z,Senior Research Fellowship Clinical,Discovery Awards (or equivalent)
019453/Z/93/A,Senior Research Fellowship Clinical,Discovery Awards (or equivalent)
019453/Z/93/B,Senior Research Fellowship Clinical,Discovery Awards (or equivalent)
019453/Z/93/D,Senior Research Fellowship Clinical Renewal,Discovery Awards (or equivalent)
019453/Z/93/Z,Senior Research Fellowship Clinical,Discovery Awards (or equivalent)
019453/Z/94/A,Senior Research Fellowship Clinical,Discovery Awards (or equivalent)
019453/Z/94/B,Senior Research Fellowship Clinical,Discovery Awards (or equivalent)
019453/Z/94/C,Senior Research Fellowship Clinical Renewal,Discovery Awards (or equivalent)
019453/Z/94/D,Senior Research Fellowship Clinical Renewal,Discovery Awards (or equivalent)
019453/Z/94/E,Senior Research Fellowship Clinical,Discovery Awards (or equivalent)
019453/Z/94/Z,Senior Research Fellowship Clinical Renewal,Discovery Awards (or equivalent)
019453/Z/95/C,Senior Research Fellowship Clinical Renewal,Discovery Awards (or equivalent)
019453/Z/96/C,Senior Research Fellowship Clinical Renewal,Discovery Awards (or equivalent)
019453/Z/96/D,Senior Research Fellowship Clinical Renewal,Discovery Awards (or equivalent)
019453/Z/96/E,Senior Research Fellowship Clinical,Discovery Awards (or equivalent)
019453/Z/97/C,Senior Research Fellowship Clinical Renewal,Discovery Awards (or equivalent)
019453/Z/98/C,Senior Research Fellowship Clinical Renewal,Discovery Awards (or equivalent)
019453/Z/99/C,Senior Research Fellowship Clinical Renewal,Discovery Awards (or equivalent)
019458/Z/89/Z,Senior Research Fellowship Clinical,Discovery Awards (or equivalent)
019458/Z/90/Z,Senior Research Fellowship Clinical,Discovery Awards (or equivalent)
019458/Z/91/A,Senior Research Fellowship Clinical,Discovery Awards (or equivalent)
019458/Z/91/Z,Senior Research Fellowship Clinical,Discovery Awards (or equivalent)
019458/Z/92/Z,Senior Research Fellowship Clinical,Discovery Awards (or equivalent)
019458/Z/93/A,Senior Research Fellowship Clinical Renewal,Discovery Awards (or equivalent)
019458/Z/93/Z,Senior Research Fellowship Clinical,Discovery Awards (or equivalent)
019458/Z/94/A,Senior Research Fellowship Clinical Renewal,Discovery Awards (or equivalent)
019458/Z/94/B,Senior Research Fellowship Clinical,Discovery Awards (or equivalent)
019458/Z/94/Z,Senior Research Fellowship Clinical,Discovery Awards (or equivalent)
019458/Z/95/A,Senior Research Fellowship Clinical Renewal,Discovery Awards (or equivalent)
019458/Z/96/A,Residual Award,Other
019458/Z/97/A,Residual Award,Other
019458/Z/98/A,Residual Award,Other
019458/Z/99/A,Residual Award,Other
019458/Z/99/B,Programme Grant,Other
019460/Z/89/Z,Senior Research Fellowship Clinical,Discovery Awards (or equivalent)
019460/Z/90/Z,Senior Research Fellowship Clinical,Discovery Awards (or equivalent)
019460/Z/91/Z,Senior Research Fellowship Clinical,Discovery Awards (or equivalent)
019460/Z/92/A,Senior Research Fellowship Clinical,Discovery Awards (or equivalent)
019460/Z/92/Z,Senior Research Fellowship Clinical,Discovery Awards (or equivalent)
019460/Z/93/Z,Senior Research Fellowship Clinical,Discovery Awards (or equivalent)
019460/Z/94/A,Senior Research Fellowship Clinical,Discovery Awards (or equivalent)
019460/Z/94/Z,Senior Research Fellowship Clinical,Discovery Awards (or equivalent)
019460/Z/95/Z,Senior Research Fellowship Clinical,Discovery Awards (or equivalent)
019460/Z/96/Z,Senior Research Fellowship Clinical,Discovery Awards (or equivalent)
019461/Z/89/Z,Senior Research Fellowship Clinical,Discovery Awards (or equivalent)
019461/Z/90/Z,Senior Research Fellowship Clinical,Discovery Awards (or equivalent)
019461/Z/91/A,Senior Research Fellowship Clinical,Discovery Awards (or equivalent)
019461/Z/91/Z,Senior Research Fellowship Clinical,Discovery Awards (or equivalent)
019461/Z/92/A,Senior Research Fellowship Clinical,Discovery Awards (or equivalent)
019461/Z/92/Z,Senior Research Fellowship Clinical,Discovery Awards (or equivalent)
019461/Z/93/A,Senior Research Fellowship Clinical,Discovery Awards (or equivalent)
019461/Z/93/Z,Senior Research Fellowship Clinical,Discovery Awards (or equivalent)
019461/Z/94/A,Senior Research Fellowship Clinical,Discovery Awards (or equivalent)
019461/Z/94/B,Senior Research Fellowship Clinical Renewal,Discovery Awards (or equivalent)
019461/Z/94/Z,Senior Research Fellowship Clinical,Discovery Awards (or equivalent)
019461/Z/95/B,Senior Research Fellowship Clinical Renewal,Discovery Awards (or equivalent)
019461/Z/96/B,Senior Research Fellowship Clinical Renewal,Discovery Awards (or equivalent)
019461/Z/97/B,Senior Research Fellowship Clinical Renewal,Discovery Awards (or equivalent)
019461/Z/98/B,Senior Research Fellowship Clinical Renewal,Discovery Awards (or equivalent)
019461/Z/99/B,Senior Research Fellowship Clinical Renewal,Discovery Awards (or equivalent)
019496/Z/90/Z,Senior Research Fellowship Basic,Discovery Awards (or equivalent)
019496/Z/91/Z,Senior Research Fellowship Basic,Discovery Awards (or equivalent)
019496/Z/92/Z,Senior Research Fellowship Basic,Discovery Awards (or equivalent)
019496/Z/93/Z,Senior Research Fellowship Basic,Discovery Awards (or equivalent)
019496/Z/94/Z,Senior Research Fellowship Basic,Discovery Awards (or equivalent)
019500/Z/90/Z,Senior Research Fellowship Basic,Discovery Awards (or equivalent)
019500/Z/91/A,Senior Research Fellowship Basic,Discovery Awards (or equivalent)
019500/Z/91/Z,Senior Research Fellowship Basic,Discovery Awards (or equivalent)
019500/Z/92/A,Senior Research Fellowship Basic,Discovery Awards (or equivalent)
019500/Z/92/Z,Senior Research Fellowship Basic,Discovery Awards (or equivalent)
019500/Z/93/A,Senior Research Fellowship Basic,Discovery Awards (or equivalent)
019500/Z/93/B,Senior Research Fellowship Basic,Discovery Awards (or equivalent)
019500/Z/93/Z,Senior Research Fellowship Basic,Discovery Awards (or equivalent)
019500/Z/94/A,Senior Research Fellowship Basic,Discovery Awards (or equivalent)
019500/Z/94/B,Senior Research Fellowship Basic,Discovery Awards (or equivalent)
019500/Z/94/Z,Senior Research Fellowship Basic,Discovery Awards (or equivalent)
019500/Z/95/A,Senior Research Fellowship Basic,Discovery Awards (or equivalent)
019500/Z/95/B,Senior Research Fellowship Basic,Discovery Awards (or equivalent)
019500/Z/96/B,Residual Award,Other
019506/Z/89/Z,Senior Research Fellowship Basic,Discovery Awards (or equivalent)
019506/Z/90/Z,Senior Research Fellowship Basic,Discovery Awards (or equivalent)
019506/Z/91/Z,Senior Research Fellowship Basic,Discovery Awards (or equivalent)
019506/Z/92/Z,Senior Research Fellowship Basic,Discovery Awards (or equivalent)
019506/Z/93/A,Senior Research Fellowship Basic,Discovery Awards (or equivalent)
019506/Z/93/Z,Senior Research Fellowship Basic,Discovery Awards (or equivalent)
019506/Z/94/A,Senior Research Fellowship Basic,Discovery Awards (or equivalent)
019506/Z/94/B,Senior Research Fellowship Basic Renewal,Discovery Awards (or equivalent)
019506/Z/94/Z,Senior Research Fellowship Basic,Discovery Awards (or equivalent)
019506/Z/95/B,Senior Research Fellowship Basic Renewal,Discovery Awards (or equivalent)
019506/Z/95/C,Senior Research Fellowship Basic,Discovery Awards (or equivalent)
019506/Z/96/B,Senior Research Fellowship Basic Renewal,Discovery Awards (or equivalent)
019506/Z/97/B,Senior Research Fellowship Basic Renewal,Discovery Awards (or equivalent)
019506/Z/98/B,Senior Research Fellowship Basic Renewal,Discovery Awards (or equivalent)
019506/Z/99/B,Senior Research Fellowship Basic Renewal,Discovery Awards (or equivalent)
019508/Z/89/Z,Senior Research Fellowship Basic,Discovery Awards (or equivalent)
019508/Z/90/A,Senior Research Fellowship Basic,Discovery Awards (or equivalent)
019508/Z/90/Z,Senior Research Fellowship Basic,Discovery Awards (or equivalent)
019508/Z/91/A,Senior Research Fellowship Basic,Discovery Awards (or equivalent)
019508/Z/91/Z,Senior Research Fellowship Basic,Discovery Awards (or equivalent)
019508/Z/92/A,Senior Research Fellowship Basic,Discovery Awards (or equivalent)
019508/Z/92/B,Senior Research Fellowship Basic,Discovery Awards (or equivalent)
019508/Z/92/Z,Senior Research Fellowship Basic,Discovery Awards (or equivalent)
019508/Z/93/A,Senior Research Fellowship Basic,Discovery Awards (or equivalent)
019508/Z/93/Z,Senior Research Fellowship Basic,Discovery Awards (or equivalent)
019508/Z/94/A,Senior Research Fellowship Basic,Discovery Awards (or equivalent)
019508/Z/94/B,Senior Research Fellowship Basic,Discovery Awards (or equivalent)
019508/Z/94/C,Senior Research Fellowship Basic,Discovery Awards (or equivalent)
019508/Z/94/Z,Senior Research Fellowship Basic,Discovery Awards (or equivalent)
019508/Z/95/C,Senior Research Fellowship Basic,Discovery Awards (or equivalent)
019508/Z/96/C,Residual Award,Other
019508/Z/97/C,Residual Award,Other
019508/Z/98/C,Residual Award,Other
019508/Z/99/C,Residual Award,Other
019512/Z/89/Z,Senior Research Fellowship Basic,Discovery Awards (or equivalent)
019512/Z/90/Z,Senior Research Fellowship Basic,Discovery Awards (or equivalent)
019512/Z/91/A,Senior Research Fellowship Basic,Discovery Awards (or equivalent)
019512/Z/91/Z,Senior Research Fellowship Basic,Discovery Awards (or equivalent)
019512/Z/92/A,Senior Research Fellowship Basic,Discovery Awards (or equivalent)
019512/Z/92/Z,Senior Research Fellowship Basic,Discovery Awards (or equivalent)
019512/Z/93/A,Senior Research Fellowship Basic,Discovery Awards (or equivalent)
019512/Z/93/Z,Senior Research Fellowship Basic,Discovery Awards (or equivalent)
019512/Z/94/A,Senior Research Fellowship Basic,Discovery Awards (or equivalent)
019512/Z/94/B,Senior Research Fellowship Basic Renewal,Discovery Awards (or equivalent)
019512/Z/94/C,Senior Research Fellowship Basic,Discovery Awards (or equivalent)
019512/Z/94/Z,Senior Research Fellowship Basic,Discovery Awards (or equivalent)
019512/Z/95/B,Senior Research Fellowship Basic Renewal,Discovery Awards (or equivalent)
019512/Z/96/B,Senior Research Fellowship Basic Renewal,Discovery Awards (or equivalent)
019512/Z/96/C,Senior Research Fellowship Basic,Discovery Awards (or equivalent)
019512/Z/96/D,Senior Research Fellowship Basic Renewal,Discovery Awards (or equivalent)
019512/Z/97/B,Senior Research Fellowship Basic Renewal,Discovery Awards (or equivalent)
019512/Z/98/B,Senior Research Fellowship Basic Renewal,Discovery Awards (or equivalent)
019512/Z/99/B,Senior Research Fellowship Basic Renewal,Discovery Awards (or equivalent)
019532/Z/91/A,Senior Research Fellowship Clinical,Discovery Awards (or equivalent)
019532/Z/91/Z,Senior Research Fellowship Clinical,Discovery Awards (or equivalent)
019532/Z/92/Z,Senior Research Fellowship Clinical,Discovery Awards (or equivalent)
019532/Z/93/A,Senior Research Fellowship Clinical,Discovery Awards (or equivalent)
019532/Z/93/Z,Senior Research Fellowship Clinical,Discovery Awards (or equivalent)
019532/Z/94/A,Senior Research Fellowship Clinical,Discovery Awards (or equivalent)
019532/Z/94/Z,Senior Research Fellowship Clinical,Discovery Awards (or equivalent)
019532/Z/95/A,Senior Research Fellowship Clinical,Discovery Awards (or equivalent)
019532/Z/95/B,Senior Research Fellowship Clinical,Discovery Awards (or equivalent)
019532/Z/95/Z,Senior Research Fellowship Clinical,Discovery Awards (or equivalent)
019532/Z/96/A,Senior Research Fellowship Clinical,Discovery Awards (or equivalent)
019532/Z/96/B,Senior Research Fellowship Clinical,Discovery Awards (or equivalent)
019532/Z/96/Z,Senior Research Fellowship Clinical,Discovery Awards (or equivalent)
019536/Z/89/Z,Senior Research Fellowship Basic,Discovery Awards (or equivalent)
019536/Z/90/Z,Senior Research Fellowship Basic,Discovery Awards (or equivalent)
019536/Z/91/A,Senior Research Fellowship Basic,Discovery Awards (or equivalent)
019536/Z/91/Z,Senior Research Fellowship Basic,Discovery Awards (or equivalent)
019536/Z/92/Z,Senior Research Fellowship Basic,Discovery Awards (or equivalent)
019536/Z/93/Z,Senior Research Fellowship Basic,Discovery Awards (or equivalent)
019536/Z/94/A,Senior Research Fellowship Basic Renewal,Discovery Awards (or equivalent)
019536/Z/94/Z,Senior Research Fellowship Basic,Discovery Awards (or equivalent)
019536/Z/95/A,Senior Research Fellowship Basic Renewal,Discovery Awards (or equivalent)
019536/Z/96/A,Senior Research Fellowship Basic Renewal,Discovery Awards (or equivalent)
019536/Z/96/B,Senior Research Fellowship Basic Renewal,Discovery Awards (or equivalent)
019536/Z/96/C,Senior Research Fellowship Basic,Discovery Awards (or equivalent)
019536/Z/97/A,Senior Research Fellowship Basic Renewal,Discovery Awards (or equivalent)
019536/Z/98/A,Senior Research Fellowship Basic Renewal,Discovery Awards (or equivalent)
019536/Z/99/A,Senior Research Fellowship Basic Renewal,Discovery Awards (or equivalent)
031259/Z/00/A,Senior Research Fellowship Basic Renewal,Discovery Awards (or equivalent)
031259/Z/01/A,Senior Research Fellowship Basic Renewal,Discovery Awards (or equivalent)
031259/Z/91/A,Senior Research Fellowship Basic,Discovery Awards (or equivalent)
031259/Z/91/Z,Senior Research Fellowship Basic,Discovery Awards (or equivalent)
031259/Z/92/A,Senior Research Fellowship Basic,Discovery Awards (or equivalent)
031259/Z/92/Z,Senior Research Fellowship Basic,Discovery Awards (or equivalent)
031259/Z/93/Z,Senior Research Fellowship Basic,Discovery Awards (or equivalent)
031259/Z/94/Z,Senior Research Fellowship Basic,Discovery Awards (or equivalent)
031259/Z/95/A,Senior Research Fellowship Basic Renewal,Discovery Awards (or equivalent)
031259/Z/95/Z,Senior Research Fellowship Basic,Discovery Awards (or equivalent)
031259/Z/96/A,Senior Research Fellowship Basic Renewal,Discovery Awards (or equivalent)
031259/Z/97/A,Senior Research Fellowship Basic Renewal,Discovery Awards (or equivalent)
031259/Z/98/A,Senior Research Fellowship Basic Renewal,Discovery Awards (or equivalent)
031259/Z/99/A,Senior Research Fellowship Basic Renewal,Discovery Awards (or equivalent)
031270/Z/90/Z,Senior Research Fellowship Basic,Discovery Awards (or equivalent)
031270/Z/91/A,Senior Research Fellowship Basic,Discovery Awards (or equivalent)
031270/Z/91/Z,Senior Research Fellowship Basic,Discovery Awards (or equivalent)
031270/Z/92/A,Senior Research Fellowship Basic,Discovery Awards (or equivalent)
031270/Z/92/Z,Senior Research Fellowship Basic,Discovery Awards (or equivalent)
031270/Z/93/A,Senior Research Fellowship Basic,Discovery Awards (or equivalent)
031270/Z/93/Z,Project Grant,Other
031270/Z/94/A,Senior Research Fellowship Basic,Discovery Awards (or equivalent)
031270/Z/94/Z,Project Grant,Other
031301/Z/00/A,Senior Research Fellowship Basic,Discovery Awards (or equivalent)
031301/Z/90/Z,Senior Research Fellowship Basic,Discovery Awards (or equivalent)
031301/Z/91/Z,Senior Research Fellowship Basic,Discovery Awards (or equivalent)
031301/Z/92/A,Senior Research Fellowship Basic,Discovery Awards (or equivalent)
031301/Z/92/Z,Senior Research Fellowship Basic,Discovery Awards (or equivalent)
031301/Z/93/Z,Senior Research Fellowship Basic,Discovery Awards (or equivalent)
031301/Z/94/B,Senior Research Fellowship Basic,Discovery Awards (or equivalent)
031301/Z/94/Z,Senior Research Fellowship Basic,Discovery Awards (or equivalent)
031301/Z/95/B,Senior Research Fellowship Basic,Discovery Awards (or equivalent)
031301/Z/95/Z,Senior Research Fellowship Basic,Discovery Awards (or equivalent)
031301/Z/96/A,Senior Research Fellowship Basic Renewal,Discovery Awards (or equivalent)
031301/Z/96/B,Senior Research Fellowship Basic,Discovery Awards (or equivalent)
031301/Z/97/A,Senior Research Fellowship Basic Renewal,Discovery Awards (or equivalent)
031301/Z/98/A,Senior Research Fellowship Basic Renewal,Discovery Awards (or equivalent)
031301/Z/99/A,Senior Research Fellowship Basic Renewal,Discovery Awards (or equivalent)
031303/Z/00/B,University Award,Other
031303/Z/90/Z,Senior Research Fellowship Basic,Discovery Awards (or equivalent)
031303/Z/91/Z,Senior Research Fellowship Basic,Discovery Awards (or equivalent)
031303/Z/92/Z,Senior Research Fellowship Basic,Discovery Awards (or equivalent)
031303/Z/93/A,Senior Research Fellowship Basic,Discovery Awards (or equivalent)
031303/Z/93/Z,Senior Research Fellowship Basic,Discovery Awards (or equivalent)
031303/Z/94/A,Senior Research Fellowship Basic,Discovery Awards (or equivalent)
031303/Z/94/Z,Senior Research Fellowship Basic,Discovery Awards (or equivalent)
031303/Z/95/A,Senior Research Fellowship Basic,Discovery Awards (or equivalent)
031303/Z/95/B,University Award,Other
031303/Z/95/Z,Senior Research Fellowship Basic,Discovery Awards (or equivalent)
031303/Z/96/B,University Award,Other
031303/Z/96/C,University Award,Other
031303/Z/97/B,University Award,Other
031303/Z/98/B,University Award,Other
031303/Z/99/B,University Award,Other
031306/Z/90/Z,Senior Research Fellowship Basic,Discovery Awards (or equivalent)
031306/Z/91/Z,Senior Research Fellowship Basic,Discovery Awards (or equivalent)
031306/Z/92/Z,Senior Research Fellowship Basic,Discovery Awards (or equivalent)
031306/Z/93/A,Project Grant,Other
031306/Z/93/Z,Project Grant,Other
031306/Z/94/Z,Project Grant,Other
031306/Z/95/Z,Project Grant,Other
031314/Z/91/A,Senior Research Fellowship Basic,Discovery Awards (or equivalent)
031314/Z/91/Z,Senior Research Fellowship Basic,Discovery Awards (or equivalent)
031314/Z/92/A,Senior Research Fellowship Basic,Discovery Awards (or equivalent)
031314/Z/92/Z,Senior Research Fellowship Basic,Discovery Awards (or equivalent)
031314/Z/93/Z,Senior Research Fellowship Basic,Discovery Awards (or equivalent)
031314/Z/94/Z,Senior Research Fellowship Basic,Discovery Awards (or equivalent)
031314/Z/95/A,Senior Research Fellowship Basic Renewal,Discovery Awards (or equivalent)
031314/Z/95/Z,Senior Research Fellowship Basic,Discovery Awards (or equivalent)
031314/Z/96/Z,Senior Research Fellowship Basic,Discovery Awards (or equivalent)
031315/Z/00/B,Senior Research Fellowship Basic Renewal,Discovery Awards (or equivalent)
031315/Z/01/B,Senior Research Fellowship Basic Renewal,Discovery Awards (or equivalent)
031315/Z/91/Z,Senior Research Fellowship Basic,Discovery Awards (or equivalent)
031315/Z/92/A,Senior Research Fellowship Basic,Discovery Awards (or equivalent)
031315/Z/92/Z,Senior Research Fellowship Basic,Discovery Awards (or equivalent)
031315/Z/93/A,Senior Research Fellowship Basic,Discovery Awards (or equivalent)
031315/Z/93/Z,Senior Research Fellowship Basic,Discovery Awards (or equivalent)
031315/Z/94/A,Senior Research Fellowship Basic,Discovery Awards (or equivalent)
031315/Z/94/Z,Senior Research Fellowship Basic,Discovery Awards (or equivalent)
031315/Z/95/A,Senior Research Fellowship Basic,Discovery Awards (or equivalent)
031315/Z/95/Z,Senior Research Fellowship Basic,Discovery Awards (or equivalent)
031315/Z/96/A,Senior Research Fellowship Basic,Discovery Awards (or equivalent)
031315/Z/96/B,Senior Research Fellowship Basic Renewal,Discovery Awards (or equivalent)
031315/Z/96/C,Senior Research Fellowship Basic,Discovery Awards (or equivalent)
031315/Z/96/D,Senior Research Fellowship Basic Renewal,Discovery Awards (or equivalent)
031315/Z/96/Z,Senior Research Fellowship Basic,Discovery Awards (or equivalent)
031315/Z/97/B,Senior Research Fellowship Basic Renewal,Discovery Awards (or equivalent)
031315/Z/98/B,Senior Research Fellowship Basic Renewal,Discovery Awards (or equivalent)
031315/Z/99/B,Senior Research Fellowship Basic Renewal,Discovery Awards (or equivalent)
031316/Z/00/B,Senior Research Fellowship Basic Renewal,Discovery Awards (or equivalent)
031316/Z/01/B,Senior Research Fellowship Basic Renewal,Discovery Awards (or equivalent)
031316/Z/91/Z,Senior Research Fellowship Basic,Discovery Awards (or equivalent)
031316/Z/92/Z,Senior Research Fellowship Basic,Discovery Awards (or equivalent)
031316/Z/93/A,Senior Research Fellowship Basic,Discovery Awards (or equivalent)
031316/Z/93/Z,Senior Research Fellowship Basic,Discovery Awards (or equivalent)
031316/Z/94/A,Senior Research Fellowship Basic,Discovery Awards (or equivalent)
031316/Z/94/Z,Senior Research Fellowship Basic,Discovery Awards (or equivalent)
031316/Z/95/A,Senior Research Fellowship Basic,Discovery Awards (or equivalent)
031316/Z/95/Z,Senior Research Fellowship Basic,Discovery Awards (or equivalent)
031316/Z/96/A,Senior Research Fellowship Basic,Discovery Awards (or equivalent)
031316/Z/96/B,Senior Research Fellowship Basic Renewal,Discovery Awards (or equivalent)
031316/Z/96/D,Senior Research Fellowship Basic Renewal,Discovery Awards (or equivalent)
031316/Z/96/Z,Senior Research Fellowship Basic,Discovery Awards (or equivalent)
031316/Z/97/B,Senior Research Fellowship Basic Renewal,Discovery Awards (or equivalent)
031316/Z/98/B,Senior Research Fellowship Basic Renewal,Discovery Awards (or equivalent)
031316/Z/99/B,Senior Research Fellowship Basic Renewal,Discovery Awards (or equivalent)
031342/Z/00/B,Senior Research Fellowship Clinical Renewal,Discovery Awards (or equivalent)
031342/Z/90/Z,Senior Research Fellowship Clinical,Discovery Awards (or equivalent)
031342/Z/91/Z,Senior Research Fellowship Clinical,Discovery Awards (or equivalent)
031342/Z/92/Z,Senior Research Fellowship Clinical,Discovery Awards (or equivalent)
031342/Z/93/Z,Senior Research Fellowship Clinical,Discovery Awards (or equivalent)
031342/Z/94/B,Senior Research Fellowship Clinical Renewal,Discovery Awards (or equivalent)
031342/Z/94/Z,Senior Research Fellowship Clinical,Discovery Awards (or equivalent)
031342/Z/95/B,Senior Research Fellowship Clinical Renewal,Discovery Awards (or equivalent)
031342/Z/95/Z,Senior Research Fellowship Clinical,Discovery Awards (or equivalent)
031342/Z/96/B,Senior Research Fellowship Clinical Renewal,Discovery Awards (or equivalent)
031342/Z/96/C,Senior Research Fellowship Clinical,Discovery Awards (or equivalent)
031342/Z/96/D,Senior Research Fellowship Clinical,Discovery Awards (or equivalent)
031342/Z/97/B,Senior Research Fellowship Clinical Renewal,Discovery Awards (or equivalent)
031342/Z/98/B,Senior Research Fellowship Clinical Renewal,Discovery Awards (or equivalent)
031342/Z/99/B,Senior Research Fellowship Clinical Renewal,Discovery Awards (or equivalent)
031349/Z/90/Z,Senior Research Fellowship Clinical,Discovery Awards (or equivalent)
031349/Z/91/Z,Senior Research Fellowship Clinical,Discovery Awards (or equivalent)
031349/Z/92/Z,Senior Research Fellowship Clinical,Discovery Awards (or equivalent)
031349/Z/93/Z,Project Grant,Other
031349/Z/94/Z,Senior Research Fellowship Clinical,Discovery Awards (or equivalent)
031349/Z/95/Z,Senior Research Fellowship Clinical,Discovery Awards (or equivalent)
031350/Z/91/Z,Senior Research Fellowship Clinical,Discovery Awards (or equivalent)
031350/Z/92/Z,Senior Research Fellowship Clinical,Discovery Awards (or equivalent)
031350/Z/93/A,Senior Research Fellowship Clinical,Discovery Awards (or equivalent)
031350/Z/93/Z,Senior Research Fellowship Clinical,Discovery Awards (or equivalent)
031350/Z/94/Z,Senior Research Fellowship Clinical,Discovery Awards (or equivalent)
031350/Z/95/A,Senior Research Fellowship Clinical,Discovery Awards (or equivalent)
031350/Z/95/B,Senior Research Fellowship Clinical Renewal,Discovery Awards (or equivalent)
031350/Z/95/Z,Senior Research Fellowship Clinical,Discovery Awards (or equivalent)
031350/Z/96/A,Senior Research Fellowship Clinical,Discovery Awards (or equivalent)
031350/Z/96/B,Senior Research Fellowship Clinical,Discovery Awards (or equivalent)
031350/Z/96/C,Senior Research Fellowship Clinical,Discovery Awards (or equivalent)
031350/Z/96/Z,Senior Research Fellowship Clinical,Discovery Awards (or equivalent)
031358/Z/91/A,Senior Research Fellowship Clinical,Discovery Awards (or equivalent)
031358/Z/91/Z,Senior Research Fellowship Clinical,Discovery Awards (or equivalent)
031358/Z/92/A,Senior Research Fellowship Clinical,Discovery Awards (or equivalent)
031358/Z/92/Z,Senior Research Fellowship Clinical,Discovery Awards (or equivalent)
031358/Z/93/Z,Senior Research Fellowship Clinical,Discovery Awards (or equivalent)
031358/Z/94/Z,Senior Research Fellowship Clinical,Discovery Awards (or equivalent)
031358/Z/95/Z,Senior Research Fellowship Clinical,Discovery Awards (or equivalent)
031359/Z/00/C,Senior Research Fellowship Clinical Renewal,Discovery Awards (or equivalent)
031359/Z/90/Z,Senior Research Fellowship Clinical,Discovery Awards (or equivalent)
031359/Z/91/A,Senior Research Fellowship Clinical,Discovery Awards (or equivalent)
031359/Z/91/B,Senior Research Fellowship Clinical,Discovery Awards (or equivalent)
031359/Z/91/Z,Senior Research Fellowship Clinical,Discovery Awards (or equivalent)
031359/Z/92/A,Senior Research Fellowship Clinical,Discovery Awards (or equivalent)
031359/Z/92/B,Senior Research Fellowship Clinical,Discovery Awards (or equivalent)
031359/Z/92/C,Senior Research Fellowship Clinical,Discovery Awards (or equivalent)
031359/Z/92/Z,Senior Research Fellowship Clinical,Discovery Awards (or equivalent)
031359/Z/93/A,Senior Research Fellowship Clinical,Discovery Awards (or equivalent)
031359/Z/93/C,Senior Research Fellowship Clinical,Discovery Awards (or equivalent)
031359/Z/93/D,Senior Research Fellowship Clinical,Discovery Awards (or equivalent)
031359/Z/93/Z,Senior Research Fellowship Clinical,Discovery Awards (or equivalent)
031359/Z/94/A,Senior Research Fellowship Clinical,Discovery Awards (or equivalent)
031359/Z/94/B,Senior Research Fellowship Clinical,Discovery Awards (or equivalent)
031359/Z/94/Z,Senior Research Fellowship Clinical,Discovery Awards (or equivalent)
031359/Z/95/A,Senior Research Fellowship Clinical,Discovery Awards (or equivalent)
031359/Z/95/B,Senior Research Fellowship Clinical,Discovery Awards (or equivalent)
031359/Z/95/C,Senior Research Fellowship Clinical Renewal,Discovery Awards (or equivalent)
031359/Z/95/Z,Senior Research Fellowship Clinical,Discovery Awards (or equivalent)
031359/Z/96/C,Senior Research Fellowship Clinical Renewal,Discovery Awards (or equivalent)
031359/Z/96/D,Senior Research Fellowship Clinical,Discovery Awards (or equivalent)
031359/Z/96/E,Senior Research Fellowship Clinical,Discovery Awards (or equivalent)
031359/Z/96/F,Senior Research Fellowship Clinical,Discovery Awards (or equivalent)
031359/Z/96/G,Senior Research Fellowship Clinical,Discovery Awards (or equivalent)
031359/Z/97/C,Senior Research Fellowship Clinical Renewal,Discovery Awards (or equivalent)
031359/Z/98/C,Senior Research Fellowship Clinical Renewal,Discovery Awards (or equivalent)
031359/Z/99/C,Senior Research Fellowship Clinical Renewal,Discovery Awards (or equivalent)
033322/Z/91/Z,Senior Research Fellowship Basic,Discovery Awards (or equivalent)
033322/Z/92/Z,Senior Research Fellowship Basic,Discovery Awards (or equivalent)
033322/Z/93/A,Senior Research Fellowship Basic,Discovery Awards (or equivalent)
033322/Z/93/Z,Senior Research Fellowship Basic,Discovery Awards (or equivalent)
033322/Z/94/A,Senior Research Fellowship Basic,Discovery Awards (or equivalent)
033322/Z/94/Z,Senior Research Fellowship Basic,Discovery Awards (or equivalent)
033322/Z/95/A,Senior Research Fellowship Basic,Discovery Awards (or equivalent)
033322/Z/95/B,Senior Research Fellowship Basic Renewal,Discovery Awards (or equivalent)
033322/Z/95/Z,Senior Research Fellowship Basic,Discovery Awards (or equivalent)
033322/Z/96/A,Senior Research Fellowship Basic,Discovery Awards (or equivalent)
033322/Z/96/B,Senior Research Fellowship Basic Renewal,Discovery Awards (or equivalent)
033322/Z/96/C,Senior Research Fellowship Basic,Discovery Awards (or equivalent)
033322/Z/96/D,Programme Grant,Other
033322/Z/96/Z,Senior Research Fellowship Basic,Discovery Awards (or equivalent)
033323/Z/91/Z,Senior Research Fellowship Basic,Discovery Awards (or equivalent)
033323/Z/92/Z,Senior Research Fellowship Basic,Discovery Awards (or equivalent)
033323/Z/93/A,Senior Research Fellowship Basic,Discovery Awards (or equivalent)
033323/Z/93/B,Senior Research Fellowship Basic,Discovery Awards (or equivalent)
033323/Z/93/Z,Senior Research Fellowship Basic,Discovery Awards (or equivalent)
033323/Z/94/A,Senior Research Fellowship Basic,Discovery Awards (or equivalent)
033323/Z/94/Z,Senior Research Fellowship Basic,Discovery Awards (or equivalent)
033323/Z/95/A,Senior Research Fellowship Basic,Discovery Awards (or equivalent)
033323/Z/95/B,Senior Research Fellowship Basic,Discovery Awards (or equivalent)
033323/Z/95/C,Senior Research Fellowship Basic Renewal,Discovery Awards (or equivalent)
033323/Z/95/Z,Senior Research Fellowship Basic,Discovery Awards (or equivalent)
033323/Z/96/A,Senior Research Fellowship Basic,Discovery Awards (or equivalent)
033323/Z/96/B,Senior Research Fellowship Basic,Discovery Awards (or equivalent)
033323/Z/96/C,Senior Research Fellowship Basic Renewal,Discovery Awards (or equivalent)
033323/Z/96/Z,Senior Research Fellowship Basic,Discovery Awards (or equivalent)
033328/Z/91/Z,Senior Research Fellowship Basic,Discovery Awards (or equivalent)
033328/Z/92/A,Senior Research Fellowship Basic,Discovery Awards (or equivalent)
033328/Z/92/Z,Senior Research Fellowship Basic,Discovery Awards (or equivalent)
033328/Z/93/A,Senior Research Fellowship Basic,Discovery Awards (or equivalent)
033328/Z/93/Z,Senior Research Fellowship Basic,Discovery Awards (or equivalent)
033328/Z/94/A,Senior Research Fellowship Basic,Discovery Awards (or equivalent)
033328/Z/94/Z,Senior Research Fellowship Basic,Discovery Awards (or equivalent)
033328/Z/95/A,Senior Research Fellowship Basic,Discovery Awards (or equivalent)
033328/Z/95/Z,Senior Research Fellowship Basic,Discovery Awards (or equivalent)
033328/Z/96/A,Senior Research Fellowship Basic,Discovery Awards (or equivalent)
033328/Z/96/Z,Senior Research Fellowship Basic,Discovery Awards (or equivalent)
033340/Z/92/Z,Senior Research Fellowship Basic,Discovery Awards (or equivalent)
033340/Z/93/Z,Senior Research Fellowship Basic,Discovery Awards (or equivalent)
033340/Z/94/Z,Senior Research Fellowship Basic,Discovery Awards (or equivalent)
033340/Z/95/A,Senior Research Fellowship Basic,Discovery Awards (or equivalent)
033340/Z/95/B,Senior Research Fellowship Basic Renewal,Discovery Awards (or equivalent)
033340/Z/95/C,Senior Research Fellowship Basic,Discovery Awards (or equivalent)
033340/Z/95/Z,Senior Research Fellowship Basic,Discovery Awards (or equivalent)
033340/Z/96/A,Senior Research Fellowship Basic,Discovery Awards (or equivalent)
033340/Z/96/Z,Senior Research Fellowship Basic,Discovery Awards (or equivalent)
033340/Z/97/A,Senior Research Fellowship Basic,Discovery Awards (or equivalent)
033340/Z/97/B,Senior Research Fellowship Basic,Discovery Awards (or equivalent)
033340/Z/97/Z,Senior Research Fellowship Basic,Discovery Awards (or equivalent)
033372/Z/91/A,University Award in H&SS,Career Development (or equivalent)
033372/Z/91/Z,University Award in H&SS,Career Development (or equivalent)
033476/Z/92/Z,Senior Research Fellowship Basic,Discovery Awards (or equivalent)
033476/Z/93/Z,Senior Research Fellowship Basic,Discovery Awards (or equivalent)
033476/Z/94/Z,Senior Research Fellowship Basic,Discovery Awards (or equivalent)
033476/Z/95/A,Senior Research Fellowship Basic Renewal,Discovery Awards (or equivalent)
033476/Z/95/B,Senior Research Fellowship Basic Renewal,Discovery Awards (or equivalent)
033476/Z/95/C,Senior Research Fellowship Basic Renewal,Discovery Awards (or equivalent)
033476/Z/95/D,Senior Research Fellowship Basic,Discovery Awards (or equivalent)
033476/Z/95/Z,Senior Research Fellowship Basic,Discovery Awards (or equivalent)
033476/Z/96/A,Senior Research Fellowship Basic,Discovery Awards (or equivalent)
033476/Z/96/Z,Senior Research Fellowship Basic,Discovery Awards (or equivalent)
033476/Z/97/A,Senior Research Fellowship Basic,Discovery Awards (or equivalent)
033476/Z/97/Z,Senior Research Fellowship Basic,Discovery Awards (or equivalent)
033734/Z/92/Z,Senior Research Fellowship Clinical,Discovery Awards (or equivalent)
033734/Z/93/Z,Senior Research Fellowship Clinical,Discovery Awards (or equivalent)
033734/Z/94/Z,Senior Research Fellowship Clinical,Discovery Awards (or equivalent)
033734/Z/95/Z,Senior Research Fellowship Clinical,Discovery Awards (or equivalent)
033734/Z/96/A,Senior Research Fellowship Clinical Renewal,Discovery Awards (or equivalent)
033734/Z/96/B,Senior Research Fellowship Clinical,Discovery Awards (or equivalent)
033734/Z/96/C,Senior Research Fellowship Clinical,Discovery Awards (or equivalent)
033734/Z/96/D,Senior Research Fellowship Clinical,Discovery Awards (or equivalent)
033734/Z/96/E,Senior Research Fellowship Clinical,Discovery Awards (or equivalent)
033734/Z/96/F,Project Grant,Other
033734/Z/96/G,Project Grant,Other
033734/Z/96/Z,Senior Research Fellowship Clinical,Discovery Awards (or equivalent)
033742/Z/91/Z,Senior Research Fellowship Clinical,Discovery Awards (or equivalent)
033742/Z/92/Z,Senior Research Fellowship Clinical,Discovery Awards (or equivalent)
033742/Z/93/A,Senior Research Fellowship Clinical,Discovery Awards (or equivalent)
033742/Z/93/Z,Senior Research Fellowship Clinical,Discovery Awards (or equivalent)
033742/Z/94/A,Senior Research Fellowship Clinical,Discovery Awards (or equivalent)
033742/Z/94/Z,Senior Research Fellowship Clinical,Discovery Awards (or equivalent)
033742/Z/95/A,Senior Research Fellowship Clinical,Discovery Awards (or equivalent)
033742/Z/95/B,Senior Research Fellowship Clinical,Discovery Awards (or equivalent)
033742/Z/95/C,Senior Research Fellowship Clinical Renewal,Discovery Awards (or equivalent)
033742/Z/95/D,Senior Research Fellowship Clinical,Discovery Awards (or equivalent)
033742/Z/95/Z,Senior Research Fellowship Clinical,Discovery Awards (or equivalent)
033742/Z/96/A,Senior Research Fellowship Clinical,Discovery Awards (or equivalent)
033742/Z/96/B,Senior Research Fellowship Clinical,Discovery Awards (or equivalent)
033742/Z/96/C,Senior Research Fellowship Clinical,Discovery Awards (or equivalent)
033742/Z/96/Z,Senior Research Fellowship Clinical,Discovery Awards (or equivalent)
033748/Z/92/Z,Senior Research Fellowship Clinical,Discovery Awards (or equivalent)
033748/Z/93/Z,Senior Research Fellowship Clinical,Discovery Awards (or equivalent)
033748/Z/94/Z,Senior Research Fellowship Clinical,Discovery Awards (or equivalent)
033748/Z/95/A,Senior Research Fellowship Clinical,Discovery Awards (or equivalent)
033748/Z/95/B,Senior Research Fellowship Clinical Renewal,Discovery Awards (or equivalent)
033748/Z/95/Z,Senior Research Fellowship Clinical,Discovery Awards (or equivalent)
033748/Z/96/A,Senior Research Fellowship Clinical,Discovery Awards (or equivalent)
033748/Z/96/B,Senior Research Fellowship Clinical,Discovery Awards (or equivalent)
033748/Z/96/C,Senior Research Fellowship Clinical,Discovery Awards (or equivalent)
033748/Z/96/D,Senior Research Fellowship Clinical,Discovery Awards (or equivalent)
033748/Z/96/Z,Senior Research Fellowship Clinical,Discovery Awards (or equivalent)
033748/Z/97/A,Senior Research Fellowship Clinical,Discovery Awards (or equivalent)
033790/Z/92/A,Senior Research Fellowship Clinical,Discovery Awards (or equivalent)
033790/Z/92/Z,Senior Research Fellowship Clinical,Discovery Awards (or equivalent)
033790/Z/93/A,Senior Research Fellowship Clinical,Discovery Awards (or equivalent)
033790/Z/93/Z,Senior Research Fellowship Clinical,Discovery Awards (or equivalent)
033790/Z/94/A,Senior Research Fellowship Clinical,Discovery Awards (or equivalent)
033790/Z/94/B,Senior Research Fellowship Clinical,Discovery Awards (or equivalent)
033790/Z/94/Z,Senior Research Fellowship Clinical,Discovery Awards (or equivalent)
033790/Z/95/A,Senior Research Fellowship Clinical,Discovery Awards (or equivalent)
033790/Z/95/B,Senior Research Fellowship Clinical,Discovery Awards (or equivalent)
033790/Z/95/Z,Senior Research Fellowship Clinical,Discovery Awards (or equivalent)
033790/Z/96/A,Senior Research Fellowship Clinical,Discovery Awards (or equivalent)
033790/Z/96/B,Senior Research Fellowship Clinical Renewal,Discovery Awards (or equivalent)
033790/Z/96/Z,Senior Research Fellowship Clinical,Discovery Awards (or equivalent)
035510/Z/93/Z,Senior Research Fellowship Basic,Discovery Awards (or equivalent)
035510/Z/94/Z,Senior Research Fellowship Basic,Discovery Awards (or equivalent)
035510/Z/95/Z,Senior Research Fellowship Basic,Discovery Awards (or equivalent)
035510/Z/96/A,Senior Research Fellowship Basic,Discovery Awards (or equivalent)
035510/Z/96/B,Senior Research Fellowship Basic,Discovery Awards (or equivalent)
035510/Z/96/Z,Senior Research Fellowship Basic,Discovery Awards (or equivalent)
035510/Z/97/Z,Senior Research Fellowship Basic,Discovery Awards (or equivalent)
035511/Z/93/Z,Senior Research Fellowship Basic,Discovery Awards (or equivalent)
035511/Z/94/Z,Senior Research Fellowship Basic,Discovery Awards (or equivalent)
035511/Z/95/Z,Senior Research Fellowship Basic,Discovery Awards (or equivalent)
035511/Z/96/A,Senior Research Fellowship Basic,Discovery Awards (or equivalent)
035511/Z/96/B,Senior Research Fellowship Basic,Discovery Awards (or equivalent)
035511/Z/96/C,Senior Research Fellowship Basic,Discovery Awards (or equivalent)
035511/Z/96/Z,Senior Research Fellowship Basic,Discovery Awards (or equivalent)
035511/Z/97/Z,Senior Research Fellowship Basic,Discovery Awards (or equivalent)
035516/Z/93/Z,Senior Research Fellowship Basic,Discovery Awards (or equivalent)
035516/Z/94/B,Senior Research Fellowship Basic,Discovery Awards (or equivalent)
035516/Z/94/Z,Senior Research Fellowship Basic,Discovery Awards (or equivalent)
035516/Z/95/A,Senior Research Fellowship Basic,Discovery Awards (or equivalent)
035516/Z/95/Z,Senior Research Fellowship Basic,Discovery Awards (or equivalent)
035516/Z/96/A,Senior Research Fellowship Basic Renewal,Discovery Awards (or equivalent)
035516/Z/96/B,Senior Research Fellowship Basic,Discovery Awards (or equivalent)
035516/Z/96/Z,Senior Research Fellowship Basic,Discovery Awards (or equivalent)
035516/Z/97/Z,Senior Research Fellowship Basic,Discovery Awards (or equivalent)
035528/Z/92/Z,Senior Research Fellowship Basic,Discovery Awards (or equivalent)
035528/Z/93/Z,Senior Research Fellowship Basic,Discovery Awards (or equivalent)
035528/Z/94/Z,Senior Research Fellowship Basic,Discovery Awards (or equivalent)
035528/Z/95/A,Senior Research Fellowship Basic,Discovery Awards (or equivalent)
035528/Z/95/Z,Senior Research Fellowship Basic,Discovery Awards (or equivalent)
035528/Z/96/A,Senior Research Fellowship Basic,Discovery Awards (or equivalent)
035528/Z/96/Z,Senior Research Fellowship Basic,Discovery Awards (or equivalent)
035528/Z/97/Z,Senior Research Fellowship Basic,Discovery Awards (or equivalent)
035529/Z/93/Z,Senior Research Fellowship Basic,Discovery Awards (or equivalent)
035529/Z/94/Z,Senior Research Fellowship Basic,Discovery Awards (or equivalent)
035529/Z/95/Z,Senior Research Fellowship Basic,Discovery Awards (or equivalent)
035529/Z/96/A,Senior Research Fellowship Basic Renewal,Discovery Awards (or equivalent)
035529/Z/96/Z,Senior Research Fellowship Basic,Discovery Awards (or equivalent)
035529/Z/97/Z,Senior Research Fellowship Basic,Discovery Awards (or equivalent)
035535/Z/93/Z,Senior Research Fellowship Basic,Discovery Awards (or equivalent)
035535/Z/94/Z,Senior Research Fellowship Basic,Discovery Awards (or equivalent)
035535/Z/95/Z,Senior Research Fellowship Basic,Discovery Awards (or equivalent)
035535/Z/96/A,Senior Research Fellowship Basic,Discovery Awards (or equivalent)
035535/Z/96/B,Senior Research Fellowship Basic Renewal,Discovery Awards (or equivalent)
035535/Z/96/C,Senior Research Fellowship Basic Renewal,Discovery Awards (or equivalent)
035535/Z/96/D,Senior Research Fellowship Basic,Discovery Awards (or equivalent)
035535/Z/96/E,Senior Research Fellowship Basic,Discovery Awards (or equivalent)
035535/Z/96/F,Senior Research Fellowship Basic,Discovery Awards (or equivalent)
035535/Z/96/G,Senior Research Fellowship Basic,Discovery Awards (or equivalent)
035535/Z/96/Z,Senior Research Fellowship Basic,Discovery Awards (or equivalent)
035535/Z/97/A,Senior Research Fellowship Basic,Discovery Awards (or equivalent)
035535/Z/97/Z,Senior Research Fellowship Basic,Discovery Awards (or equivalent)
035627/Z/93/Z,Senior Research Fellowship Basic,Discovery Awards (or equivalent)
035627/Z/94/Z,Senior Research Fellowship Basic,Discovery Awards (or equivalent)
035627/Z/95/Z,Senior Research Fellowship Basic,Discovery Awards (or equivalent)
035627/Z/96/A,Senior Research Fellowship Basic,Discovery Awards (or equivalent)
035627/Z/96/B,Senior Research Fellowship Basic Renewal,Discovery Awards (or equivalent)
035627/Z/96/C,Senior Research Fellowship Basic,Discovery Awards (or equivalent)
035627/Z/96/D,Senior Research Fellowship Basic,Discovery Awards (or equivalent)
035627/Z/96/Z,Senior Research Fellowship Basic,Discovery Awards (or equivalent)
035627/Z/97/Z,Senior Research Fellowship Basic,Discovery Awards (or equivalent)
035643/Z/93/Z,Senior Research Fellowship Clinical,Discovery Awards (or equivalent)
035643/Z/94/Z,Senior Research Fellowship Clinical,Discovery Awards (or equivalent)
035643/Z/95/A,Senior Research Fellowship Clinical,Discovery Awards (or equivalent)
035643/Z/95/Z,Senior Research Fellowship Clinical,Discovery Awards (or equivalent)
035643/Z/96/Z,Senior Research Fellowship Clinical,Discovery Awards (or equivalent)
035643/Z/97/Z,Senior Research Fellowship Clinical,Discovery Awards (or equivalent)
035643/Z/98/Z,Senior Research Fellowship Clinical,Discovery Awards (or equivalent)
035649/Z/93/Z,Senior Research Fellowship Clinical,Discovery Awards (or equivalent)
035649/Z/94/Z,Senior Research Fellowship Clinical,Discovery Awards (or equivalent)
035649/Z/95/Z,Senior Research Fellowship Clinical,Discovery Awards (or equivalent)
035649/Z/96/A,Senior Research Fellowship Clinical,Discovery Awards (or equivalent)
035649/Z/96/Z,Senior Research Fellowship Clinical,Discovery Awards (or equivalent)
035649/Z/97/Z,Senior Research Fellowship Clinical,Discovery Awards (or equivalent)
035659/Z/93/Z,Senior Research Fellowship Clinical,Discovery Awards (or equivalent)
035659/Z/94/Z,Senior Research Fellowship Clinical,Discovery Awards (or equivalent)
035659/Z/95/Z,Senior Research Fellowship Clinical,Discovery Awards (or equivalent)
035659/Z/96/Z,Residual Award,Other
035659/Z/97/Z,Senior Research Fellowship Clinical,Discovery Awards (or equivalent)
035662/Z/93/Z,Senior Research Fellowship Clinical,Discovery Awards (or equivalent)
035662/Z/94/Z,Senior Research Fellowship Clinical,Discovery Awards (or equivalent)
035662/Z/95/Z,Senior Research Fellowship Clinical,Discovery Awards (or equivalent)
035662/Z/96/A,Senior Research Fellowship Clinical,Discovery Awards (or equivalent)
035662/Z/96/B,Senior Research Fellowship Clinical Renewal,Discovery Awards (or equivalent)
035662/Z/96/Z,Senior Research Fellowship Clinical,Discovery Awards (or equivalent)
035662/Z/97/Z,Senior Research Fellowship Clinical,Discovery Awards (or equivalent)
036013/Z/93/Z,Senior Research Fellowship Clinical,Discovery Awards (or equivalent)
036013/Z/94/Z,Senior Research Fellowship Clinical,Discovery Awards (or equivalent)
036013/Z/95/A,Senior Research Fellowship Clinical,Discovery Awards (or equivalent)
036013/Z/95/Z,Senior Research Fellowship Clinical,Discovery Awards (or equivalent)
036013/Z/96/A,Senior Research Fellowship Clinical,Discovery Awards (or equivalent)
036013/Z/96/B,Senior Research Fellowship Clinical,Discovery Awards (or equivalent)
036013/Z/96/Z,Senior Research Fellowship Clinical,Discovery Awards (or equivalent)
036013/Z/97/Z,Senior Research Fellowship Clinical,Discovery Awards (or equivalent)
037293/Z/93/Z,University Award in H&SS,Career Development (or equivalent)
037293/Z/94/Z,University Award in H&SS,Career Development (or equivalent)
037293/Z/95/Z,University Award in H&SS,Career Development (or equivalent)
037293/Z/96/Z,University Award in H&SS,Career Development (or equivalent)
037293/Z/97/Z,University Award in H&SS,Career Development (or equivalent)
037293/Z/98/Z,University Award in H&SS,Career Development (or equivalent)
037846/Z/93/A,University Award in H&SS,Career Development (or equivalent)
037846/Z/93/Z,University Award in H&SS,Career Development (or equivalent)
037892/Z/94/Z,Senior Research Fellowship Basic,Discovery Awards (or equivalent)
037892/Z/95/Z,Senior Research Fellowship Basic,Discovery Awards (or equivalent)
037892/Z/96/A,Senior Research Fellowship Basic,Discovery Awards (or equivalent)
037892/Z/96/B,Senior Research Fellowship Basic,Discovery Awards (or equivalent)
037892/Z/96/Z,Senior Research Fellowship Basic,Discovery Awards (or equivalent)
037892/Z/97/Z,Senior Research Fellowship Basic,Discovery Awards (or equivalent)
037892/Z/98/Z,Senior Research Fellowship Basic,Discovery Awards (or equivalent)
038073/Z/93/B,Senior Research Fellowship Basic,Discovery Awards (or equivalent)
038073/Z/93/Z,Senior Research Fellowship Basic,Discovery Awards (or equivalent)
038079/Z/94/Z,Senior Research Fellowship Basic,Discovery Awards (or equivalent)
038079/Z/95/A,Senior Research Fellowship Basic,Discovery Awards (or equivalent)
038079/Z/95/Z,Senior Research Fellowship Basic,Discovery Awards (or equivalent)
038079/Z/96/A,Senior Research Fellowship Basic,Discovery Awards (or equivalent)
038079/Z/96/B,Senior Research Fellowship Basic Renewal,Discovery Awards (or equivalent)
038079/Z/96/Z,Senior Research Fellowship Basic,Discovery Awards (or equivalent)
038079/Z/97/A,Senior Research Fellowship Basic,Discovery Awards (or equivalent)
038079/Z/97/Z,Senior Research Fellowship Basic,Discovery Awards (or equivalent)
038079/Z/98/A,Senior Research Fellowship Basic,Discovery Awards (or equivalent)
038079/Z/98/Z,Senior Research Fellowship Basic,Discovery Awards (or equivalent)
038079/Z/99/A,Senior Research Fellowship Basic,Discovery Awards (or equivalent)
038079/Z/99/Z,Senior Research Fellowship Basic,Discovery Awards (or equivalent)
038080/Z/94/Z,Senior Research Fellowship Basic,Discovery Awards (or equivalent)
038080/Z/95/Z,Senior Research Fellowship Basic,Discovery Awards (or equivalent)
038080/Z/96/A,Senior Research Fellowship Basic,Discovery Awards (or equivalent)
038080/Z/96/Z,Senior Research Fellowship Basic,Discovery Awards (or equivalent)
038080/Z/97/Z,Senior Research Fellowship Basic,Discovery Awards (or equivalent)
038080/Z/98/Z,Senior Research Fellowship Basic,Discovery Awards (or equivalent)
038080/Z/99/Z,Senior Research Fellowship Basic,Discovery Awards (or equivalent)
038167/Z/93/A,Senior Research Fellowship Basic,Discovery Awards (or equivalent)
038167/Z/93/Z,Senior Research Fellowship Basic,Discovery Awards (or equivalent)
038167/Z/94/Z,Senior Research Fellowship Basic,Discovery Awards (or equivalent)
038167/Z/95/Z,Senior Research Fellowship Basic,Discovery Awards (or equivalent)
038167/Z/96/A,Senior Research Fellowship Basic Renewal,Discovery Awards (or equivalent)
038167/Z/96/B,Senior Research Fellowship Basic,Discovery Awards (or equivalent)
038167/Z/96/Z,Senior Research Fellowship Basic,Discovery Awards (or equivalent)
038167/Z/97/Z,Senior Research Fellowship Basic,Discovery Awards (or equivalent)
038167/Z/98/Z,Senior Research Fellowship Basic,Discovery Awards (or equivalent)
038168/Z/93/A,Senior Research Fellowship Basic,Discovery Awards (or equivalent)
038168/Z/93/Z,Senior Research Fellowship Basic,Discovery Awards (or equivalent)
038168/Z/94/A,Senior Research Fellowship Basic,Discovery Awards (or equivalent)
038168/Z/94/Z,Senior Research Fellowship Basic,Discovery Awards (or equivalent)
038168/Z/95/A,Senior Research Fellowship Basic,Discovery Awards (or equivalent)
038168/Z/95/Z,Senior Research Fellowship Basic,Discovery Awards (or equivalent)
038168/Z/96/A,Senior Research Fellowship Basic,Discovery Awards (or equivalent)
038168/Z/96/B,Senior Research Fellowship Basic,Discovery Awards (or equivalent)
038168/Z/96/C,Senior Research Fellowship Basic Renewal,Discovery Awards (or equivalent)
038168/Z/96/D,Senior Research Fellowship Basic,Discovery Awards (or equivalent)
038168/Z/96/Z,Senior Research Fellowship Basic,Discovery Awards (or equivalent)
038168/Z/97/A,Senior Research Fellowship Basic,Discovery Awards (or equivalent)
038168/Z/97/Z,Senior Research Fellowship Basic,Discovery Awards (or equivalent)
038168/Z/98/A,Senior Research Fellowship Basic,Discovery Awards (or equivalent)
038168/Z/98/Z,Senior Research Fellowship Basic,Discovery Awards (or equivalent)
038169/Z/93/Z,Senior Research Fellowship Basic,Discovery Awards (or equivalent)
038169/Z/94/Z,Senior Research Fellowship Basic,Discovery Awards (or equivalent)
038169/Z/95/Z,Senior Research Fellowship Basic,Discovery Awards (or equivalent)
038169/Z/96/A,Project Grant,Other
038169/Z/96/B,Project Grant,Other
038169/Z/96/Z,Senior Research Fellowship Basic,Discovery Awards (or equivalent)
038169/Z/97/Z,Senior Research Fellowship Basic,Discovery Awards (or equivalent)
038169/Z/98/Z,Senior Research Fellowship Basic,Discovery Awards (or equivalent)
038175/Z/94/Z,Senior Research Fellowship Basic,Discovery Awards (or equivalent)
038175/Z/95/A,Senior Research Fellowship Basic,Discovery Awards (or equivalent)
038175/Z/95/Z,Senior Research Fellowship Basic,Discovery Awards (or equivalent)
038175/Z/96/A,Senior Research Fellowship Basic,Discovery Awards (or equivalent)
038175/Z/96/B,Senior Research Fellowship Basic Renewal,Discovery Awards (or equivalent)
038175/Z/96/Z,Senior Research Fellowship Basic,Discovery Awards (or equivalent)
038175/Z/97/Z,Senior Research Fellowship Basic,Discovery Awards (or equivalent)
038175/Z/98/B,Senior Research Fellowship Basic,Discovery Awards (or equivalent)
038175/Z/98/Z,Senior Research Fellowship Basic,Discovery Awards (or equivalent)
038181/Z/93/A,Senior Research Fellowship Basic,Discovery Awards (or equivalent)
038181/Z/93/B,Senior Research Fellowship Basic Renewal,Discovery Awards (or equivalent)
038181/Z/93/C,Senior Research Fellowship Basic,Discovery Awards (or equivalent)
038181/Z/93/Z,Senior Research Fellowship Basic,Discovery Awards (or equivalent)
038232/Z/93/Z,Senior Research Fellowship Basic,Discovery Awards (or equivalent)
038232/Z/94/Z,Senior Research Fellowship Basic,Discovery Awards (or equivalent)
038232/Z/95/Z,Senior Research Fellowship Basic,Discovery Awards (or equivalent)
038232/Z/96/A,Senior Research Fellowship Basic,Discovery Awards (or equivalent)
038232/Z/96/Z,Senior Research Fellowship Basic,Discovery Awards (or equivalent)
038232/Z/97/Z,Senior Research Fellowship Basic,Discovery Awards (or equivalent)
038232/Z/98/Z,Senior Research Fellowship Basic,Discovery Awards (or equivalent)
038284/Z/94/A,Senior Research Fellowship Basic,Discovery Awards (or equivalent)
038284/Z/94/Z,Senior Research Fellowship Basic,Discovery Awards (or equivalent)
038284/Z/95/A,Senior Research Fellowship Basic,Discovery Awards (or equivalent)
038284/Z/95/B,Senior Research Fellowship Basic,Discovery Awards (or equivalent)
038284/Z/95/Z,Senior Research Fellowship Basic,Discovery Awards (or equivalent)
038284/Z/96/A,Senior Research Fellowship Basic,Discovery Awards (or equivalent)
038284/Z/96/B,Senior Research Fellowship Basic,Discovery Awards (or equivalent)
038284/Z/96/C,Senior Research Fellowship Basic,Discovery Awards (or equivalent)
038284/Z/96/D,Senior Research Fellowship Basic,Discovery Awards (or equivalent)
038284/Z/96/E,Senior Research Fellowship Basic Renewal,Discovery Awards (or equivalent)
038284/Z/96/Z,Senior Research Fellowship Basic,Discovery Awards (or equivalent)
038284/Z/97/A,Senior Research Fellowship Basic,Discovery Awards (or equivalent)
038284/Z/97/B,Senior Research Fellowship Basic,Discovery Awards (or equivalent)
038284/Z/97/Z,Senior Research Fellowship Basic,Discovery Awards (or equivalent)
038284/Z/98/A,Senior Research Fellowship Basic,Discovery Awards (or equivalent)
038284/Z/98/B,Senior Research Fellowship Basic,Discovery Awards (or equivalent)
038284/Z/98/Z,Senior Research Fellowship Basic,Discovery Awards (or equivalent)
038284/Z/99/A,Senior Research Fellowship Basic,Discovery Awards (or equivalent)
038284/Z/99/B,Senior Research Fellowship Basic,Discovery Awards (or equivalent)
038284/Z/99/Z,Senior Research Fellowship Basic,Discovery Awards (or equivalent)
038285/Z/94/A,Senior Research Fellowship Basic,Discovery Awards (or equivalent)
038285/Z/95/A,Senior Research Fellowship Basic,Discovery Awards (or equivalent)
038285/Z/95/B,Senior Research Fellowship Basic,Discovery Awards (or equivalent)
038285/Z/96/A,Senior Research Fellowship Basic,Discovery Awards (or equivalent)
038285/Z/96/B,Senior Research Fellowship Basic,Discovery Awards (or equivalent)
038285/Z/96/C,Senior Research Fellowship Basic Renewal,Discovery Awards (or equivalent)
038285/Z/96/D,Senior Research Fellowship Basic,Discovery Awards (or equivalent)
038285/Z/96/E,Senior Research Fellowship Basic,Discovery Awards (or equivalent)
038285/Z/97/A,Senior Research Fellowship Basic,Discovery Awards (or equivalent)
038285/Z/97/B,Senior Research Fellowship Basic,Discovery Awards (or equivalent)
038285/Z/98/A,Senior Research Fellowship Basic,Discovery Awards (or equivalent)
038285/Z/98/B,Senior Research Fellowship Basic,Discovery Awards (or equivalent)
038285/Z/99/A,Senior Research Fellowship Basic,Discovery Awards (or equivalent)
038285/Z/99/B,Senior Research Fellowship Basic,Discovery Awards (or equivalent)
038299/Z/94/Z,Senior Research Fellowship Clinical,Discovery Awards (or equivalent)
038299/Z/95/Z,Senior Research Fellowship Clinical,Discovery Awards (or equivalent)
038299/Z/96/A,Senior Research Fellowship Clinical,Discovery Awards (or equivalent)
038299/Z/96/Z,Senior Research Fellowship Clinical,Discovery Awards (or equivalent)
038299/Z/97/Z,Senior Research Fellowship Clinical,Discovery Awards (or equivalent)
038299/Z/98/Z,Senior Research Fellowship Clinical,Discovery Awards (or equivalent)
038299/Z/99/Z,Senior Research Fellowship Clinical,Discovery Awards (or equivalent)
038305/Z/94/Z,Senior Research Fellowship Clinical,Discovery Awards (or equivalent)
038305/Z/95/Z,Residual Award,Other
038305/Z/96/Z,Residual Award,Other
038329/Z/94/A,Senior Research Fellowship Basic,Discovery Awards (or equivalent)
038329/Z/94/Z,Senior Research Fellowship Basic,Discovery Awards (or equivalent)
038329/Z/95/Z,Senior Research Fellowship Basic,Discovery Awards (or equivalent)
038329/Z/96/Z,Senior Research Fellowship Basic,Discovery Awards (or equivalent)
038329/Z/97/Z,Senior Research Fellowship Basic,Discovery Awards (or equivalent)
038329/Z/98/Z,Senior Research Fellowship Basic,Discovery Awards (or equivalent)
038329/Z/99/Z,Senior Research Fellowship Basic,Discovery Awards (or equivalent)
038814/Z/95/Z,University Award in H&SS,Career Development (or equivalent)
038814/Z/96/Z,University Award in H&SS,Career Development (or equivalent)
038814/Z/97/Z,University Award in H&SS,Career Development (or equivalent)
038814/Z/98/Z,University Award in H&SS,Career Development (or equivalent)
038814/Z/99/Z,University Award in H&SS,Career Development (or equivalent)
038860/Z/94/Z,University Award in H&SS,Career Development (or equivalent)
038860/Z/95/Z,University Award in H&SS,Career Development (or equivalent)
038860/Z/96/Z,University Award in H&SS,Career Development (or equivalent)
038860/Z/97/Z,University Award in H&SS,Career Development (or equivalent)
038860/Z/98/Z,University Award in H&SS,Career Development (or equivalent)
038970/Z/94/A,University Award in H&SS,Career Development (or equivalent)
038970/Z/94/Z,University Award in H&SS,Career Development (or equivalent)
038970/Z/95/Z,University Award in H&SS,Career Development (or equivalent)
038970/Z/96/Z,University Award in H&SS,Career Development (or equivalent)
038970/Z/97/Z,University Award in H&SS,Career Development (or equivalent)
038970/Z/98/Z,University Award in H&SS,Career Development (or equivalent)
038970/Z/99/Z,University Award in H&SS,Career Development (or equivalent)
040175/Z/93/B,University Award in H&SS,Career Development (or equivalent)
040175/Z/94/A,University Award in H&SS,Career Development (or equivalent)
040175/Z/94/Z,University Award in H&SS,Career Development (or equivalent)
040175/Z/95/Z,University Award in H&SS,Career Development (or equivalent)
040175/Z/96/Z,University Award in H&SS,Career Development (or equivalent)
040175/Z/97/Z,University Award in H&SS,Career Development (or equivalent)
040175/Z/98/Z,University Award in H&SS,Career Development (or equivalent)
040175/Z/99/Z,University Award in H&SS,Career Development (or equivalent)
040792/Z/95/Z,Senior Research Fellowship Clinical,Discovery Awards (or equivalent)
040792/Z/96/Z,Senior Research Fellowship Clinical,Discovery Awards (or equivalent)
040792/Z/97/A,Senior Research Fellowship Clinical Renewal,Discovery Awards (or equivalent)
040792/Z/97/Z,Senior Research Fellowship Clinical,Discovery Awards (or equivalent)
040792/Z/98/Z,Senior Research Fellowship Clinical,Discovery Awards (or equivalent)
040792/Z/99/Z,Senior Research Fellowship Clinical,Discovery Awards (or equivalent)
040793/Z/95/Z,Senior Research Fellowship Clinical,Discovery Awards (or equivalent)
040793/Z/96/Z,Senior Research Fellowship Clinical,Discovery Awards (or equivalent)
040793/Z/97/Z,Senior Research Fellowship Clinical,Discovery Awards (or equivalent)
040793/Z/98/Z,Senior Research Fellowship Clinical,Discovery Awards (or equivalent)
040793/Z/99/Z,Senior Research Fellowship Clinical,Discovery Awards (or equivalent)
040794/Z/95/Z,Senior Research Fellowship Clinical,Discovery Awards (or equivalent)
040794/Z/96/Z,Senior Research Fellowship Clinical,Discovery Awards (or equivalent)
040794/Z/97/Z,Senior Research Fellowship Clinical,Discovery Awards (or equivalent)
040795/Z/95/A,Senior Research Fellowship Clinical,Discovery Awards (or equivalent)
040795/Z/95/Z,Senior Research Fellowship Clinical,Discovery Awards (or equivalent)
040795/Z/96/A,Senior Research Fellowship Clinical,Discovery Awards (or equivalent)
040795/Z/96/Z,Senior Research Fellowship Clinical,Discovery Awards (or equivalent)
040795/Z/97/Z,Senior Research Fellowship Clinical,Discovery Awards (or equivalent)
040795/Z/98/Z,Senior Research Fellowship Clinical,Discovery Awards (or equivalent)
040795/Z/99/Z,Senior Research Fellowship Clinical,Discovery Awards (or equivalent)
040800/Z/00/Z,Senior Research Fellowship Basic,Discovery Awards (or equivalent)
040800/Z/95/Z,Senior Research Fellowship Basic,Discovery Awards (or equivalent)
040800/Z/96/A,Senior Research Fellowship Basic,Discovery Awards (or equivalent)
040800/Z/96/B,Senior Research Fellowship Basic,Discovery Awards (or equivalent)
040800/Z/96/C,Senior Research Fellowship Basic,Discovery Awards (or equivalent)
040800/Z/96/D,Senior Research Fellowship Basic Renewal,Discovery Awards (or equivalent)
040800/Z/96/Z,Senior Research Fellowship Basic,Discovery Awards (or equivalent)
040800/Z/97/Z,Senior Research Fellowship Basic,Discovery Awards (or equivalent)
040800/Z/98/Z,Senior Research Fellowship Basic,Discovery Awards (or equivalent)
040800/Z/99/Z,Senior Research Fellowship Basic,Discovery Awards (or equivalent)
040812/Z/00/Z,Senior Research Fellowship Basic,Discovery Awards (or equivalent)
040812/Z/95/Z,Senior Research Fellowship Basic,Discovery Awards (or equivalent)
040812/Z/96/A,Senior Research Fellowship Basic,Discovery Awards (or equivalent)
040812/Z/96/B,Senior Research Fellowship Basic Renewal,Discovery Awards (or equivalent)
040812/Z/96/C,Senior Research Fellowship Basic Renewal,Discovery Awards (or equivalent)
040812/Z/96/D,Senior Research Fellowship Basic,Discovery Awards (or equivalent)
040812/Z/96/Z,Senior Research Fellowship Basic,Discovery Awards (or equivalent)
040812/Z/97/Z,Senior Research Fellowship Basic,Discovery Awards (or equivalent)
040812/Z/98/Z,Senior Research Fellowship Basic,Discovery Awards (or equivalent)
040812/Z/99/Z,Senior Research Fellowship Basic,Discovery Awards (or equivalent)
040825/Z/00/Z,Senior Research Fellowship Basic,Discovery Awards (or equivalent)
040825/Z/95/Z,Senior Research Fellowship Basic,Discovery Awards (or equivalent)
040825/Z/96/A,Senior Research Fellowship Basic,Discovery Awards (or equivalent)
040825/Z/96/B,Senior Research Fellowship Basic,Discovery Awards (or equivalent)
040825/Z/96/C,Senior Research Fellowship Basic,Discovery Awards (or equivalent)
040825/Z/96/D,Senior Research Fellowship Basic,Discovery Awards (or equivalent)
040825/Z/96/E,Senior Research Fellowship Basic Renewal,Discovery Awards (or equivalent)
040825/Z/96/Z,Senior Research Fellowship Basic,Discovery Awards (or equivalent)
040825/Z/97/Z,Senior Research Fellowship Basic,Discovery Awards (or equivalent)
040825/Z/98/Z,Senior Research Fellowship Basic,Discovery Awards (or equivalent)
040825/Z/99/Z,Senior Research Fellowship Basic,Discovery Awards (or equivalent)
040846/Z/00/Z,Senior Research Fellowship Basic,Discovery Awards (or equivalent)
040846/Z/95/Z,Senior Research Fellowship Basic,Discovery Awards (or equivalent)
040846/Z/96/A,Senior Research Fellowship Basic Renewal,Discovery Awards (or equivalent)
040846/Z/96/B,Senior Research Fellowship Basic Renewal,Discovery Awards (or equivalent)
040846/Z/96/C,Senior Research Fellowship Basic,Discovery Awards (or equivalent)
040846/Z/96/Z,Senior Research Fellowship Basic,Discovery Awards (or equivalent)
040846/Z/97/Z,Senior Research Fellowship Basic,Discovery Awards (or equivalent)
040846/Z/98/Z,Senior Research Fellowship Basic,Discovery Awards (or equivalent)
040846/Z/99/Z,Senior Research Fellowship Basic,Discovery Awards (or equivalent)
040852/Z/95/Z,Senior Research Fellowship Basic,Discovery Awards (or equivalent)
040852/Z/96/A,Senior Research Fellowship Basic Renewal,Discovery Awards (or equivalent)
040852/Z/96/B,Senior Research Fellowship Basic,Discovery Awards (or equivalent)
040852/Z/96/Z,Senior Research Fellowship Basic,Discovery Awards (or equivalent)
040852/Z/97/Z,Senior Research Fellowship Basic,Discovery Awards (or equivalent)
040852/Z/98/Z,Senior Research Fellowship Basic,Discovery Awards (or equivalent)
040852/Z/99/A,Senior Research Fellowship Basic,Discovery Awards (or equivalent)
040852/Z/99/Z,Senior Research Fellowship Basic,Discovery Awards (or equivalent)
040964/Z/94/Z,University Award in H&SS,Career Development (or equivalent)
040964/Z/95/A,University Award in H&SS,Career Development (or equivalent)
040964/Z/95/Z,University Award in H&SS,Career Development (or equivalent)
040964/Z/96/Z,University Award in H&SS,Career Development (or equivalent)
040964/Z/97/Z,University Award in H&SS,Career Development (or equivalent)
040964/Z/98/Z,University Award in H&SS,Career Development (or equivalent)
040964/Z/99/Z,University Award in H&SS,Career Development (or equivalent)
041245/Z/94/A,Senior Research Fellowship Basic,Discovery Awards (or equivalent)
041245/Z/95/A,Senior Research Fellowship Basic,Discovery Awards (or equivalent)
041392/Z/00/Z,Senior Research Fellowship Clinical,Discovery Awards (or equivalent)
041392/Z/95/Z,Senior Research Fellowship Clinical,Discovery Awards (or equivalent)
041392/Z/96/A,Senior Research Fellowship Clinical,Discovery Awards (or equivalent)
041392/Z/96/B,Senior Research Fellowship Clinical Renewal,Discovery Awards (or equivalent)
041392/Z/96/C,Senior Research Fellowship Clinical Renewal,Discovery Awards (or equivalent)
041392/Z/96/Z,Senior Research Fellowship Clinical,Discovery Awards (or equivalent)
041392/Z/97/Z,Senior Research Fellowship Clinical,Discovery Awards (or equivalent)
041392/Z/98/Z,Senior Research Fellowship Clinical,Discovery Awards (or equivalent)
041392/Z/99/Z,Senior Research Fellowship Clinical,Discovery Awards (or equivalent)
041840/Z/95/A,Senior Research Fellowship Clinical,Discovery Awards (or equivalent)
041840/Z/95/Z,Senior Research Fellowship Clinical,Discovery Awards (or equivalent)
041840/Z/96/A,Residual Award,Other
041840/Z/96/Z,Senior Research Fellowship Clinical,Discovery Awards (or equivalent)
041840/Z/97/Z,Senior Research Fellowship Clinical,Discovery Awards (or equivalent)
041840/Z/98/Z,Senior Research Fellowship Clinical,Discovery Awards (or equivalent)
041840/Z/99/Z,Senior Research Fellowship Clinical,Discovery Awards (or equivalent)
041841/Z/94/Z,Senior Research Fellowship Clinical,Discovery Awards (or equivalent)
041841/Z/95/A,Senior Research Fellowship Clinical,Discovery Awards (or equivalent)
041841/Z/95/Z,Senior Research Fellowship Clinical,Discovery Awards (or equivalent)
041841/Z/96/A,Senior Research Fellowship Clinical,Discovery Awards (or equivalent)
041841/Z/96/B,Senior Research Fellowship Clinical,Discovery Awards (or equivalent)
041841/Z/96/Z,Senior Research Fellowship Clinical,Discovery Awards (or equivalent)
041841/Z/97/Z,Senior Research Fellowship Clinical,Discovery Awards (or equivalent)
041841/Z/98/Z,Senior Research Fellowship Clinical,Discovery Awards (or equivalent)
041841/Z/99/Z,Senior Research Fellowship Clinical,Discovery Awards (or equivalent)
041847/Z/95/Z,Senior Research Fellowship Clinical,Discovery Awards (or equivalent)
041847/Z/96/Z,Senior Research Fellowship Clinical,Discovery Awards (or equivalent)
041847/Z/97/Z,Senior Research Fellowship Clinical,Discovery Awards (or equivalent)
041847/Z/98/Z,Senior Research Fellowship Clinical,Discovery Awards (or equivalent)
041847/Z/99/Z,Senior Research Fellowship Clinical,Discovery Awards (or equivalent)
041877/Z/94/A,University Award in H&SS,Career Development (or equivalent)
041877/Z/94/B,University Award in H&SS,Career Development (or equivalent)
041877/Z/95/Z,University Award in H&SS,Career Development (or equivalent)
041877/Z/96/Z,University Award in H&SS,Career Development (or equivalent)
041950/Z/95/Z,University Award in H&SS,Career Development (or equivalent)
041950/Z/96/Z,University Award in H&SS,Career Development (or equivalent)
041950/Z/97/Z,University Award in H&SS,Career Development (or equivalent)
041950/Z/98/Z,University Award in H&SS,Career Development (or equivalent)
041950/Z/99/Z,University Award in H&SS,Career Development (or equivalent)
041964/Z/95/Z,University Award in H&SS,Career Development (or equivalent)
041964/Z/96/Z,University Award in H&SS,Career Development (or equivalent)
041964/Z/97/Z,University Award in H&SS,Career Development (or equivalent)
041964/Z/98/Z,University Award in H&SS,Career Development (or equivalent)
041964/Z/99/Z,University Award in H&SS,Career Development (or equivalent)
041980/Z/94/Z,University Award in H&SS,Career Development (or equivalent)
041980/Z/95/Z,University Award in H&SS,Career Development (or equivalent)
041980/Z/96/Z,University Award in H&SS,Career Development (or equivalent)
041980/Z/97/Z,University Award in H&SS,Career Development (or equivalent)
041980/Z/98/Z,University Award in H&SS,Career Development (or equivalent)
041980/Z/99/Z,University Award in H&SS,Career Development (or equivalent)
042079/Z/00/Z,Senior Research Fellowship Basic,Discovery Awards (or equivalent)
042079/Z/01/Z,Senior Research Fellowship Basic,Discovery Awards (or equivalent)
042079/Z/96/A,Senior Research Fellowship Basic,Discovery Awards (or equivalent)
042079/Z/96/B,Senior Research Fellowship Basic Renewal,Discovery Awards (or equivalent)
042079/Z/97/Z,Senior Research Fellowship Basic,Discovery Awards (or equivalent)
042079/Z/98/Z,Senior Research Fellowship Basic,Discovery Awards (or equivalent)
042079/Z/99/Z,Senior Research Fellowship Basic,Discovery Awards (or equivalent)
042182/Z/00/Z,Senior Research Fellowship Basic,Discovery Awards (or equivalent)
042182/Z/96/A,Senior Research Fellowship Basic,Discovery Awards (or equivalent)
042182/Z/96/B,Senior Research Fellowship Basic,Discovery Awards (or equivalent)
042182/Z/96/C,Senior Research Fellowship Basic Renewal,Discovery Awards (or equivalent)
042182/Z/96/Z,Senior Research Fellowship Basic,Discovery Awards (or equivalent)
042182/Z/97/Z,Senior Research Fellowship Basic,Discovery Awards (or equivalent)
042182/Z/98/Z,Senior Research Fellowship Basic,Discovery Awards (or equivalent)
042182/Z/99/Z,Senior Research Fellowship Basic,Discovery Awards (or equivalent)
042190/Z/00/Z,Senior Research Fellowship Basic,Discovery Awards (or equivalent)
042190/Z/96/A,Senior Research Fellowship Basic,Discovery Awards (or equivalent)
042190/Z/96/B,Senior Research Fellowship Basic,Discovery Awards (or equivalent)
042190/Z/96/C,Senior Research Fellowship Basic,Discovery Awards (or equivalent)
042190/Z/96/D,Senior Research Fellowship Basic,Discovery Awards (or equivalent)
042190/Z/96/E,Senior Research Fellowship Basic Renewal,Discovery Awards (or equivalent)
042190/Z/96/F,Senior Research Fellowship Basic Renewal,Discovery Awards (or equivalent)
042190/Z/96/Z,Senior Research Fellowship Basic,Discovery Awards (or equivalent)
042190/Z/97/Z,Senior Research Fellowship Basic,Discovery Awards (or equivalent)
042190/Z/98/Z,Senior Research Fellowship Basic,Discovery Awards (or equivalent)
042190/Z/99/Z,Senior Research Fellowship Basic,Discovery Awards (or equivalent)
042631/Z/00/Z,University Award in H&SS,Career Development (or equivalent)
042631/Z/96/Z,University Award in H&SS,Career Development (or equivalent)
042631/Z/97/Z,University Award in H&SS,Career Development (or equivalent)
042631/Z/98/Z,University Award in H&SS,Career Development (or equivalent)
042631/Z/99/Z,University Award in H&SS,Career Development (or equivalent)
043103/Z/00/A,University Award in H&SS,Career Development (or equivalent)
043103/Z/00/Z,University Award in H&SS,Career Development (or equivalent)
043103/Z/95/Z,University Award in H&SS,Career Development (or equivalent)
043103/Z/96/Z,University Award in H&SS,Career Development (or equivalent)
043103/Z/97/Z,University Award in H&SS,Career Development (or equivalent)
043103/Z/98/Z,University Award in H&SS,Career Development (or equivalent)
043103/Z/99/Z,University Award in H&SS,Career Development (or equivalent)
043141/Z/00/A,University Award in H&SS,Career Development (or equivalent)
043141/Z/00/Z,University Award in H&SS,Career Development (or equivalent)
043141/Z/95/Z,University Award in H&SS,Career Development (or equivalent)
043141/Z/96/Z,University Award in H&SS,Career Development (or equivalent)
043141/Z/97/Z,University Award in H&SS,Career Development (or equivalent)
043141/Z/98/Z,University Award in H&SS,Career Development (or equivalent)
043141/Z/99/Z,University Award in H&SS,Career Development (or equivalent)
043145/Z/94/A,University Award in H&SS,Career Development (or equivalent)
043145/Z/95/B,University Award in H&SS,Career Development (or equivalent)
043145/Z/95/Z,University Award in H&SS,Career Development (or equivalent)
043145/Z/96/Z,University Award in H&SS,Career Development (or equivalent)
043145/Z/97/Z,University Award in H&SS,Career Development (or equivalent)
044488/Z/95/A,Senior Research Fellowship Basic,Discovery Awards (or equivalent)
044494/Z/95/A,Senior Research Fellowship Basic,Discovery Awards (or equivalent)
044494/Z/95/B,Senior Research Fellowship Basic,Discovery Awards (or equivalent)
044494/Z/95/C,Senior Research Fellowship Basic,Discovery Awards (or equivalent)
044494/Z/95/D,Senior Research Fellowship Basic Renewal,Discovery Awards (or equivalent)
044494/Z/95/Z,Senior Research Fellowship Basic,Discovery Awards (or equivalent)
044650/Z/95/A,Senior Research Fellowship Basic,Discovery Awards (or equivalent)
044650/Z/95/B,Senior Research Fellowship Basic,Discovery Awards (or equivalent)
044650/Z/95/C,Senior Research Fellowship Basic Renewal,Discovery Awards (or equivalent)
044650/Z/95/Z,Senior Research Fellowship Basic,Discovery Awards (or equivalent)
044651/B/95/D,Programme Grant,Other
044651/Z/95/A,Senior Research Fellowship Basic,Discovery Awards (or equivalent)
044651/Z/95/B,Senior Research Fellowship Basic,Discovery Awards (or equivalent)
044651/Z/95/C,Senior Research Fellowship Basic,Discovery Awards (or equivalent)
044651/Z/95/D,Senior Research Fellowship Basic Renewal,Discovery Awards (or equivalent)
044651/Z/95/E,Residual Award,Other
044651/Z/95/F,WT/HHMI Exchange Programme,Other
044651/Z/95/Z,Senior Research Fellowship Basic,Discovery Awards (or equivalent)
044726/Z/95/A,Senior Research Fellowship Clinical,Discovery Awards (or equivalent)
044726/Z/95/B,Residual Award,Other
044726/Z/95/C,Senior Research Fellowship Clinical,Discovery Awards (or equivalent)
044726/Z/95/Z,Senior Research Fellowship Clinical,Discovery Awards (or equivalent)
044727/Z/95/Z,Senior Research Fellowship Clinical,Discovery Awards (or equivalent)
044962/Z/95/Z,University Award in H&SS,Career Development (or equivalent)
044963/Z/95/Z,University Award in H&SS,Career Development (or equivalent)
045160/Z/95/A,Senior Research Fellowship Basic Renewal,Discovery Awards (or equivalent)
045160/Z/95/Z,Senior Research Fellowship Basic,Discovery Awards (or equivalent)
046279/Z/95/Z,University Award in H&SS,Career Development (or equivalent)
046288/Z/95/A,University Award in H&SS,Career Development (or equivalent)
046288/Z/95/Z,University Award in H&SS,Career Development (or equivalent)
046291/Z/95/Z,University Award in H&SS,Career Development (or equivalent)
046738/Z/96/A,University Award in H&SS,Career Development (or equivalent)
046738/Z/96/Z,University Award in H&SS,Career Development (or equivalent)
047014/Z/96/Z,University Award in H&SS,Career Development (or equivalent)
047082/Z/96/Z,University Award in H&SS,Career Development (or equivalent)
047209/Z/96/Z,University Award in H&SS,Career Development (or equivalent)
047578/B/96/A,Senior Research Fellowship Basic Renewal,Discovery Awards (or equivalent)
047578/Z/96/A,Senior Research Fellowship Basic Renewal,Discovery Awards (or equivalent)
047578/Z/96/B,Senior Research Fellowship Basic,Discovery Awards (or equivalent)
047578/Z/96/Z,Senior Research Fellowship Basic,Discovery Awards (or equivalent)
047600/Z/96/A,Senior Research Fellowship Basic,Discovery Awards (or equivalent)
047600/Z/96/B,Senior Research Fellowship Basic Renewal,Discovery Awards (or equivalent)
047600/Z/96/C,Senior Research Fellowship Basic Renewal,Discovery Awards (or equivalent)
047600/Z/96/Z,Senior Research Fellowship Basic,Discovery Awards (or equivalent)
047608/Z/96/A,Senior Research Fellowship Basic,Discovery Awards (or equivalent)
047608/Z/96/B,Senior Research Fellowship Basic,Discovery Awards (or equivalent)
047608/Z/96/Z,Senior Research Fellowship Basic,Discovery Awards (or equivalent)
047675/Z/96/A,Senior Research Fellowship Basic,Discovery Awards (or equivalent)
047675/Z/96/B,Senior Research Fellowship Basic,Discovery Awards (or equivalent)
047675/Z/96/C,Senior Research Fellowship Basic,Discovery Awards (or equivalent)
047675/Z/96/D,Senior Research Fellowship Basic,Discovery Awards (or equivalent)
047675/Z/96/Z,Senior Research Fellowship Basic,Discovery Awards (or equivalent)
047677/Z/96/A,Senior Research Fellowship Basic,Discovery Awards (or equivalent)
047677/Z/96/B,Senior Research Fellowship Basic Renewal,Discovery Awards (or equivalent)
047677/Z/96/Z,Senior Research Fellowship Basic,Discovery Awards (or equivalent)
047990/Z/96/A,Senior Research Fellowship Clinical,Discovery Awards (or equivalent)
047990/Z/96/Z,Senior Research Fellowship Clinical,Discovery Awards (or equivalent)
047997/Z/96/B,Senior Research Fellowship Clinical,Discovery Awards (or equivalent)
047997/Z/96/Z,Senior Research Fellowship Clinical,Discovery Awards (or equivalent)
048194/Z/96/Z,University Award in H&SS,Career Development (or equivalent)
048536/A/96/A,Sanger Resource Collaboration,Directed
048536/A/96/Z,Sanger Resource Collaboration,Directed
048536/B/96/A,Project Grant,Other
048536/B/96/Z,Project Grant,Other
049631/Z/96/Z,University Award in H&SS,Career Development (or equivalent)
050573/Z/97/A,Senior Research Fellowship Clinical Renewal,Discovery Awards (or equivalent)
050573/Z/97/Z,Senior Research Fellowship Clinical,Discovery Awards (or equivalent)
051062/Z/97/A,Senior Research Fellowship Basic,Discovery Awards (or equivalent)
051062/Z/97/B,Senior Research Fellowship Basic Renewal,Discovery Awards (or equivalent)
051062/Z/97/Z,Senior Research Fellowship Basic,Discovery Awards (or equivalent)
051067/Z/97/A,Senior Research Fellowship Basic,Discovery Awards (or equivalent)
051067/Z/97/B,Senior Research Fellowship Basic Renewal,Discovery Awards (or equivalent)
051067/Z/97/Z,Senior Research Fellowship Basic,Discovery Awards (or equivalent)
051076/Z/97/A,Senior Research Fellowship Basic,Discovery Awards (or equivalent)
051076/Z/97/B,Senior Research Fellowship Basic,Discovery Awards (or equivalent)
051076/Z/97/Z,Senior Research Fellowship Basic,Discovery Awards (or equivalent)
051077/Z/97/A,Senior Research Fellowship Basic Renewal,Discovery Awards (or equivalent)
051077/Z/97/Z,Senior Research Fellowship Basic,Discovery Awards (or equivalent)
051080/B/97/A,Senior Research Fellowship Basic Renewal,Discovery Awards (or equivalent)
051080/B/97/C,Senior Research Fellowship Basic Renewal,Discovery Awards (or equivalent)
051080/B/97/Z,Senior Research Fellowship Basic Renewal,Discovery Awards (or equivalent)
051080/Z/97/A,Senior Research Fellowship Basic,Discovery Awards (or equivalent)
051080/Z/97/B,Senior Research Fellowship Basic Renewal,Discovery Awards (or equivalent)
051080/Z/97/C,Senior Research Fellowship Basic Renewal,Discovery Awards (or equivalent)
051080/Z/97/Z,Senior Research Fellowship Basic,Discovery Awards (or equivalent)
051087/Z/97/A,Senior Research Fellowship Basic,Discovery Awards (or equivalent)
051087/Z/97/B,Project Grant,Other
051087/Z/97/Z,Senior Research Fellowship Basic,Discovery Awards (or equivalent)
051091/Z/97/A,Senior Research Fellowship Basic,Discovery Awards (or equivalent)
051091/Z/97/B,Senior Research Fellowship Basic Renewal,Discovery Awards (or equivalent)
051091/Z/97/Z,Senior Research Fellowship Basic,Discovery Awards (or equivalent)
051094/Z/97/A,Senior Research Fellowship Basic,Discovery Awards (or equivalent)
051094/Z/97/Z,Senior Research Fellowship Basic,Discovery Awards (or equivalent)
051097/Z/97/A,Senior Research Fellowship Basic Renewal,Discovery Awards (or equivalent)
051097/Z/97/Z,Senior Research Fellowship Basic,Discovery Awards (or equivalent)
051269/Z/97/A,Senior Research Fellowship Clinical,Discovery Awards (or equivalent)
051269/Z/97/B,Senior Research Fellowship Clinical Renewal,Discovery Awards (or equivalent)
051269/Z/97/Z,Senior Research Fellowship Clinical,Discovery Awards (or equivalent)
051274/Z/97/A,Senior Research Fellowship Clinical,Discovery Awards (or equivalent)
051274/Z/97/Z,Senior Research Fellowship Clinical,Discovery Awards (or equivalent)
051276/Z/97/A,Senior Research Fellowship Clinical,Discovery Awards (or equivalent)
051276/Z/97/B,Senior Research Fellowship Clinical,Discovery Awards (or equivalent)
051276/Z/97/C,Senior Research Fellowship Clinical,Discovery Awards (or equivalent)
051276/Z/97/D,Senior Research Fellowship Clinical,Discovery Awards (or equivalent)
051276/Z/97/E,Senior Research Fellowship Clinical,Discovery Awards (or equivalent)
051276/Z/97/F,Senior Research Fellowship Clinical Renewal,Discovery Awards (or equivalent)
051276/Z/97/G,Senior Research Fellowship Clinical,Discovery Awards (or equivalent)
051276/Z/97/H,Senior Research Fellowship Clinical,Discovery Awards (or equivalent)
051276/Z/97/Z,Senior Research Fellowship Clinical,Discovery Awards (or equivalent)
051279/Z/97/A,Senior Research Fellowship Clinical,Discovery Awards (or equivalent)
051279/Z/97/B,Senior Research Fellowship Clinical,Discovery Awards (or equivalent)
051279/Z/97/C,Senior Research Fellowship Clinical Renewal,Discovery Awards (or equivalent)
051279/Z/97/Z,Senior Research Fellowship Clinical,Discovery Awards (or equivalent)
051675/Z/97/A,University Award in H&SS,Career Development (or equivalent)
051675/Z/97/B,University Award in H&SS,Career Development (or equivalent)
051675/Z/97/C,University Award in H&SS,Career Development (or equivalent)
051675/Z/97/D,University Award in H&SS,Career Development (or equivalent)
051675/Z/97/E,University Award in H&SS,Career Development (or equivalent)
051675/Z/97/Z,University Award in H&SS,Career Development (or equivalent)
051676/Z/97/A,University Award in H&SS,Career Development (or equivalent)
051676/Z/97/B,University Award in H&SS,Career Development (or equivalent)
051676/Z/97/Z,University Award in H&SS,Career Development (or equivalent)
053431/Z/98/Z,University Award in H&SS,Career Development (or equivalent)
053432/Z/98/Z,University Award in H&SS,Career Development (or equivalent)
053836/Z/98/Z,University Award in H&SS,Career Development (or equivalent)
054191/Z/98/A,Senior Research Fellowship Basic,Discovery Awards (or equivalent)
054191/Z/98/B,Senior Research Fellowship Basic Renewal,Discovery Awards (or equivalent)
054191/Z/98/Z,Senior Research Fellowship Basic,Discovery Awards (or equivalent)
054334/Z/98/A,Senior Research Fellowship Basic,Discovery Awards (or equivalent)
054334/Z/98/B,Senior Research Fellowship Basic Renewal,Discovery Awards (or equivalent)
054334/Z/98/Z,Senior Research Fellowship Basic,Discovery Awards (or equivalent)
054362/Z/98/A,Senior Research Fellowship Basic,Discovery Awards (or equivalent)
054362/Z/98/B,Programme Grant,Other
054362/Z/98/Z,Senior Research Fellowship Basic,Discovery Awards (or equivalent)
054371/Z/98/A,Senior Research Fellowship Basic,Discovery Awards (or equivalent)
054371/Z/98/B,Senior Research Fellowship Basic,Discovery Awards (or equivalent)
054371/Z/98/D,Senior Research Fellowship Basic,Discovery Awards (or equivalent)
054371/Z/98/Z,Senior Research Fellowship Basic,Discovery Awards (or equivalent)
054375/Z/98/A,Senior Research Fellowship Basic,Discovery Awards (or equivalent)
054375/Z/98/B,Senior Research Fellowship Basic,Discovery Awards (or equivalent)
054375/Z/98/C,Senior Research Fellowship Basic,Discovery Awards (or equivalent)
054375/Z/98/Z,Senior Research Fellowship Basic,Discovery Awards (or equivalent)
054387/Z/98/A,Senior Research Fellowship Basic,Discovery Awards (or equivalent)
054387/Z/98/Z,Senior Research Fellowship Basic,Discovery Awards (or equivalent)
054396/Z/98/A,Senior Research Fellowship Basic,Discovery Awards (or equivalent)
054396/Z/98/Z,Senior Research Fellowship Basic,Discovery Awards (or equivalent)
054401/Z/98/A,Senior Research Fellowship Basic,Discovery Awards (or equivalent)
054401/Z/98/B,Senior Research Fellowship Basic,Discovery Awards (or equivalent)
054401/Z/98/Z,Senior Research Fellowship Basic,Discovery Awards (or equivalent)
054518/Z/98/A,Senior Research Fellowship Clinical,Discovery Awards (or equivalent)
054518/Z/98/B,Senior Research Fellowship Clinical,Discovery Awards (or equivalent)
054518/Z/98/Z,Senior Research Fellowship Clinical,Discovery Awards (or equivalent)
054523/Z/98/A,Senior Research Fellowship Basic,Discovery Awards (or equivalent)
054523/Z/98/B,Senior Research Fellowship Basic,Discovery Awards (or equivalent)
054523/Z/98/C,Senior Research Fellowship Basic Renewal,Discovery Awards (or equivalent)
054523/Z/98/Z,Senior Research Fellowship Basic,Discovery Awards (or equivalent)
054528/Z/98/A,Early Career Fellowship: Inactive scheme,Other
054528/Z/98/B,Senior Research Fellowship Clinical,Discovery Awards (or equivalent)
054528/Z/98/C,Senior Research Fellowship Clinical,Discovery Awards (or equivalent)
054528/Z/98/D,Senior Research Fellowship Clinical Renewal,Discovery Awards (or equivalent)
054528/Z/98/Z,Senior Research Fellowship Clinical,Discovery Awards (or equivalent)
054531/Z/98/A,Senior Research Fellowship Clinical,Discovery Awards (or equivalent)
054531/Z/98/B,Senior Research Fellowship Clinical Renewal,Discovery Awards (or equivalent)
054531/Z/98/C,Senior Research Fellowship Clinical,Discovery Awards (or equivalent)
054531/Z/98/Z,Senior Research Fellowship Clinical,Discovery Awards (or equivalent)
056212/Z/98/Z,University Award in H&SS,Career Development (or equivalent)
056284/Z/98/Z,University Award in H&SS,Career Development (or equivalent)
056286/Z/98/Z,University Award in H&SS,Career Development (or equivalent)
057559/Z/99/A,Senior Research Fellowship Basic,Discovery Awards (or equivalent)
057559/Z/99/B,Senior Research Fellowship Basic Renewal,Discovery Awards (or equivalent)
057559/Z/99/Z,Senior Research Fellowship Basic,Discovery Awards (or equivalent)
057586/Z/99/A,Senior Research Fellowship Basic Renewal,Discovery Awards (or equivalent)
057586/Z/99/B,Senior Research Fellowship Basic Renewal,Discovery Awards (or equivalent)
057586/Z/99/Z,Senior Research Fellowship Basic,Discovery Awards (or equivalent)
057651/Z/99/A,Senior Research Fellowship Basic,Discovery Awards (or equivalent)
057651/Z/99/Z,Senior Research Fellowship Basic,Discovery Awards (or equivalent)
057700/Z/99/A,Senior Research Fellowship Basic,Discovery Awards (or equivalent)
057700/Z/99/B,Senior Research Fellowship Basic,Discovery Awards (or equivalent)
057700/Z/99/C,Senior Research Fellowship Basic Renewal,Discovery Awards (or equivalent)
057700/Z/99/Z,Senior Research Fellowship Basic,Discovery Awards (or equivalent)
057704/Z/99/A,Senior Research Fellowship Basic,Discovery Awards (or equivalent)
057704/Z/99/B,Senior Research Fellowship Basic Renewal,Discovery Awards (or equivalent)
057704/Z/99/Z,Senior Research Fellowship Basic,Discovery Awards (or equivalent)
057724/Z/99/A,Senior Research Fellowship Basic Renewal,Discovery Awards (or equivalent)
057724/Z/99/B,Senior Research Fellowship Basic Renewal,Discovery Awards (or equivalent)
057724/Z/99/Z,Senior Research Fellowship Basic,Discovery Awards (or equivalent)
057725/Z/99/A,Senior Research Fellowship Basic,Discovery Awards (or equivalent)
057725/Z/99/Z,Senior Research Fellowship Basic,Discovery Awards (or equivalent)
057728/Z/99/A,Senior Research Fellowship Basic,Discovery Awards (or equivalent)
057728/Z/99/Z,Senior Research Fellowship Basic,Discovery Awards (or equivalent)
057730/Z/99/A,Senior Research Fellowship Basic,Discovery Awards (or equivalent)
057730/Z/99/B,Senior Research Fellowship Basic Renewal,Discovery Awards (or equivalent)
057730/Z/99/Z,Senior Research Fellowship Basic,Discovery Awards (or equivalent)
057733/Z/99/A,Senior Research Fellowship Basic Renewal,Discovery Awards (or equivalent)
057733/Z/99/B,Senior Research Fellowship Basic Renewal,Discovery Awards (or equivalent)
057733/Z/99/Z,Senior Research Fellowship Basic,Discovery Awards (or equivalent)
057819/B/05/Z,Senior Research Fellowship Basic Renewal,Discovery Awards (or equivalent)
057819/Z/05/Z,Senior Research Fellowship Basic Renewal,Discovery Awards (or equivalent)
057819/Z/99/Z,Senior Research Fellowship Basic,Discovery Awards (or equivalent)
057940/Z/99/A,Senior Research Fellowship Clinical,Discovery Awards (or equivalent)
057940/Z/99/Z,Senior Research Fellowship Clinical,Discovery Awards (or equivalent)
057942/Z/99/A,Senior Research Fellowship Clinical,Discovery Awards (or equivalent)
057942/Z/99/Z,Senior Research Fellowship Clinical,Discovery Awards (or equivalent)
057943/Z/99/A,Senior Research Fellowship Clinical,Discovery Awards (or equivalent)
057943/Z/99/B,Senior Research Fellowship Clinical,Discovery Awards (or equivalent)
057943/Z/99/Z,Senior Research Fellowship Clinical,Discovery Awards (or equivalent)
057945/Z/99/Z,Senior Research Fellowship Clinical,Discovery Awards (or equivalent)
057947/Z/99/A,Senior Research Fellowship Clinical,Discovery Awards (or equivalent)
057947/Z/99/B,Senior Research Fellowship Clinical,Discovery Awards (or equivalent)
057947/Z/99/C,Senior Research Fellowship Clinical,Discovery Awards (or equivalent)
057947/Z/99/Z,Senior Research Fellowship Clinical,Discovery Awards (or equivalent)
057948/Z/99/A,Senior Research Fellowship Clinical,Discovery Awards (or equivalent)
057948/Z/99/B,Senior Research Fellowship Clinical,Discovery Awards (or equivalent)
057948/Z/99/Z,Senior Research Fellowship Clinical,Discovery Awards (or equivalent)
057965/Z/99/A,Senior Research Fellowship Clinical,Discovery Awards (or equivalent)
057965/Z/99/B,Senior Research Fellowship Clinical Renewal,Discovery Awards (or equivalent)
057965/Z/99/Z,Senior Research Fellowship Clinical,Discovery Awards (or equivalent)
059091/Z/99/A,Wellcome Trust Centre,Directed
059091/Z/99/B,Wellcome Trust Centre,Directed
059091/Z/99/C,Wellcome Trust Centre,Directed
059091/Z/99/D,Wellcome Trust Centre,Directed
059091/Z/99/E,Wellcome Trust Centre,Directed
059091/Z/99/F,Wellcome Trust Centre,Directed
059091/Z/99/G,Wellcome Trust Centre,Directed
059091/Z/99/H,Wellcome Trust Centre,Directed
059091/Z/99/I,Wellcome Trust Centre,Directed
059091/Z/99/J,Wellcome Trust Centre,Directed
059091/Z/99/K,Wellcome Trust Centre,Directed
059091/Z/99/Z,Wellcome Trust Centre,Directed
059773/Z/99/Z,Wellcome Trust Centre,Directed
059776/Z/99/B,Wellcome Trust Centre,Directed
059776/Z/99/Z,Wellcome Trust Centre,Directed
059780/Z/99/A,Programme Grant,Other
059780/Z/99/B,Programme Grant,Other
059780/Z/99/C,Programme Grant,Other
059780/Z/99/Z,Wellcome Trust Centre,Directed
059796/B/99/Z,University Award in H&SS,Career Development (or equivalent)
059796/Z/99/A,University Award in H&SS,Career Development (or equivalent)
059816/Z/99/A,Technology Development Grant,Discovery Awards (or equivalent)
059816/Z/99/B,Technology Development Grant,Discovery Awards (or equivalent)
059816/Z/99/Z,Technology Development Grant,Discovery Awards (or equivalent)
059844/Z/99/A,University Award in H&SS,Career Development (or equivalent)
060295/Z/00/Z,Technology Development Grant,Discovery Awards (or equivalent)
060366/Z/00/Z,Technology Development Grant,Discovery Awards (or equivalent)
060608/Z/00/A,Wellcome Trust Centre,Directed
060608/Z/00/B,Wellcome Trust Centre,Directed
060608/Z/00/C,Wellcome Trust Centre,Directed
060608/Z/00/Z,Wellcome Trust Centre,Directed
061100/Z/00/A,Senior Research Fellowship Clinical Renewal,Discovery Awards (or equivalent)
061100/Z/00/Z,Senior Research Fellowship Clinical,Discovery Awards (or equivalent)
061103/B/00/Z,Senior Research Fellowship Basic,Discovery Awards (or equivalent)
061103/Z/00/A,Senior Research Fellowship Basic,Discovery Awards (or equivalent)
061103/Z/00/Z,Senior Research Fellowship Basic,Discovery Awards (or equivalent)
061135/Z/00/A,Senior Research Fellowship Clinical,Discovery Awards (or equivalent)
061135/Z/00/C,Senior Research Fellowship Clinical,Discovery Awards (or equivalent)
061135/Z/00/Z,Senior Research Fellowship Clinical,Discovery Awards (or equivalent)
061136/Z/00/A,Senior Research Fellowship Clinical Renewal,Discovery Awards (or equivalent)
061136/Z/00/Z,Senior Research Fellowship Clinical,Discovery Awards (or equivalent)
061139/Z/00/B,Senior Research Fellowship Clinical,Discovery Awards (or equivalent)
061139/Z/00/Z,Senior Research Fellowship Clinical,Discovery Awards (or equivalent)
061140/B/00/A,Senior Research Fellowship Clinical Renewal,Discovery Awards (or equivalent)
061140/B/00/B,Senior Research Fellowship Clinical Renewal,Discovery Awards (or equivalent)
061140/Z/00/A,Senior Research Fellowship Clinical Renewal,Discovery Awards (or equivalent)
061140/Z/00/Z,Senior Research Fellowship Clinical,Discovery Awards (or equivalent)
061149/Z/00/A,Wellcome Trust Centre,Directed
061149/Z/00/C,Wellcome Trust Centre,Directed
061149/Z/00/D,Wellcome Trust Centre,Directed
061149/Z/00/Z,Wellcome Trust Centre,Directed
061171/Z/00/A,Senior Research Fellowship Basic,Discovery Awards (or equivalent)
061171/Z/00/Z,Senior Research Fellowship Basic,Discovery Awards (or equivalent)
061173/B/00/Z,Senior Research Fellowship Basic,Discovery Awards (or equivalent)
061173/Z/00/A,Senior Research Fellowship Basic Renewal,Discovery Awards (or equivalent)
061173/Z/00/B,Senior Research Fellowship Basic Renewal,Discovery Awards (or equivalent)
061173/Z/00/Z,Senior Research Fellowship Basic,Discovery Awards (or equivalent)
061175/Z/00/Z,Senior Research Fellowship Basic,Discovery Awards (or equivalent)
061175/Z/05/Z,Senior Research Fellowship Basic Renewal,Discovery Awards (or equivalent)
061183/Z/00/A,Senior Research Fellowship Basic,Discovery Awards (or equivalent)
061183/Z/00/Z,Senior Research Fellowship Basic,Discovery Awards (or equivalent)
061187/Z/00/A,Senior Research Fellowship Basic,Discovery Awards (or equivalent)
061187/Z/00/Z,Senior Research Fellowship Basic,Discovery Awards (or equivalent)
061188/Z/00/Z,Senior Research Fellowship Basic,Discovery Awards (or equivalent)
061198/Z/00/A,Senior Research Fellowship Basic,Discovery Awards (or equivalent)
061198/Z/00/Z,Senior Research Fellowship Basic,Discovery Awards (or equivalent)
061205/Z/00/B,Senior Research Fellowship Basic,Discovery Awards (or equivalent)
061205/Z/00/Z,Senior Research Fellowship Basic,Discovery Awards (or equivalent)
061207/B/00/A,Project Grant,Other
061207/Z/00/A,Residual Award,Other
061207/Z/00/Z,Senior Research Fellowship Basic,Discovery Awards (or equivalent)
061212/Z/00/A,Senior Research Fellowship Basic,Discovery Awards (or equivalent)
061212/Z/00/Z,Senior Research Fellowship Basic,Discovery Awards (or equivalent)
061225/B/00/B,Senior Research Fellowship Basic,Discovery Awards (or equivalent)
061225/Z/00/B,Senior Research Fellowship Basic,Discovery Awards (or equivalent)
061225/Z/00/Z,Senior Research Fellowship Basic,Discovery Awards (or equivalent)
061367/Z/00/Z,Technology Development Grant,Discovery Awards (or equivalent)
061862/Z/00/Z,Senior Research Fellowship Basic,Discovery Awards (or equivalent)
062025/Z/00/A,Technology Development Grant,Discovery Awards (or equivalent)
062025/Z/00/Z,Technology Development Grant,Discovery Awards (or equivalent)
062303/Z/00/Z,Technology Development Grant,Discovery Awards (or equivalent)
062322/Z/00/A,Technology Development Grant,Discovery Awards (or equivalent)
062322/Z/00/Z,Technology Development Grant,Discovery Awards (or equivalent)
062336/Z/00/A,Technology Development Grant,Discovery Awards (or equivalent)
062336/Z/00/Z,Technology Development Grant,Discovery Awards (or equivalent)
062345/Z/00/A,Technology Development Grant,Discovery Awards (or equivalent)
062345/Z/00/Z,Technology Development Grant,Discovery Awards (or equivalent)
062346/B/00/Z,Technology Development Grant,Discovery Awards (or equivalent)
062346/Z/00/Z,Technology Development Grant,Discovery Awards (or equivalent)
062347/B/00/Z,Technology Development Grant,Discovery Awards (or equivalent)
062347/Z/00/A,Technology Development Grant,Discovery Awards (or equivalent)
062347/Z/00/Z,Technology Development Grant,Discovery Awards (or equivalent)
062350/Z/00/Z,Technology Development Grant,Discovery Awards (or equivalent)
062508/B/00/Z,Technology Development Grant,Discovery Awards (or equivalent)
062508/Z/00/Z,Technology Development Grant,Discovery Awards (or equivalent)
062511/Z/00/Z,Technology Development Grant,Discovery Awards (or equivalent)
062513/Z/00/Z,Technology Development Grant,Discovery Awards (or equivalent)
063019/Z/00/A,Wellcome Trust Centre,Directed
063019/Z/00/B,Wellcome Trust Centre,Directed
063019/Z/00/Z,Wellcome Trust Centre,Directed
063019/Z/16/D,Open Access for Terminated Award,Other
063019/Z/17/E,Open Access for Terminated Award,Other
063083/Z/00/Z,Technology Development Grant,Discovery Awards (or equivalent)
063272/Z/00/A,Technology Development Grant,Discovery Awards (or equivalent)
063272/Z/00/Z,Technology Development Grant,Discovery Awards (or equivalent)
063300/B/00/Z,University Award in H&SS,Career Development (or equivalent)
063300/Z/00/A,University Award in H&SS,Career Development (or equivalent)
063300/Z/00/Z,University Award in H&SS,Career Development (or equivalent)
064078/Z/01/Z,Wellcome Trust Centre,Directed
064110/Z/01/A,Technology Development Grant,Discovery Awards (or equivalent)
064110/Z/01/Z,Technology Development Grant,Discovery Awards (or equivalent)
064141/Z/01/Z,Technology Development Grant,Discovery Awards (or equivalent)
064208/Z/01/Z,University Award in H&SS,Career Development (or equivalent)
064214/Z/01/Z,Technology Development Grant,Discovery Awards (or equivalent)
064256/Z/01/A,Senior Research Fellowship Clinical,Discovery Awards (or equivalent)
064256/Z/01/B,Senior Research Fellowship Basic,Discovery Awards (or equivalent)
064256/Z/01/C,Senior Research Fellowship Clinical,Discovery Awards (or equivalent)
064256/Z/01/Z,Senior Research Fellowship Clinical,Discovery Awards (or equivalent)
064351/Z/01/A,Senior Research Fellowship Clinical Renewal,Discovery Awards (or equivalent)
064351/Z/01/Z,Senior Research Fellowship Clinical,Discovery Awards (or equivalent)
064353/Z/01/A,Senior Research Fellowship Clinical Renewal,Discovery Awards (or equivalent)
064353/Z/01/B,Senior Research Fellowship Clinical Renewal,Discovery Awards (or equivalent)
064353/Z/01/Z,Senior Research Fellowship Clinical,Discovery Awards (or equivalent)
064354/Z/01/B,Senior Research Fellowship Clinical Renewal,Discovery Awards (or equivalent)
064354/Z/01/Z,Senior Research Fellowship Clinical,Discovery Awards (or equivalent)
064405/Z/01/A,Senior Research Fellowship Basic,Discovery Awards (or equivalent)
064405/Z/01/Z,Senior Research Fellowship Basic,Discovery Awards (or equivalent)
064409/Z/01/B,Senior Research Fellowship Basic,Discovery Awards (or equivalent)
064409/Z/01/Z,Senior Research Fellowship Basic,Discovery Awards (or equivalent)
064413/Z/01/A,Senior Research Fellowship Basic Renewal,Discovery Awards (or equivalent)
064413/Z/01/Z,Senior Research Fellowship Basic,Discovery Awards (or equivalent)
064414/Z/01/A,Senior Research Fellowship Basic Renewal,Discovery Awards (or equivalent)
064414/Z/01/Z,Senior Research Fellowship Basic,Discovery Awards (or equivalent)
064417/Z/01/A,Senior Research Fellowship Basic Renewal,Discovery Awards (or equivalent)
064417/Z/01/Z,Senior Research Fellowship Basic,Discovery Awards (or equivalent)
064421/Z/01/A,Senior Research Fellowship Basic Renewal,Discovery Awards (or equivalent)
064421/Z/01/Z,Senior Research Fellowship Basic,Discovery Awards (or equivalent)
064452/Z/01/A,Senior Research Fellowship Basic Renewal,Discovery Awards (or equivalent)
064452/Z/01/Z,Senior Research Fellowship Basic,Discovery Awards (or equivalent)
064563/B/01/Z,Technology Development Grant,Discovery Awards (or equivalent)
064563/Z/01/A,Technology Development Grant,Discovery Awards (or equivalent)
064563/Z/01/Z,Technology Development Grant,Discovery Awards (or equivalent)
064583/A/01/A,Technology Development Grant,Discovery Awards (or equivalent)
064583/A/01/Z,Technology Development Grant,Discovery Awards (or equivalent)
064583/B/01/A,Technology Development Grant,Discovery Awards (or equivalent)
064583/B/01/Z,Technology Development Grant,Discovery Awards (or equivalent)
064724/A/01/Z,Technology Development Grant,Discovery Awards (or equivalent)
064724/B/01/Z,Technology Development Grant,Discovery Awards (or equivalent)
064814/Z/01/Z,Technology Development Grant,Discovery Awards (or equivalent)
065307/Z/01/A,Wellcome Trust Centre,Directed
065307/Z/01/Z,Wellcome Trust Centre,Directed
065507/Z/01/Z,Technology Development Grant,Discovery Awards (or equivalent)
065822/Z/01/Z,Technology Development Grant,Discovery Awards (or equivalent)
066056/B/01/Z,Technology Development Grant,Discovery Awards (or equivalent)
066056/Z/01/Z,Technology Development Grant,Discovery Awards (or equivalent)
066333/Z/01/Z,Technology Development Grant,Discovery Awards (or equivalent)
066445/Z/01/Z,Technology Development Grant,Discovery Awards (or equivalent)
066452/Z/01/A,Technology Development Grant,Discovery Awards (or equivalent)
066452/Z/01/Z,Technology Development Grant,Discovery Awards (or equivalent)
066459/Z/01/Z,University Award in H&SS,Career Development (or equivalent)
066647/A/01/Z,Technology Development Grant,Discovery Awards (or equivalent)
066647/B/01/Z,Technology Development Grant,Discovery Awards (or equivalent)
066721/Z/01/Z,Technology Development Grant,Discovery Awards (or equivalent)
066798/Z/02/Z,Technology Development Grant,Discovery Awards (or equivalent)
066805/Z/02/Z,Technology Development Grant,Discovery Awards (or equivalent)
067089/Z/02/Z,Technology Development Grant,Discovery Awards (or equivalent)
067105/Z/02/Z,Technology Development Grant,Discovery Awards (or equivalent)
067205/Z/02/A,Technology Development Grant,Discovery Awards (or equivalent)
067205/Z/02/Z,Technology Development Grant,Discovery Awards (or equivalent)
067311/Z/02/Z,Wellcome Trust Centre,Directed
067360/Z/02/Z,Technology Development Grant,Discovery Awards (or equivalent)
067413/B/02/Z,Senior Research Fellowship Basic,Discovery Awards (or equivalent)
067413/Z/02/Z,Senior Research Fellowship Basic,Discovery Awards (or equivalent)
067416/Z/02/Z,Senior Research Fellowship Basic,Discovery Awards (or equivalent)
067422/Z/02/A,Senior Research Fellowship Basic,Discovery Awards (or equivalent)
067422/Z/02/Z,Senior Research Fellowship Basic,Discovery Awards (or equivalent)
067427/Z/02/A,Senior Research Fellowship Basic,Discovery Awards (or equivalent)
067427/Z/02/Z,Senior Research Fellowship Basic,Discovery Awards (or equivalent)
067431/Z/02/Z,Senior Research Fellowship Basic,Discovery Awards (or equivalent)
067433/Z/02/A,Senior Research Fellowship Basic,Discovery Awards (or equivalent)
067433/Z/02/Z,Senior Research Fellowship Basic,Discovery Awards (or equivalent)
067439/Z/02/A,Senior Research Fellowship Basic,Discovery Awards (or equivalent)
067439/Z/02/Z,Senior Research Fellowship Basic,Discovery Awards (or equivalent)
067440/Z/02/Z,Senior Research Fellowship Basic,Discovery Awards (or equivalent)
067441/B/02/Z,Senior Research Fellowship Basic,Discovery Awards (or equivalent)
067441/Z/02/B,Senior Research Fellowship Basic,Discovery Awards (or equivalent)
067441/Z/02/Z,Senior Research Fellowship Basic,Discovery Awards (or equivalent)
067442/Z/02/Z,Senior Research Fellowship Clinical,Discovery Awards (or equivalent)
067443/Z/02/A,Senior Research Fellowship Clinical,Discovery Awards (or equivalent)
067443/Z/02/Z,Senior Research Fellowship Clinical,Discovery Awards (or equivalent)
067446/Z/02/Z,Senior Research Fellowship Clinical,Discovery Awards (or equivalent)
067453/Z/02/Z,Senior Research Fellowship Clinical,Discovery Awards (or equivalent)
067454/B/02/Z,Senior Research Fellowship Clinical,Discovery Awards (or equivalent)
067454/Z/02/A,Senior Research Fellowship Clinical,Discovery Awards (or equivalent)
067454/Z/02/C,Senior Research Fellowship Clinical,Discovery Awards (or equivalent)
067454/Z/02/Z,Senior Research Fellowship Clinical,Discovery Awards (or equivalent)
068018/Z/02/Z,University Award in H&SS,Career Development (or equivalent)
068046/Z/02/Z,Technology Development Grant,Discovery Awards (or equivalent)
068049/Z/02/A,Technology Development Grant,Discovery Awards (or equivalent)
068049/Z/02/Z,Technology Development Grant,Discovery Awards (or equivalent)
068181/Z/02/Z,Technology Development Grant,Discovery Awards (or equivalent)
068213/Z/02/Z,Technology Development Grant,Discovery Awards (or equivalent)
068219/Z/02/Z,University Award in H&SS,Career Development (or equivalent)
068233/A/02/Z,Technology Development Grant,Discovery Awards (or equivalent)
068233/B/02/Z,Technology Development Grant,Discovery Awards (or equivalent)
068233/D/02/Z,Technology Development Grant,Discovery Awards (or equivalent)
068419/Z/02/Z,Technology Development Grant,Discovery Awards (or equivalent)
068468/Z/02/Z,Technology Development Grant,Discovery Awards (or equivalent)
068545/B/02/Z,Technology Development Grant,Discovery Awards (or equivalent)
068545/Z/02/A,Technology Development Grant,Discovery Awards (or equivalent)
068545/Z/02/Z,Technology Development Grant,Discovery Awards (or equivalent)
068554/A/02/A,Technology Development Grant,Discovery Awards (or equivalent)
068554/A/02/Z,Technology Development Grant,Discovery Awards (or equivalent)
068554/B/02/A,Technology Development Grant,Discovery Awards (or equivalent)
068554/B/02/Z,Technology Development Grant,Discovery Awards (or equivalent)
068567/Z/02/Z,Technology Development Grant,Discovery Awards (or equivalent)
068686/Z/02/A,Technology Development Grant,Discovery Awards (or equivalent)
068686/Z/02/Z,Technology Development Grant,Discovery Awards (or equivalent)
069242/Z/02/Z,Technology Development Grant,Discovery Awards (or equivalent)
069324/Z/02/Z,Technology Development Grant,Discovery Awards (or equivalent)
069739/Z/02/Z,University Award in H&SS,Career Development (or equivalent)
069889/Z/02/Z,Technology Development Grant,Discovery Awards (or equivalent)
069955/Z/02/A,Technology Development Grant,Discovery Awards (or equivalent)
069955/Z/02/Z,Technology Development Grant,Discovery Awards (or equivalent)
070122/A/02/Z,Technology Development Grant,Discovery Awards (or equivalent)
070122/B/02/Z,Technology Development Grant,Discovery Awards (or equivalent)
070122/C/02/Z,Technology Development Grant,Discovery Awards (or equivalent)
070131/Z/02/Z,Technology Development Grant,Discovery Awards (or equivalent)
070611/Z/03/Z,Research Resources Award,Directed
070612/Z/03/Z,Research Resources Award,Directed
070614/Z/03/Z,Research Resources Award,Directed
070619/Z/03/Z,University Award in H&SS,Career Development (or equivalent)
070750/Z/03/Z,Research Resources Award,Directed
070751/Z/03/Z,Research Resources Award,Directed
070798/Z/03/Z,Research Resources Award,Directed
070807/Z/03/Z,Research Resources Award,Directed
070810/Z/03/Z,Research Resources Award,Directed
070811/Z/03/Z,Research Resources Award,Directed
070813/Z/03/Z,Research Resources Award,Directed
070817/Z/03/Z,Research Resources Award,Directed
070819/Z/03/Z,Research Resources Award,Directed
070824/Z/03/Z,Research Resources Award,Directed
070825/Z/03/Z,University Award in H&SS,Career Development (or equivalent)
070826/Z/03/Z,Research Resources Award,Directed
070827/Z/03/Z,Research Resources Award,Directed
070828/Z/03/Z,Research Resources Award,Directed
070829/Z/03/Z,Research Resources Award,Directed
070830/Z/03/Z,Research Resources Award,Directed
070831/Z/03/Z,Research Resources Award,Directed
070832/Z/03/Z,Research Resources Award,Directed
070833/Z/03/Z,Research Resources Award,Directed
070834/Z/03/Z,Research Resources Award,Directed
070836/Z/03/Z,Research Resources Award,Directed
070837/Z/03/Z,Research Resources Award,Directed
070838/Z/03/Z,Research Resources Award,Directed
070839/Z/03/Z,Research Resources Award,Directed
070841/Z/03/Z,Research Resources Award,Directed
070842/Z/03/Z,Research Resources Award,Directed
070880/Z/03/Z,University Award in H&SS,Career Development (or equivalent)
070927/Z/03/Z,Research Resources Award,Directed
071012/Z/03/Z,Research Resources Award,Directed
071013/Z/03/Z,Research Resources Award,Directed
071014/Z/03/Z,Research Resources Award,Directed
071015/Z/03/Z,Research Resources Award,Directed
071016/Z/03/Z,Research Resources Award,Directed
071017/Z/03/Z,Research Resources Award,Directed
071018/Z/03/Z,Research Resources Award,Directed
071039/Z/03/Z,Research Resources Award,Directed
071095/Z/03/Z,Senior Research Fellowship Clinical,Discovery Awards (or equivalent)
071102/Z/03/Z,Senior Research Fellowship Basic,Discovery Awards (or equivalent)
071158/Z/03/Z,Senior Research Fellowship Basic,Discovery Awards (or equivalent)
071161/Z/03/Z,Senior Research Fellowship Basic,Discovery Awards (or equivalent)
071162/Z/03/A,Senior Research Fellowship Basic,Discovery Awards (or equivalent)
071162/Z/03/Z,Senior Research Fellowship Basic,Discovery Awards (or equivalent)
071173/Z/03/Z,Senior Research Fellowship Basic,Discovery Awards (or equivalent)
071179/Z/03/Z,Senior Research Fellowship Basic,Discovery Awards (or equivalent)
071187/Z/03/Z,Senior Research Fellowship Clinical,Discovery Awards (or equivalent)
071232/Z/03/Z,Technology Development Grant,Discovery Awards (or equivalent)
071246/Z/03/Z,Technology Development Grant,Discovery Awards (or equivalent)
071291/Z/03/A,Senior Research Fellowship Basic Renewal,Discovery Awards (or equivalent)
071291/Z/03/Z,Senior Research Fellowship Basic,Discovery Awards (or equivalent)
071388/Z/03/Z,Research Resources Award,Directed
072075/Z/03/Z,Technology Development Grant,Discovery Awards (or equivalent)
072153/Z/03/Z,Research Resources Award,Directed
072154/Z/03/Z,Research Resources Award,Directed
072160/B/03/Z,University Award in H&SS,Career Development (or equivalent)
072160/Z/03/Z,University Award in H&SS,Career Development (or equivalent)
072191/Z/03/Z,Research Resources Award,Directed
072193/Z/03/Z,Research Resources Award,Directed
072197/Z/03/Z,Research Resources Award,Directed
072199/Z/03/Z,Research Resources Award,Directed
072202/Z/03/Z,Research Resources Award,Directed
072224/Z/03/A,University Award in H&SS,Career Development (or equivalent)
072224/Z/03/Z,University Award in H&SS,Career Development (or equivalent)
072640/Z/03/Z,Technology Development Grant,Discovery Awards (or equivalent)
072824/Z/03/Z,Technology Development Grant,Discovery Awards (or equivalent)
072827/Z/03/Z,Technology Development Grant,Discovery Awards (or equivalent)
072829/Z/03/Z,Technology Development Grant,Discovery Awards (or equivalent)
072831/Z/03/Z,Technology Development Grant,Discovery Awards (or equivalent)
072833/Z/03/Z,Technology Development Grant,Discovery Awards (or equivalent)
072856/Z/03/A,Technology Development Grant,Discovery Awards (or equivalent)
072856/Z/03/Z,Technology Development Grant,Discovery Awards (or equivalent)
072863/Z/03/Z,Technology Development Grant,Discovery Awards (or equivalent)
072864/Z/03/Z,Technology Development Grant,Discovery Awards (or equivalent)
072894/Z/03/A,Technology Development Grant,Discovery Awards (or equivalent)
072894/Z/03/Z,Technology Development Grant,Discovery Awards (or equivalent)
072930/Z/03/Z,Technology Development Grant,Discovery Awards (or equivalent)
072937/Z/03/Z,Technology Development Grant,Discovery Awards (or equivalent)
072950/B/03/Z,Technology Development Grant,Discovery Awards (or equivalent)
072950/Z/03/Z,Technology Development Grant,Discovery Awards (or equivalent)
072952/Z/03/Z,Technology Development Grant,Discovery Awards (or equivalent)
072955/B/03/Z,Technology Development Grant,Discovery Awards (or equivalent)
072955/Z/03/Z,Technology Development Grant,Discovery Awards (or equivalent)
072960/Z/03/Z,Technology Development Grant,Discovery Awards (or equivalent)
072963/Z/03/Z,Technology Development Grant,Discovery Awards (or equivalent)
072974/Z/03/Z,Technology Development Grant,Discovery Awards (or equivalent)
073885/Z/03/Z,Research Resources Award,Directed
073892/Z/03/A,Research Resources Award,Directed
073892/Z/03/Z,Research Resources Award,Directed
073895/Z/03/Z,Research Resources Award,Directed
073910/Z/03/Z,Research Resources Award,Directed
073912/Z/03/A,Research Resources Award,Directed
073912/Z/03/Z,Research Resources Award,Directed
073990/Z/03/A,Wellcome Trust Centre,Directed
073990/Z/03/B,Wellcome Trust Centre,Directed
073990/Z/03/C,Wellcome Trust Centre,Directed
073990/Z/03/D,Wellcome Trust Centre,Directed
073990/Z/03/Z,Wellcome Trust Centre,Directed
074245/Z/04/Z,Research Resources Award,Directed
074302/Z/04/Z,University Award in H&SS,Career Development (or equivalent)
074318/Z/04/A,Senior Research Fellowship Clinical,Discovery Awards (or equivalent)
074318/Z/04/Z,Senior Research Fellowship Clinical,Discovery Awards (or equivalent)
074343/Z/04/B,Senior Research Fellowship Basic,Discovery Awards (or equivalent)
074343/Z/04/Z,Senior Research Fellowship Basic,Discovery Awards (or equivalent)
074385/Z/04/Z,Senior Research Fellowship Basic,Discovery Awards (or equivalent)
074394/B/04/A,Senior Research Fellowship Basic,Discovery Awards (or equivalent)
074394/Z/04/A,Senior Research Fellowship Basic,Discovery Awards (or equivalent)
074394/Z/04/Z,Senior Research Fellowship Basic,Discovery Awards (or equivalent)
074414/Z/04/Z,Senior Research Fellowship Basic,Discovery Awards (or equivalent)
074417/Z/04/Z,Senior Research Fellowship Basic,Discovery Awards (or equivalent)
074524/B/04/Z,Senior Research Fellowship Basic,Discovery Awards (or equivalent)
074524/Z/04/Z,Senior Research Fellowship Basic,Discovery Awards (or equivalent)
074679/Z/04/A,Senior Research Fellowship Basic,Discovery Awards (or equivalent)
074679/Z/04/Z,Senior Research Fellowship Basic,Discovery Awards (or equivalent)
074808/Z/04/Z,Research Resources Award,Directed
074810/Z/04/Z,Research Resources Award,Directed
074813/Z/04/Z,Research Resources Award,Directed
074832/Z/04/Z,Research Resources Award,Directed
074839/Z/04/Z,Research Resources Award,Directed
074894/Z/04/Z,Research Resources Award,Directed
074963/Z/04/Z,University Award in H&SS,Career Development (or equivalent)
075491/Z/04/A,Wellcome Trust Centre,Directed
075491/Z/04/B,Wellcome Trust Centre,Directed
075491/Z/04/Z,Wellcome Trust Centre,Directed
075661/Z/04/A,Wellcome Trust Centre,Directed
075661/Z/04/B,Wellcome Trust Centre,Directed
075661/Z/04/C,Wellcome Trust Centre,Directed
075661/Z/04/Z,Wellcome Trust Centre,Directed
075966/Z/04/Z,Research Fellowship in H&SS,Discovery Awards (or equivalent)
075968/Z/04/A,Biomedical Resources Grant,Directed
075968/Z/04/Z,Biomedical Resources Grant,Directed
076060/Z/04/Z,Technology Development Grant,Discovery Awards (or equivalent)
076069/B/04/Z,Technology Development Grant,Discovery Awards (or equivalent)
076069/Z/04/Z,Technology Development Grant,Discovery Awards (or equivalent)
076159/Z/04/Z,Research Fellowship in H&SS,Discovery Awards (or equivalent)
076608/Z/05/Z,Senior Research Fellowship Basic,Discovery Awards (or equivalent)
076616/Z/05/A,Senior Research Fellowship Basic,Discovery Awards (or equivalent)
076616/Z/05/Z,Senior Research Fellowship Basic,Discovery Awards (or equivalent)
076694/Z/05/A,Senior Research Fellowship Basic,Discovery Awards (or equivalent)
076694/Z/05/Z,Senior Research Fellowship Basic,Discovery Awards (or equivalent)
076739/Z/05/Z,Biomedical Resources Grant,Directed
076783/Z/05/B,Senior Research Fellowship Clinical,Discovery Awards (or equivalent)
076783/Z/05/C,Clinical Excellence Award,Other
076784/Z/05/Z,Research Resources Award,Directed
076787/Z/05/Z,Research Resources Award,Directed
076790/Z/05/Z,Research Resources Award,Directed
076795/Z/05/Z,Research Resources Award,Directed
076799/Z/05/Z,Research Resources Award,Directed
076801/Z/05/Z,Research Resources Award,Directed
076803/Z/05/Z,Research Resources Award,Directed
076826/Z/05/Z,Research Resources Award,Directed
076827/Z/05/A,Clinical Excellence Award,Other
076827/Z/05/B,Senior Research Fellowship Clinical,Discovery Awards (or equivalent)
076827/Z/05/C,Clinical Excellence Award,Other
076827/Z/05/Z,Senior Research Fellowship Clinical,Discovery Awards (or equivalent)
076828/Z/05/Z,Research Resources Award,Directed
076830/Z/05/Z,Research Fellowship in H&SS,Discovery Awards (or equivalent)
076832/Z/05/Z,Research Resources Award,Directed
076852/Z/05/Z,Research Fellowship in H&SS,Discovery Awards (or equivalent)
076906/Z/05/Z,Research Fellowship in H&SS,Discovery Awards (or equivalent)
076934/Z/05/A,Clinical Excellence Award,Other
076934/Z/05/Z,Senior Research Fellowship Clinical,Discovery Awards (or equivalent)
076943/Z/05/Z,Senior Research Fellowship Clinical,Discovery Awards (or equivalent)
076945/Z/05/A,Senior Research Fellowship Clinical,Discovery Awards (or equivalent)
076945/Z/05/Z,Senior Research Fellowship Clinical,Discovery Awards (or equivalent)
076956/Z/05/A,Senior Research Fellowship Clinical,Discovery Awards (or equivalent)
076956/Z/05/Z,Senior Research Fellowship Clinical,Discovery Awards (or equivalent)
077100/Z/05/A,Wellcome Trust Centre,Directed
077100/Z/05/Z,Wellcome Trust Centre,Directed
077121/Z/05/Z,Biomedical Resources Grant,Directed
077128/Z/05/Z,Technology Development Grant,Discovery Awards (or equivalent)
077435/Z/05/Z,Research Resources Award,Directed
077436/Z/05/Z,Research Resources Award,Directed
077438/Z/05/Z,Research Resources Award,Directed
077440/Z/05/Z,Research Resources Award,Directed
077445/Z/05/Z,Research Resources Award,Directed
077548/Z/05/Z,Research Fellowship in H&SS,Discovery Awards (or equivalent)
077550/Z/05/A,Research Fellowship in H&SS,Discovery Awards (or equivalent)
077550/Z/05/Z,Research Fellowship in H&SS,Discovery Awards (or equivalent)
077558/Z/05/A,University Award in H&SS,Career Development (or equivalent)
077558/Z/05/Z,University Award in H&SS,Career Development (or equivalent)
077707/Z/05/A,Wellcome Trust Centre,Directed
077707/Z/05/B,Wellcome Trust Centre,Directed
077707/Z/05/Z,Wellcome Trust Centre,Directed
077858/Z/05/Z,PhD Studentship in H&SS,Other
077866/Z/05/Z,PhD Studentship in H&SS,Other
077869/Z/05/Z,PhD Studentship in H&SS,Other
077879/Z/05/Z,PhD Studentship in H&SS,Other
077887/Z/05/Z,PhD Studentship in H&SS,Other
077889/Z/05/A,PhD Studentship in H&SS,Other
077889/Z/05/Z,PhD Studentship in H&SS,Other
077896/Z/05/Z,PhD Studentship in H&SS,Other
077905/Z/05/Z,PhD Studentship in H&SS,Other
077915/Z/05/Z,PhD Studentship in H&SS,Other
077962/Z/05/Z,PhD Studentship in H&SS,Other
077981/Z/05/A,PhD Studentship in H&SS,Other
077981/Z/05/Z,PhD Studentship in H&SS,Other
077985/Z/05/Z,PhD Studentship in H&SS,Other
077990/Z/05/Z,PhD Studentship in H&SS,Other
078001/Z/05/Z,PhD Studentship in H&SS,Other
078282/Z/05/A,Wellcome Trust Centre,Directed
078282/Z/05/Z,Wellcome Trust Centre,Directed
078282/Z/15/Z,Open Access for Terminated Award,Other
078327/Z/05/B,Biomedical Resources Grant,Directed
078327/Z/05/Z,Biomedical Resources Grant,Directed
078703/Z/05/Z,University Award in H&SS,Career Development (or equivalent)
078721/Z/05/Z,Research Fellowship in H&SS,Discovery Awards (or equivalent)
078727/Z/05/Z,Research Fellowship in H&SS,Discovery Awards (or equivalent)
078737/Z/05/A,Research Fellowship in H&SS,Discovery Awards (or equivalent)
078737/Z/05/Z,Research Fellowship in H&SS,Discovery Awards (or equivalent)
078803/Z/05/Z,Research Resources Award,Directed
078805/Z/05/Z,Research Resources Award,Directed
078828/Z/05/Z,Research Resources Award,Directed
078850/Z/05/Z,Research Resources Award,Directed
078856/Z/05/A,Research Resources Award,Directed
078856/Z/05/Z,Research Resources Award,Directed
078876/Z/05/Z,Research Fellowship in H&SS,Discovery Awards (or equivalent)
078923/Z/05/Z,PhD Studentship in H&SS,Other
079040/Z/06/Z,Senior Research Fellowship Basic,Discovery Awards (or equivalent)
079059/Z/06/Z,Senior Research Fellowship Basic,Discovery Awards (or equivalent)
079082/B/06/A,Senior Research Fellowship Basic,Discovery Awards (or equivalent)
079082/B/06/Z,Senior Research Fellowship Basic,Discovery Awards (or equivalent)
079082/Z/06/A,Senior Research Fellowship Basic,Discovery Awards (or equivalent)
079082/Z/06/Z,Senior Research Fellowship Basic,Discovery Awards (or equivalent)
079091/Z/06/Z,Senior Research Fellowship Basic,Discovery Awards (or equivalent)
079110/Z/06/A,Senior Research Fellowship Clinical,Discovery Awards (or equivalent)
079110/Z/06/B,Clinical Excellence Award,Other
079110/Z/06/Z,Senior Research Fellowship Clinical,Discovery Awards (or equivalent)
079209/Z/06/Z,Biomedical Resources Grant,Directed
079235/Z/06/A,Senior Research Fellowship Basic,Discovery Awards (or equivalent)
079235/Z/06/Z,Senior Research Fellowship Basic,Discovery Awards (or equivalent)
079249/Z/06/A,PhD Studentship (Basic),Other
079249/Z/06/B,Wellcome Trust Centre,Directed
079249/Z/06/C,Wellcome Trust Centre,Directed
079249/Z/06/D,Wellcome Trust Centre,Directed
079249/Z/06/E,Wellcome Trust Centre,Directed
079249/Z/06/F,Wellcome Trust Centre,Directed
079249/Z/06/G,Wellcome Trust Centre,Directed
079249/Z/06/H,Wellcome Trust Centre,Directed
079249/Z/06/I,Wellcome Trust Centre,Directed
079249/Z/06/Z,Wellcome Trust Centre,Directed
079327/Z/06/A,Biomedical Resources Grant,Directed
079327/Z/06/Z,Biomedical Resources Grant,Directed
079529/Z/06/Z,Research Fellowship in H&SS,Discovery Awards (or equivalent)
079666/Z/06/A,Senior Research Fellowship Clinical,Discovery Awards (or equivalent)
079666/Z/06/Z,Senior Research Fellowship Clinical,Discovery Awards (or equivalent)
079743/Z/06/A,Research Fellowship in H&SS,Discovery Awards (or equivalent)
079743/Z/06/Z,Research Fellowship in H&SS,Discovery Awards (or equivalent)
080074/Z/06/Z,Research Resources Award,Directed
080075/Z/06/Z,Research Resources Award,Directed
080080/Z/06/Z,Research Resources Award,Directed
080087/Z/06/Z,Technology Development Grant,Discovery Awards (or equivalent)
080092/Z/06/Z,Research Resources Award,Directed
080094/Z/06/Z,Research Resources Award,Directed
080109/Z/06/Z,Research Resources Award,Directed
080110/Z/06/Z,Research Resources Award,Directed
080112/Z/06/Z,Research Resources Award,Directed
080114/Z/06/Z,Research Resources Award,Directed
080117/Z/06/Z,Research Resources Award,Directed
080128/Z/06/Z,Research Fellowship in H&SS,Discovery Awards (or equivalent)
080133/Z/06/Z,Research Fellowship in H&SS,Discovery Awards (or equivalent)
080137/Z/06/Z,University Award in H&SS,Career Development (or equivalent)
080137/Z/17/A,Open Access for Terminated Award,Other
080161/Z/06/Z,Research Fellowship in H&SS,Discovery Awards (or equivalent)
080209/Z/06/A,University Award in H&SS,Career Development (or equivalent)
080209/Z/06/B,University Award in H&SS,Career Development (or equivalent)
080209/Z/06/Z,University Award in H&SS,Career Development (or equivalent)
080419/Z/06/Z,Research Resources Award,Directed
080422/Z/06/Z,Research Resources Award,Directed
080526/Z/06/Z,PhD Studentship in H&SS,Other
080528/Z/06/Z,PhD Studentship in H&SS,Other
080529/Z/06/Z,PhD Studentship in H&SS,Other
080530/Z/06/Z,PhD Studentship in H&SS,Other
080534/Z/06/Z,International Training Fellowship,Early Career (or equivalent)
080535/Z/06/Z,International Training Fellowship,Early Career (or equivalent)
080546/Z/06/A,PhD Studentship in H&SS,Other
080546/Z/06/B,PhD Studentship in H&SS,Other
080546/Z/06/Z,PhD Studentship in H&SS,Other
080594/Z/06/Z,PhD Studentship in H&SS,Other
080643/Z/06/Z,PhD Studentship in H&SS,Other
080644/Z/06/Z,PhD Studentship in H&SS,Other
080650/Z/06/Z,PhD Studentship in H&SS,Other
080651/Z/06/Z,PhD Studentship in H&SS,Other
080652/Z/06/Z,PhD Studentship in H&SS,Other
080655/Z/06/Z,PhD Studentship in H&SS,Other
080659/Z/06/Z,PhD Studentship in H&SS,Other
080660/Z/06/Z,PhD Studentship in H&SS,Other
080723/Z/06/Z,International Training Fellowship,Early Career (or equivalent)
080867/Z/06/Z,International Intermediate Fellowship,Career Development (or equivalent)
080929/Z/06/Z,International Training Fellowship,Early Career (or equivalent)
081149/Z/06/Z,Research Resources Award,Directed
081407/Z/06/A,Research Fellowship in H&SS,Discovery Awards (or equivalent)
081407/Z/06/Z,Research Fellowship in H&SS,Discovery Awards (or equivalent)
081454/Z/06/A,University Award in H&SS,Career Development (or equivalent)
081454/Z/06/Z,University Award in H&SS,Career Development (or equivalent)
081478/Z/06/A,University Award in H&SS,Career Development (or equivalent)
081478/Z/06/Z,University Award in H&SS,Career Development (or equivalent)
081493/Z/06/Z,Research Fellowship in H&SS,Discovery Awards (or equivalent)
081498/Z/06/Z,Research Fellowship in H&SS,Discovery Awards (or equivalent)
081507/Z/06/Z,Research Fellowship in H&SS,Discovery Awards (or equivalent)
081602/Z/06/Z,Research Resources Award,Directed
081617/Z/06/Z,Research Resources Award,Directed
081623/Z/06/Z,Research Resources Award,Directed
081624/Z/06/Z,Senior Research Fellowship Basic,Discovery Awards (or equivalent)
081658/Z/06/A,Research Resources Award,Directed
081658/Z/06/Z,Research Resources Award,Directed
081664/Z/06/Z,Research Resources Award,Directed
081682/Z/06/Z,Senior Research Fellowship Basic,Discovery Awards (or equivalent)
081696/Z/06/A,Senior Research Fellowship Basic,Discovery Awards (or equivalent)
081696/Z/06/B,Senior Research Fellowship Basic,Discovery Awards (or equivalent)
081713/Z/06/Z,Senior Research Fellowship Basic,Discovery Awards (or equivalent)
081752/Z/06/Z,Research Resources Award,Directed
081753/Z/06/Z,Research Fellowship in H&SS,Discovery Awards (or equivalent)
081816/B/06/A,Senior Research Fellowship Basic,Discovery Awards (or equivalent)
081816/B/06/Z,Senior Research Fellowship Basic,Discovery Awards (or equivalent)
081816/Z/06/Z,Senior Research Fellowship Basic,Discovery Awards (or equivalent)
081829/Z/06/Z,International Training Fellowship,Early Career (or equivalent)
081835/Z/06/B,Clinical Excellence Award,Other
081835/Z/06/Z,Senior Research Fellowship Clinical,Discovery Awards (or equivalent)
081979/Z/07/Z,Biomedical Resources Grant,Directed
081989/Z/07/A,Biomedical Resources Grant,Directed
081989/Z/07/Z,Biomedical Resources Grant,Directed
082178/Z/07/A,Senior Research Fellowship Clinical,Discovery Awards (or equivalent)
082178/Z/07/Z,Senior Research Fellowship Clinical,Discovery Awards (or equivalent)
082213/B/07/Z,Research Fellowship in H&SS,Discovery Awards (or equivalent)
082213/Z/07/Z,Research Fellowship in H&SS,Discovery Awards (or equivalent)
082229/Z/07/Z,Research Fellowship in H&SS,Discovery Awards (or equivalent)
082242/Z/07/Z,Research Fellowship in H&SS,Discovery Awards (or equivalent)
082252/Z/07/Z,Research Fellowship in H&SS,Discovery Awards (or equivalent)
082265/Z/07/A,Senior Research Fellowship Clinical,Discovery Awards (or equivalent)
082265/Z/07/Z,Senior Research Fellowship Clinical,Discovery Awards (or equivalent)
082291/Z/07/Z,Senior Research Fellowship Clinical,Discovery Awards (or equivalent)
082345/Z/07/A,Senior Research Fellowship Clinical,Discovery Awards (or equivalent)
082381/Z/07/A,Senior Research Fellowship Clinical,Discovery Awards (or equivalent)
082381/Z/07/Z,Senior Research Fellowship Clinical,Discovery Awards (or equivalent)
082390/Z/07/Z,Senior Research Fellowship Clinical,Discovery Awards (or equivalent)
082557/B/07/A,Biomedical Resources Grant,Directed
082557/B/07/Z,Biomedical Resources Grant,Directed
082557/Z/07/Z,Biomedical Resources Grant,Directed
082572/Z/07/Z,Sir Henry Wellcome Postdoctoral Fellowship,Early Career (or equivalent)
082598/Z/07/Z,Biomedical Resources Grant,Directed
082603/A/07/Z,Biomedical Resources Grant,Directed
082603/B/07/Z,Biomedical Resources Grant,Directed
082623/B/07/Z,Sir Henry Wellcome Postdoctoral Fellowship,Early Career (or equivalent)
082623/Z/07/Z,Sir Henry Wellcome Postdoctoral Fellowship,Early Career (or equivalent)
082659/Z/07/Z,Sir Henry Wellcome Postdoctoral Fellowship,Early Career (or equivalent)
082674/Z/07/Z,Sir Henry Wellcome Postdoctoral Fellowship,Early Career (or equivalent)
082675/Z/07/Z,Sir Henry Wellcome Postdoctoral Fellowship,Early Career (or equivalent)
082683/Z/07/Z,Sir Henry Wellcome Postdoctoral Fellowship,Early Career (or equivalent)
082692/Z/07/Z,Sir Henry Wellcome Postdoctoral Fellowship,Early Career (or equivalent)
082694/Z/07/Z,Sir Henry Wellcome Postdoctoral Fellowship,Early Career (or equivalent)
082699/Z/07/Z,Sir Henry Wellcome Postdoctoral Fellowship,Early Career (or equivalent)
082708/Z/07/Z,Sir Henry Wellcome Postdoctoral Fellowship,Early Career (or equivalent)
082713/Z/07/Z,Sir Henry Wellcome Postdoctoral Fellowship,Early Career (or equivalent)
082715/B/07/Z,Sir Henry Wellcome Postdoctoral Fellowship,Early Career (or equivalent)
082715/Z/07/Z,Sir Henry Wellcome Postdoctoral Fellowship,Early Career (or equivalent)
082716/B/07/Z,Sir Henry Wellcome Postdoctoral Fellowship,Early Career (or equivalent)
082716/Z/07/Z,Sir Henry Wellcome Postdoctoral Fellowship,Early Career (or equivalent)
082719/Z/07/Z,Sir Henry Wellcome Postdoctoral Fellowship,Early Career (or equivalent)
082727/Z/07/Z,Sir Henry Wellcome Postdoctoral Fellowship,Early Career (or equivalent)
082733/Z/07/Z,Sir Henry Wellcome Postdoctoral Fellowship,Early Career (or equivalent)
082739/Z/07/Z,Sir Henry Wellcome Postdoctoral Fellowship,Early Career (or equivalent)
082744/Z/07/Z,Sir Henry Wellcome Postdoctoral Fellowship,Early Career (or equivalent)
082774/Z/07/A,Open Access for Terminated Award,Other
082774/Z/07/Z,Sir Henry Wellcome Postdoctoral Fellowship,Early Career (or equivalent)
082775/Z/07/Z,International Training Fellowship,Early Career (or equivalent)
082775/Z/15/A,Open Access for Terminated Award,Other
082797/Z/07/Z,Research Resources Award,Directed
082821/Z/07/Z,Research Resources Award,Directed
082823/Z/07/Z,Research Resources Award,Directed
082899/Z/07/Z,Research Resources Award,Directed
082902/Z/07/Z,Research Resources Award,Directed
082912/Z/07/Z,Biomedical Resources Grant,Directed
082930/Z/07/Z,Technology Development Grant,Discovery Awards (or equivalent)
082964/Z/07/Z,Research Fellowship in H&SS,Discovery Awards (or equivalent)
082969/Z/07/Z,Research Fellowship in H&SS,Discovery Awards (or equivalent)
082971/Z/07/Z,University Award in H&SS,Career Development (or equivalent)
083053/Z/07/Z,Research Resources Award,Directed
083076/Z/07/Z,Research Resources Award,Directed
083197/Z/07/Z,University Award in H&SS,Career Development (or equivalent)
083245/Z/07/Z,PhD Studentship in H&SS,Other
083276/Z/07/Z,PhD Studentship in H&SS,Other
083278/Z/07/Z,PhD Studentship in H&SS,Other
083303/Z/07/A,PhD Studentship in H&SS,Other
083303/Z/07/Z,PhD Studentship in H&SS,Other
083310/Z/07/Z,PhD Studentship in H&SS,Other
083317/Z/07/Z,PhD Studentship in H&SS,Other
083319/Z/07/Z,PhD Studentship in H&SS,Other
083324/Z/07/Z,PhD Studentship in H&SS,Other
083326/Z/07/Z,PhD Studentship in H&SS,Other
083339/Z/07/Z,Research Fellowship in H&SS,Discovery Awards (or equivalent)
083347/Z/07/Z,PhD Studentship in H&SS,Other
083392/Z/07/Z,PhD Programme (Clinical),Directed
083396/Z/07/Z,PhD Studentship in H&SS,Other
083402/Z/07/Z,PhD Studentship in H&SS,Other
083402/Z/16/A,Open Access for Terminated Award,Other
083408/Z/07/Z,PhD Studentship in H&SS,Other
083416/Z/07/Z,PhD Programme (Clinical),Directed
083417/Z/07/Z,PhD Programme (Clinical),Directed
083418/Z/07/Z,PhD Programme (Clinical),Directed
083420/Z/07/Z,PhD Programme (Basic & Clinical),Other
083422/Z/07/Z,PhD Programme (Clinical),Directed
083425/Z/07/Z,PhD Programme (Clinical),Directed
083428/Z/07/Z,PhD Programme (Clinical),Directed
083607/Z/07/A,International Training Fellowship,Early Career (or equivalent)
083607/Z/07/Z,International Training Fellowship,Early Career (or equivalent)
083619/Z/07/Z,International Training Fellowship,Early Career (or equivalent)
083700/Z/07/Z,Biomedical Resources Grant,Directed
083796/Z/07/Z,Biomedical Resources Grant,Directed
083890/B/07/Z,Biomedical Resources Grant,Directed
083890/Z/07/Z,Biomedical Resources Grant,Directed
084054/Z/07/Z,Research Resources Award,Directed
084067/Z/07/Z,Technology Development Grant,Discovery Awards (or equivalent)
084107/B/07/Z,Biomedical Resources Grant,Directed
084107/Z/07/Z,Biomedical Resources Grant,Directed
084128/Z/07/Z,University Award in H&SS,Career Development (or equivalent)
084161/Z/07/Z,Research Fellowship in H&SS,Discovery Awards (or equivalent)
084173/B/07/Z,Research Fellowship in H&SS,Discovery Awards (or equivalent)
084173/B/17/A,Open Access for Terminated Award,Other
084173/Z/07/Z,Research Fellowship in H&SS,Discovery Awards (or equivalent)
084176/Z/07/Z,Research Resources Award,Directed
084183/Z/07/Z,Biomedical Resources Grant,Directed
084207/Z/07/Z,Research Resources Award,Directed
084210/Z/07/A,Senior Research Fellowship Basic Renewal,Discovery Awards (or equivalent)
084210/Z/07/Z,Senior Research Fellowship Basic,Discovery Awards (or equivalent)
084225/Z/07/Z,Research Resources Award,Directed
084227/Z/07/Z,Research Resources Award,Directed
084229/Z/07/A,Enhancement,Other
084229/Z/07/Z,Senior Research Fellowship Basic,Discovery Awards (or equivalent)
084250/Z/07/Z,Research Resources Award,Directed
084252/Z/07/Z,Research Resources Award,Directed
084265/Z/07/A,Enhancement,Other
084265/Z/07/B,Senior Research Fellowship Basic Renewal,Discovery Awards (or equivalent)
084265/Z/07/Z,Senior Research Fellowship Basic,Discovery Awards (or equivalent)
084292/Z/07/A,Biomedical Resources Grant,Directed
084368/Z/07/Z,Senior Research Fellowship Basic,Discovery Awards (or equivalent)
084378/B/07/A,Sanger Resource Collaboration,Directed
084378/Z/07/A,International Intermediate Fellowship,Career Development (or equivalent)
084516/Z/07/Z,International Training Fellowship,Early Career (or equivalent)
084670/Z/08/Z,International Training Fellowship,Early Career (or equivalent)
084757/Z/08/Z,Biomedical Resources Grant,Directed
084835/Z/08/Z,Technology Development Grant,Discovery Awards (or equivalent)
084951/Z/08/Z,Research Fellowship in H&SS,Discovery Awards (or equivalent)
084953/Z/08/A,Senior Research Fellowship Clinical,Discovery Awards (or equivalent)
084953/Z/08/Z,Senior Research Fellowship Clinical,Discovery Awards (or equivalent)
084965/B/08/Z,Research Fellowship in H&SS,Discovery Awards (or equivalent)
084965/Z/08/Z,Research Fellowship in H&SS,Discovery Awards (or equivalent)
084988/Z/08/Z,Research Fellowship in H&SS,Discovery Awards (or equivalent)
085084/Z/08/Z,Research Resources Award,Directed
085258/B/08/A,Research Fellowship in H&SS,Discovery Awards (or equivalent)
085258/B/08/Z,Research Fellowship in H&SS,Discovery Awards (or equivalent)
085258/Z/08/Z,Research Fellowship in H&SS,Discovery Awards (or equivalent)
085349/Z/08/A,Wellcome Trust Centre,Directed
085349/Z/08/C,People Award,Other
085349/Z/08/Z,Wellcome Trust Centre,Directed
085406/Z/08/Z,Biomedical Resources Grant,Directed
085409/Z/08/Z,Research Resources Award,Directed
085411/Z/08/Z,International Training Fellowship,Early Career (or equivalent)
085457/Z/08/Z,Technology Development Grant,Discovery Awards (or equivalent)
085458/Z/08/Z,Sir Henry Wellcome Postdoctoral Fellowship,Early Career (or equivalent)
085474/Z/08/Z,Sir Henry Wellcome Postdoctoral Fellowship,Early Career (or equivalent)
085481/Z/08/Z,Sir Henry Wellcome Postdoctoral Fellowship,Early Career (or equivalent)
085483/Z/08/Z,Sir Henry Wellcome Postdoctoral Fellowship,Early Career (or equivalent)
085494/Z/08/Z,Sir Henry Wellcome Postdoctoral Fellowship,Early Career (or equivalent)
085496/Z/08/Z,Sir Henry Wellcome Postdoctoral Fellowship,Early Career (or equivalent)
085506/Z/08/Z,Sir Henry Wellcome Postdoctoral Fellowship,Early Career (or equivalent)
085509/Z/08/Z,Sir Henry Wellcome Postdoctoral Fellowship,Early Career (or equivalent)
085510/Z/08/Z,Sir Henry Wellcome Postdoctoral Fellowship,Early Career (or equivalent)
085511/Z/08/Z,Sir Henry Wellcome Postdoctoral Fellowship,Early Career (or equivalent)
085515/Z/08/Z,Sir Henry Wellcome Postdoctoral Fellowship,Early Career (or equivalent)
085523/Z/08/Z,Sir Henry Wellcome Postdoctoral Fellowship,Early Career (or equivalent)
085540/Z/08/Z,Sir Henry Wellcome Postdoctoral Fellowship,Early Career (or equivalent)
085541/Z/08/Z,Sir Henry Wellcome Postdoctoral Fellowship,Early Career (or equivalent)
085549/Z/08/Z,Sir Henry Wellcome Postdoctoral Fellowship,Early Career (or equivalent)
085599/Z/08/Z,Sir Henry Wellcome Postdoctoral Fellowship,Early Career (or equivalent)
085605/B/08/Z,Sir Henry Wellcome Postdoctoral Fellowship,Early Career (or equivalent)
085605/Z/08/Z,Sir Henry Wellcome Postdoctoral Fellowship,Early Career (or equivalent)
085795/Z/08/Z,Research Resources Award,Directed
085815/Z/08/Z,Research Resources Award,Directed
085822/A/08/Z,Biomedical Resources Grant,Directed
085822/B/08/Z,Biomedical Resources Grant,Directed
085826/Z/08/Z,Research Resources Award,Directed
085830/Z/08/Z,Research Resources Award,Directed
085857/Z/08/A,Research Resources Award,Directed
085857/Z/08/Z,Research Resources Award,Directed
085859/Z/08/Z,Research Resources Award,Directed
085860/Z/08/Z,Biomedical Resources Grant,Directed
085863/Z/08/Z,Research Resources Award,Directed
085906/Z/08/A,Biomedical Resources Grant,Directed
085906/Z/08/Z,Biomedical Resources Grant,Directed
085911/Z/08/Z,Research Resources Award,Directed
085925/Z/08/Z,Biomedical Resources Grant,Directed
085926/Z/08/Z,University Award in H&SS,Career Development (or equivalent)
085949/Z/08/Z,Biomedical Resources Grant,Directed
085981/Z/08/Z,Technology Development Grant,Discovery Awards (or equivalent)
085982/Z/08/Z,Technology Development Grant,Discovery Awards (or equivalent)
086000/Z/08/Z,Research Resources Award,Directed
086015/Z/08/Z,Research Fellowship in H&SS,Discovery Awards (or equivalent)
086072/Z/08/Z,PhD Studentship in H&SS,Other
086114/Z/08/Z,Technology Development Grant,Discovery Awards (or equivalent)
086159/Z/08/Z,Biomedical Resources Grant,Directed
086160/Z/08/A,Biomedical Resources Grant,Directed
086166/Z/08/Z,International Training Fellowship,Early Career (or equivalent)
086199/Z/08/Z,PhD Studentship in H&SS,Other
086202/Z/08/Z,PhD Studentship in H&SS,Other
086206/Z/08/Z,PhD Studentship in H&SS,Other
086216/Z/08/Z,PhD Studentship in H&SS,Other
086218/Z/08/Z,PhD Studentship in H&SS,Other
086220/Z/08/Z,PhD Studentship in H&SS,Other
086292/Z/08/Z,PhD Studentship in H&SS,Other
086300/Z/08/A,PhD Studentship in H&SS,Other
086300/Z/08/B,PhD Studentship in H&SS,Other
086300/Z/08/Z,PhD Studentship in H&SS,Other
086307/Z/08/Z,PhD Studentship in H&SS,Other
086423/Z/08/Z,International Intermediate Fellowship,Career Development (or equivalent)
086505/Z/08/Z,International Training Fellowship,Early Career (or equivalent)
086547/Z/08/Z,Biomedical Resources Grant,Directed
086696/Z/08/Z,Technology Development Grant,Discovery Awards (or equivalent)
086699/Z/08/Z,Biomedical Resources Grant,Directed
086702/Z/08/Z,PhD Training Fellowship for Clinicians,Early Career (or equivalent)
086716/Z/08/Z,Biomedical Resources Grant,Directed
086756/B/08/Z,PhD Training Fellowship for Clinicians,Early Career (or equivalent)
086756/Z/08/Z,PhD Training Fellowship for Clinicians,Early Career (or equivalent)
086757/Z/08/A,PhD Training Fellowship for Clinicians,Early Career (or equivalent)
086757/Z/08/Z,PhD Training Fellowship for Clinicians,Early Career (or equivalent)
086758/B/08/Z,PhD Training Fellowship for Clinicians,Early Career (or equivalent)
086758/Z/08/Z,PhD Training Fellowship for Clinicians,Early Career (or equivalent)
086932/Z/08/Z,Biomedical Resources Grant,Directed
086951/Z/08/Z,Research Resources Award,Directed
086966/Z/08/Z,Research Resources Award,Directed
086968/Z/08/Z,Research Resources Award,Directed
087005/Z/08/A,PhD Training Fellowship for Clinicians,Early Career (or equivalent)
087005/Z/08/Z,PhD Training Fellowship for Clinicians,Early Career (or equivalent)
087006/Z/08/A,PhD Training Fellowship for Clinicians,Early Career (or equivalent)
087006/Z/08/Z,PhD Training Fellowship for Clinicians,Early Career (or equivalent)
087007/Z/08/Z,PhD Training Fellowship for Clinicians,Early Career (or equivalent)
087008/Z/08/Z,PhD Training Fellowship for Clinicians,Early Career (or equivalent)
087009/Z/08/A,PhD Training Fellowship for Clinicians,Early Career (or equivalent)
087009/Z/08/Z,PhD Training Fellowship for Clinicians,Early Career (or equivalent)
087020/Z/08/Z,PhD Training Fellowship for Clinicians,Early Career (or equivalent)
087076/Z/08/A,PhD Training Fellowship for Clinicians,Early Career (or equivalent)
087076/Z/08/Z,PhD Training Fellowship for Clinicians,Early Career (or equivalent)
087077/Z/08/A,PhD Training Fellowship for Clinicians,Early Career (or equivalent)
087077/Z/08/Z,PhD Training Fellowship for Clinicians,Early Career (or equivalent)
087078/Z/08/A,PhD Training Fellowship for Clinicians,Early Career (or equivalent)
087078/Z/08/Z,PhD Training Fellowship for Clinicians,Early Career (or equivalent)
087079/Z/08/A,PhD Training Fellowship for Clinicians,Early Career (or equivalent)
087079/Z/08/Z,PhD Training Fellowship for Clinicians,Early Career (or equivalent)
087102/Z/08/Z,Research Fellowship in H&SS,Discovery Awards (or equivalent)
087116/Z/08/Z,Research Fellowship in H&SS,Discovery Awards (or equivalent)
087179/Z/08/Z,PhD Training Fellowship for Clinicians,Early Career (or equivalent)
087180/Z/08/Z,PhD Training Fellowship for Clinicians,Early Career (or equivalent)
087181/Z/08/Z,PhD Training Fellowship for Clinicians,Early Career (or equivalent)
087182/Z/08/A,PhD Training Fellowship for Clinicians,Early Career (or equivalent)
087182/Z/08/Z,PhD Training Fellowship for Clinicians,Early Career (or equivalent)
087183/Z/08/A,PhD Training Fellowship for Clinicians,Early Career (or equivalent)
087183/Z/08/Z,PhD Training Fellowship for Clinicians,Early Career (or equivalent)
087196/Z/08/A,PhD Training Fellowship for Clinicians,Early Career (or equivalent)
087196/Z/08/Z,PhD Training Fellowship for Clinicians,Early Career (or equivalent)
087201/Z/08/Z,Research Fellowship in H&SS,Discovery Awards (or equivalent)
087208/Z/08/Z,University Award in H&SS,Career Development (or equivalent)
087211/Z/08/Z,Research Fellowship in H&SS,Discovery Awards (or equivalent)
087261/Z/08/A,PhD Training Fellowship for Clinicians,Early Career (or equivalent)
087261/Z/08/Z,PhD Training Fellowship for Clinicians,Early Career (or equivalent)
087262/Z/08/A,PhD Training Fellowship for Clinicians,Early Career (or equivalent)
087262/Z/08/Z,PhD Training Fellowship for Clinicians,Early Career (or equivalent)
087292/Z/08/Z,Research Fellowship in H&SS,Discovery Awards (or equivalent)
087331/Z/08/Z,PhD Training Fellowship for Clinicians,Early Career (or equivalent)
087332/Z/08/Z,PhD Training Fellowship for Clinicians,Early Career (or equivalent)
087333/Z/08/Z,PhD Training Fellowship for Clinicians,Early Career (or equivalent)
087432/Z/08/Z,Research Fellowship in H&SS,Discovery Awards (or equivalent)
087447/Z/08/Z,Research Resources Award,Directed
087470/B/08/Z,Research Fellowship in H&SS,Discovery Awards (or equivalent)
087470/Z/08/Z,Research Fellowship in H&SS,Discovery Awards (or equivalent)
087482/Z/08/Z,Research Resources Award,Directed
087520/Z/08/A,Senior Research Fellowship Basic Renewal,Discovery Awards (or equivalent)
087520/Z/08/Z,Senior Research Fellowship Basic,Discovery Awards (or equivalent)
087530/Z/08/A,Senior Research Fellowship Basic,Discovery Awards (or equivalent)
087553/Z/08/A,Research Resources Award,Directed
087553/Z/08/Z,Research Resources Award,Directed
087567/Z/08/Z,Research Resources Award,Directed
087582/Z/08/Z,Senior Research Fellowship Basic,Discovery Awards (or equivalent)
087624/Z/08/Z,Research Resources Award,Directed
087627/Z/08/Z,Research Resources Award,Directed
087707/B/08/Z,Technology Development Grant,Discovery Awards (or equivalent)
087707/Z/08/Z,Technology Development Grant,Discovery Awards (or equivalent)
087730/Z/08/Z,Technology Development Grant,Discovery Awards (or equivalent)
087731/Z/08/Z,Technology Development Grant,Discovery Awards (or equivalent)
087742/Z/08/Z,Biomedical Resources Grant,Directed
087743/Z/08/Z,Biomedical Resources Grant,Directed
087769/Z/08/Z,International Intermediate Fellowship,Career Development (or equivalent)
087782/Z/08/A,Senior Research Fellowship International - Renewal,Other
087782/Z/08/Z,Senior Research Fellowship International - Renewal,Other
087867/Z/08/Z,PhD Studentship in H&SS,Other
087997/Z/08/Z,Biomedical Resources Grant,Directed
088151/Z/09/Z,Technology Development Grant,Discovery Awards (or equivalent)
088162/Z/09/Z,PhD Training Fellowship for Clinicians,Early Career (or equivalent)
088168/Z/09/Z,Technology Development Grant,Discovery Awards (or equivalent)
088182/Z/09/Z,PhD Training Fellowship for Clinicians,Early Career (or equivalent)
088198/B/09/A,Research Fellowship in H&SS,Discovery Awards (or equivalent)
088198/B/09/Z,Research Fellowship in H&SS,Discovery Awards (or equivalent)
088198/Z/09/Z,Research Fellowship in H&SS,Discovery Awards (or equivalent)
088204/Z/09/A,Research Fellowship in H&SS,Discovery Awards (or equivalent)
088225/B/09/Z,Research Fellowship in H&SS,Discovery Awards (or equivalent)
088225/Z/09/Z,Research Fellowship in H&SS,Discovery Awards (or equivalent)
088250/Z/09/A,Research Fellowship in H&SS,Discovery Awards (or equivalent)
088250/Z/09/Z,Research Fellowship in H&SS,Discovery Awards (or equivalent)
088251/Z/09/Z,University Award in H&SS,Career Development (or equivalent)
088251/Z/19/A,Open Access for Terminated Award,Other
088291/Z/09/A,Senior Research Fellowship Clinical,Discovery Awards (or equivalent)
088291/Z/09/Z,Senior Research Fellowship Clinical,Discovery Awards (or equivalent)
088324/Z/09/Z,Senior Research Fellowship Clinical,Discovery Awards (or equivalent)
088340/Z/09/Z,Senior Research Fellowship Clinical,Discovery Awards (or equivalent)
088360/Z/09/Z,Research Fellowship in H&SS,Discovery Awards (or equivalent)
088373/Z/09/A,Senior Research Fellowship Clinical,Discovery Awards (or equivalent)
088373/Z/09/Z,Senior Research Fellowship Clinical,Discovery Awards (or equivalent)
088434/Z/09/Z,Research Fellowship in H&SS,Discovery Awards (or equivalent)
088511/Z/09/Z,Research Resources Award,Directed
088540/Z/09/Z,Biomedical Resources Grant,Directed
088566/Z/09/A,Senior Research Fellowship Clinical,Discovery Awards (or equivalent)
088566/Z/09/Z,Senior Research Fellowship Clinical,Discovery Awards (or equivalent)
088588/Z/09/Z,Biomedical Resources Grant,Directed
088785/B/09/A,Recruitment Enhancement,Other
088785/B/09/Z,Recruitment Enhancement,Other
088785/Z/09/Z,Wellcome Trust Centre,Directed
088858/Z/09/Z,Biomedical Resources Grant,Directed
088944/Z/09/Z,Biomedical Resources Grant,Directed
088957/Z/09/Z,Sir Henry Wellcome Postdoctoral Fellowship,Early Career (or equivalent)
088967/B/09/Z,Sir Henry Wellcome Postdoctoral Fellowship,Early Career (or equivalent)
088967/Z/09/Z,Sir Henry Wellcome Postdoctoral Fellowship,Early Career (or equivalent)
088977/Z/09/Z,Sir Henry Wellcome Postdoctoral Fellowship,Early Career (or equivalent)
088982/Z/09/Z,Sir Henry Wellcome Postdoctoral Fellowship,Early Career (or equivalent)
088984/B/09/Z,Sir Henry Wellcome Postdoctoral Fellowship,Early Career (or equivalent)
088984/Z/09/Z,Sir Henry Wellcome Postdoctoral Fellowship,Early Career (or equivalent)
089009/Z/09/Z,Sir Henry Wellcome Postdoctoral Fellowship,Early Career (or equivalent)
089010/Z/09/Z,Sir Henry Wellcome Postdoctoral Fellowship,Early Career (or equivalent)
089015/B/09/Z,Sir Henry Wellcome Postdoctoral Fellowship,Early Career (or equivalent)
089015/Z/09/Z,Sir Henry Wellcome Postdoctoral Fellowship,Early Career (or equivalent)
089021/Z/09/Z,Sir Henry Wellcome Postdoctoral Fellowship,Early Career (or equivalent)
089026/Z/09/Z,Sir Henry Wellcome Postdoctoral Fellowship,Early Career (or equivalent)
089038/Z/09/Z,Sir Henry Wellcome Postdoctoral Fellowship,Early Career (or equivalent)
089039/Z/09/Z,Sir Henry Wellcome Postdoctoral Fellowship,Early Career (or equivalent)
089047/Z/09/Z,Sir Henry Wellcome Postdoctoral Fellowship,Early Career (or equivalent)
089049/Z/09/Z,Sir Henry Wellcome Postdoctoral Fellowship,Early Career (or equivalent)
089129/Z/09/Z,Research Resources Award,Directed
089151/Z/09/A,Research Resources Award,Directed
089151/Z/09/Z,Research Resources Award,Directed
089189/Z/09/Z,Research Resources Award,Directed
089193/Z/09/Z,Research Resources Award,Directed
089195/Z/09/Z,Research Resources Award,Directed
089219/Z/09/Z,Research Resources Award,Directed
089223/Z/09/Z,Research Resources Award,Directed
089245/Z/09/Z,Technology Development Grant,Discovery Awards (or equivalent)
089258/Z/09/Z,Research Resources Award,Directed
089454/Z/09/Z,PhD Training Fellowship for Clinicians,Early Career (or equivalent)
089455/Z/09/Z,PhD Training Fellowship for Clinicians,Early Career (or equivalent)
089456/Z/09/Z,PhD Training Fellowship for Clinicians,Early Career (or equivalent)
089457/Z/09/Z,PhD Training Fellowship for Clinicians,Early Career (or equivalent)
089652/Z/09/Z,PhD Studentship in H&SS,Other
089671/B/09/Z,PhD Training Fellowship for Clinicians,Early Career (or equivalent)
089671/Z/09/Z,PhD Training Fellowship for Clinicians,Early Career (or equivalent)
089672/Z/09/A,PhD Training Fellowship for Clinicians,Early Career (or equivalent)
089672/Z/09/Z,PhD Training Fellowship for Clinicians,Early Career (or equivalent)
089673/B/09/Z,PhD Training Fellowship for Clinicians,Early Career (or equivalent)
089673/Z/09/Z,PhD Training Fellowship for Clinicians,Early Career (or equivalent)
089707/Z/09/Z,PhD Studentship in H&SS,Other
089708/Z/09/Z,PhD Studentship in H&SS,Other
089715/Z/09/Z,PhD Studentship in H&SS,Other
089718/Z/09/Z,PhD Studentship in H&SS,Other
089723/Z/09/Z,PhD Studentship in H&SS,Other
089748/B/09/Z,Research Fellowship in H&SS,Discovery Awards (or equivalent)
089748/Z/09/Z,Research Fellowship in H&SS,Discovery Awards (or equivalent)
089769/Z/09/Z,PhD Studentship in H&SS,Other
089809/Z/09/Z,Biomedical Resources Grant,Directed
089833/Z/09/Z,International Intermediate Fellowship,Career Development (or equivalent)
089843/Z/09/Z,Research Resources Award,Directed
089893/Z/09/A,Translational Medicine & Therapeutics Programme Clinical PhD Fellow,Other
089893/Z/09/Z,Translational Medicine & Therapeutics Programme Clinical PhD Fellow,Other
089894/Z/09/A,Translational Medicine & Therapeutics Programme Clinical PhD Fellow,Other
089894/Z/09/Z,Translational Medicine & Therapeutics Programme Clinical PhD Fellow,Other
089895/Z/09/A,Translational Medicine & Therapeutics Programme Clinical PhD Fellow,Other
089895/Z/09/Z,Translational Medicine & Therapeutics Programme Clinical PhD Fellow,Other
089933/Z/09/Z,International Intermediate Fellowship,Career Development (or equivalent)
090066/B/09/Z,Biomedical Resources Grant,Directed
090066/Z/09/Z,Biomedical Resources Grant,Directed
090188/Z/09/Z,PhD Training Fellowship for Clinicians,Early Career (or equivalent)
090297/Z/09/Z,Technology Development Grant,Discovery Awards (or equivalent)
090309/Z/09/Z,Strategic Award - Science,Directed
090352/Z/09/Z,PhD Training Fellowship for Clinicians,Early Career (or equivalent)
090354/Z/09/Z,PhD Training Fellowship for Clinicians,Early Career (or equivalent)
090385/Z/09/Z,PhD Training Fellowship for Clinicians,Early Career (or equivalent)
090386/Z/09/Z,PhD Training Fellowship for Clinicians,Early Career (or equivalent)
090387/Z/09/Z,PhD Training Fellowship for Clinicians,Early Career (or equivalent)
090388/Z/09/Z,PhD Training Fellowship for Clinicians,Early Career (or equivalent)
090532/B/09/Z,Recruitment Enhancement,Other
090532/Z/09/A,Enhancement,Other
090532/Z/09/B,Provision for Public Engagement,Other
090532/Z/09/C,Wellcome Trust Centre,Directed
090532/Z/09/Z,Wellcome Trust Centre,Directed
090548/B/09/Z,Biomedical Resources Grant,Directed
090548/C/09/Z,Biomedical Resources Grant,Directed
090548/Z/09/Z,Biomedical Resources Grant,Directed
090558/Z/09/Z,PhD Training Fellowship for Clinicians,Early Career (or equivalent)
090591/Z/09/Z,Research Fellowship in H&SS,Discovery Awards (or equivalent)
090597/Z/09/Z,Research Fellowship in H&SS,Discovery Awards (or equivalent)
090614/Z/09/Z,Research Fellowship in H&SS,Discovery Awards (or equivalent)
090617/Z/09/Z,Research Fellowship in H&SS,Discovery Awards (or equivalent)
090637/Z/09/Z,Technology Development Grant,Discovery Awards (or equivalent)
090659/Z/09/A,PhD Training Fellowship for Clinicians,Early Career (or equivalent)
090659/Z/09/Z,PhD Training Fellowship for Clinicians,Early Career (or equivalent)
090660/Z/09/A,PhD Training Fellowship for Clinicians,Early Career (or equivalent)
090660/Z/09/Z,PhD Training Fellowship for Clinicians,Early Career (or equivalent)
090661/Z/09/Z,PhD Training Fellowship for Clinicians,Early Career (or equivalent)
090662/Z/09/A,PhD Training Fellowship for Clinicians,Early Career (or equivalent)
090662/Z/09/Z,PhD Training Fellowship for Clinicians,Early Career (or equivalent)
090663/Z/09/A,PhD Training Fellowship for Clinicians,Early Career (or equivalent)
090663/Z/09/Z,PhD Training Fellowship for Clinicians,Early Career (or equivalent)
090665/Z/09/A,PhD Training Fellowship for Clinicians,Early Career (or equivalent)
090665/Z/09/Z,PhD Training Fellowship for Clinicians,Early Career (or equivalent)
090666/Z/09/Z,PhD Training Fellowship for Clinicians,Early Career (or equivalent)
090667/Z/09/A,PhD Training Fellowship for Clinicians,Early Career (or equivalent)
090667/Z/09/Z,PhD Training Fellowship for Clinicians,Early Career (or equivalent)
090668/Z/09/A,PhD Training Fellowship for Clinicians,Early Career (or equivalent)
090668/Z/09/Z,PhD Training Fellowship for Clinicians,Early Career (or equivalent)
090681/Z/09/Z,Research Resources Award,Directed
090710/A/09/Z,Biomedical Resources Grant,Directed
090710/Z/09/Z,Biomedical Resources Grant,Directed
090768/Z/09/Z,Research Fellowship in H&SS,Discovery Awards (or equivalent)
090777/Z/09/Z,Research Resources Award,Directed
090788/Z/09/Z,Research Resources Award,Directed
090790/Z/09/A,PhD Training Fellowship for Clinicians,Early Career (or equivalent)
090790/Z/09/Z,PhD Training Fellowship for Clinicians,Early Career (or equivalent)
090791/Z/09/Z,PhD Training Fellowship for Clinicians,Early Career (or equivalent)
090792/Z/09/A,PhD Training Fellowship for Clinicians,Early Career (or equivalent)
090792/Z/09/Z,PhD Training Fellowship for Clinicians,Early Career (or equivalent)
090793/Z/09/A,PhD Training Fellowship for Clinicians,Early Career (or equivalent)
090793/Z/09/Z,PhD Training Fellowship for Clinicians,Early Career (or equivalent)
090794/Z/09/A,PhD Training Fellowship for Clinicians,Early Career (or equivalent)
090794/Z/09/Z,PhD Training Fellowship for Clinicians,Early Career (or equivalent)
090804/Z/09/Z,Research Resources Award,Directed
090806/Z/09/Z,Research Resources Award,Directed
090808/Z/09/A,PhD Training Fellowship for Clinicians,Early Career (or equivalent)
090808/Z/09/Z,PhD Training Fellowship for Clinicians,Early Career (or equivalent)
090818/Z/09/Z,Research Resources Award,Directed
090828/Z/09/Z,Research Resources Award,Directed
090831/Z/09/Z,Research Resources Award,Directed
090842/Z/09/Z,Research Resources Award,Directed
090843/C/09/Z,Wellcome Trust Centre,Directed
090843/D/09/Z,Wellcome Trust Centre,Directed
090843/E/09/A,Wellcome Trust Centre,Directed
090843/E/09/Z,Wellcome Trust Centre,Directed
090843/F/09/Z,Wellcome Trust Centre,Directed
090843/Z/09/Z,Wellcome Trust Centre,Directed
090844/Z/09/Z,Research Resources Award,Directed
090851/Z/09/Z,Research Resources Award,Directed
090895/Z/09/A,Enhancement,Other
090895/Z/09/Z,Senior Research Fellowship Basic,Discovery Awards (or equivalent)
090899/B/09/A,Enhancement,Other
090899/B/09/Z,Senior Research Fellowship Basic,Discovery Awards (or equivalent)
090899/Z/09/Z,Senior Research Fellowship Basic,Discovery Awards (or equivalent)
090903/Z/09/A,Enhancement,Other
090903/Z/09/Z,Senior Research Fellowship Basic,Discovery Awards (or equivalent)
090904/B/09/B,Senior Research Fellowship Basic Renewal,Discovery Awards (or equivalent)
090904/B/09/Z,Senior Research Fellowship Basic,Discovery Awards (or equivalent)
090904/Z/09/Z,Senior Research Fellowship Basic,Discovery Awards (or equivalent)
090907/Z/09/A,Senior Research Fellowship Basic,Discovery Awards (or equivalent)
090907/Z/09/B,Senior Research Fellowship Basic,Discovery Awards (or equivalent)
090907/Z/20/C,Open Access for Terminated Award,Other
090924/Z/09/A,Enhancement,Other
090924/Z/09/Z,Senior Research Fellowship Basic,Discovery Awards (or equivalent)
090944/Z/09/A,Senior Research Fellowship Basic,Discovery Awards (or equivalent)
090944/Z/09/Z,Senior Research Fellowship Basic,Discovery Awards (or equivalent)
090950/Z/09/Z,Translational Medicine & Therapeutics Programme Clinical PhD Fellow,Other
090952/Z/09/Z,PhD Training Fellowship for Clinicians,Early Career (or equivalent)
090953/Z/09/Z,PhD Training Fellowship for Clinicians,Early Career (or equivalent)
090954/Z/09/Z,Senior Research Fellowship Basic,Discovery Awards (or equivalent)
090955/Z/09/A,Enhancement,Other
090955/Z/09/Z,Senior Research Fellowship Basic,Discovery Awards (or equivalent)
091030/Z/09/Z,International Training Fellowship,Early Career (or equivalent)
091077/Z/09/B,Senior Research Fellowship in PH&TM,Discovery Awards (or equivalent)
091077/Z/09/Z,Senior Research Fellowship in PH&TM,Discovery Awards (or equivalent)
091143/Z/10/Z,International Training Fellowship,Early Career (or equivalent)
091285/B/10/Z,Technology Development Grant,Discovery Awards (or equivalent)
091285/Z/10/Z,Technology Development Grant,Discovery Awards (or equivalent)
091296/Z/10/Z,Technology Development Grant,Discovery Awards (or equivalent)
091369/Z/10/Z,Technology Development Grant,Discovery Awards (or equivalent)
091540/B/10/Z,Project Grant,Other
091540/Z/10/Z,Project Grant,Other
091551/Z/10/A,Enhancement,Other
091551/Z/10/Z,Senior Research Fellowship Clinical,Discovery Awards (or equivalent)
091561/Z/10/Z,Senior Research Fellowship Clinical,Discovery Awards (or equivalent)
091593/Z/10/A,Wellcome Trust Centre,Directed
091593/Z/10/Z,Wellcome Trust Centre,Directed
091617/Z/10/Z,Research Fellowship in H&SS,Discovery Awards (or equivalent)
091625/Z/10/A,Clinical Excellence Award,Other
091625/Z/10/B,Senior Research Fellowship Clinical,Discovery Awards (or equivalent)
091625/Z/10/Z,Senior Research Fellowship Clinical,Discovery Awards (or equivalent)
091648/Z/10/Z,University Award in H&SS,Career Development (or equivalent)
091648/Z/17/A,Open Access for Terminated Award,Other
091650/B/10/Z,Research Fellowship in H&SS,Discovery Awards (or equivalent)
091650/Z/10/Z,Research Fellowship in H&SS,Discovery Awards (or equivalent)
091650/Z/19/A,Open Access for Terminated Award,Other
091658/Z/10/Z,Research Fellowship in H&SS,Discovery Awards (or equivalent)
091661/Z/10/Z,Research Fellowship in H&SS,Discovery Awards (or equivalent)
091673/Z/10/A,Senior Research Fellowship Clinical,Discovery Awards (or equivalent)
091673/Z/10/Z,Senior Research Fellowship Clinical,Discovery Awards (or equivalent)
091675/Z/10/Z,Research Fellowship in H&SS,Discovery Awards (or equivalent)
091730/Z/10/Z,Senior Research Fellowship Clinical,Discovery Awards (or equivalent)
091772/Z/10/Z,Research Fellowship in H&SS,Discovery Awards (or equivalent)
091795/B/10/Z,Research Fellowship in H&SS,Discovery Awards (or equivalent)
091795/Z/10/Z,Research Fellowship in H&SS,Discovery Awards (or equivalent)
091835/B/10/Z,Biomedical Resources Grant,Directed
091835/Z/10/Z,Biomedical Resources Grant,Directed
091855/B/10/Z,Biomedical Resources Grant,Directed
091855/Z/10/A,Biomedical Resources Grant,Directed
091892/Z/10/Z,Technology Development Grant,Discovery Awards (or equivalent)
091901/B/10/Z,Technology Development Grant,Discovery Awards (or equivalent)
091901/Z/10/Z,Technology Development Grant,Discovery Awards (or equivalent)
091918/Z/10/Z,Research Resources Award,Directed
091987/Z/10/Z,Research Resources Award,Directed
092076/Z/10/A,People Award,Other
092076/Z/10/B,People Award,Other
092076/Z/10/C,Enhancement,Other
092076/Z/10/D,Provision for Public Engagement,Other
092076/Z/10/E,Enhancement,Other
092076/Z/10/F,Wellcome Trust Centre,Directed
092076/Z/10/Z,Wellcome Trust Centre,Directed
092096/B/10/Z,Recruitment Enhancement,Other
092096/Z/10/A,Wellcome Trust Centre,Directed
092096/Z/10/Z,Wellcome Trust Centre,Directed
092193/Z/10/Z,Sir Henry Wellcome Postdoctoral Fellowship,Early Career (or equivalent)
092197/Z/10/Z,Sir Henry Wellcome Postdoctoral Fellowship,Early Career (or equivalent)
092200/Z/10/Z,Sir Henry Wellcome Postdoctoral Fellowship,Early Career (or equivalent)
092201/Z/10/Z,Sir Henry Wellcome Postdoctoral Fellowship,Early Career (or equivalent)
092205/Z/10/Z,Sir Henry Wellcome Postdoctoral Fellowship,Early Career (or equivalent)
092208/Z/10/Z,Sir Henry Wellcome Postdoctoral Fellowship,Early Career (or equivalent)
092217/B/10/Z,Sir Henry Wellcome Postdoctoral Fellowship,Early Career (or equivalent)
092217/Z/10/Z,Sir Henry Wellcome Postdoctoral Fellowship,Early Career (or equivalent)
092255/Z/10/Z,Sir Henry Wellcome Postdoctoral Fellowship,Early Career (or equivalent)
092255/Z/15/B,Open Access for Terminated Award,Other
092272/Z/10/Z,Sir Henry Wellcome Postdoctoral Fellowship,Early Career (or equivalent)
092280/Z/10/Z,Sir Henry Wellcome Postdoctoral Fellowship,Early Career (or equivalent)
092311/Z/10/Z,Sir Henry Wellcome Postdoctoral Fellowship,Early Career (or equivalent)
092320/Z/10/Z,Open Access for Terminated Award,Other
092334/Z/10/Z,Sir Henry Wellcome Postdoctoral Fellowship,Early Career (or equivalent)
092381/Z/10/Z,Sir Henry Wellcome Postdoctoral Fellowship,Early Career (or equivalent)
092436/Z/10/Z,Sir Henry Wellcome Postdoctoral Fellowship,Early Career (or equivalent)
092437/Z/10/Z,Sir Henry Wellcome Postdoctoral Fellowship,Early Career (or equivalent)
092438/Z/10/Z,Sir Henry Wellcome Postdoctoral Fellowship,Early Career (or equivalent)
092441/Z/10/Z,Sir Henry Wellcome Postdoctoral Fellowship,Early Career (or equivalent)
092573/Z/10/Z,Technology Development Grant,Discovery Awards (or equivalent)
092719/B/10/A,University Award in H&SS,Career Development (or equivalent)
092719/Z/10/A,Project funding: Inactive scheme,Other
092749/Z/10/Z,Biomedical Resources Grant,Directed
092851/Z/10/A,PhD Training Fellowship for Clinicians,Early Career (or equivalent)
092851/Z/10/Z,PhD Training Fellowship for Clinicians,Early Career (or equivalent)
092852/Z/10/Z,PhD Training Fellowship for Clinicians,Early Career (or equivalent)
092853/Z/10/Z,PhD Training Fellowship for Clinicians,Early Career (or equivalent)
092854/Z/10/Z,PhD Training Fellowship for Clinicians,Early Career (or equivalent)
092855/Z/10/Z,PhD Training Fellowship for Clinicians,Early Career (or equivalent)
092891/Z/10/Z,Research Resources Award,Directed
092906/Z/10/Z,Research Fellowship in H&SS,Discovery Awards (or equivalent)
092988/Z/10/Z,PhD Studentship in H&SS,Other
092990/Z/10/Z,PhD Studentship in H&SS,Other
092991/Z/10/Z,PhD Studentship in H&SS,Other
092991/Z/16/A,Open Access for Terminated Award,Other
093058/Z/10/Z,PhD Studentship in H&SS,Other
093058/Z/17/A,Open Access for Terminated Award,Other
093059/Z/10/Z,Biomedical Resources Grant,Directed
093059/Z/17/A,Open Access for Terminated Award,Other
093073/Z/10/Z,PhD Studentship in H&SS,Other
093090/Z/10/Z,PhD Studentship in H&SS,Other
093205/Z/10/Z,Equipment & Resources: Inactive Scheme,Other
093346/Z/10/Z,Research Fellowship in H&SS,Discovery Awards (or equivalent)
093378/Z/10/Z,Biomedical Resources Grant,Directed
093389/Z/10/B,Technology Development Grant,Discovery Awards (or equivalent)
093389/Z/10/Z,Technology Development Grant,Discovery Awards (or equivalent)
093686/Z/10/Z,PhD Studentship in H&SS,Other
093727/Z/10/A,International Intermediate Fellowship,Career Development (or equivalent)
093727/Z/10/B,Provision for Public Engagement,Other
093727/Z/10/Z,International Intermediate Fellowship,Career Development (or equivalent)
093738/Z/10/Z,Research Resources Award,Directed
093739/Z/10/Z,Research Resources Award,Directed
093740/Z/10/Z,Research Resources Award,Directed
093741/Z/10/Z,Research Resources Award,Directed
093755/Z/10/Z,International Training Fellowship,Early Career (or equivalent)
093762/Z/10/Z,Research Resources Award,Directed
093802/Z/10/Z,PhD Studentship in H&SS,Other
093811/A/10/Z,Research Career Development Fellowship,Career Development (or equivalent)
093811/Z/10/Z,Research Career Development Fellowship,Career Development (or equivalent)
093883/Z/10/Z,Translational Medicine & Therapeutics Programme Clinical PhD Fellow,Other
093884/Z/10/A,Translational Medicine & Therapeutics Programme Clinical PhD Fellow,Other
093884/Z/10/Z,Translational Medicine & Therapeutics Programme Clinical PhD Fellow,Other
093885/Z/10/A,Translational Medicine & Therapeutics Programme Clinical PhD Fellow,Other
093885/Z/10/Z,Translational Medicine & Therapeutics Programme Clinical PhD Fellow,Other
093956/Z/10/A,Clinical Excellence Award,Other
093956/Z/10/B,Principal Research Fellowship Renewal,Discovery Awards (or equivalent)
093956/Z/10/C,Clinical Excellence Award,Other
093956/Z/10/Z,Principal Research Fellowship Renewal,Discovery Awards (or equivalent)
093989/Z/10/A,PhD Training Fellowship for Clinicians,Early Career (or equivalent)
093989/Z/10/Z,PhD Training Fellowship for Clinicians,Early Career (or equivalent)
093990/Z/10/Z,PhD Training Fellowship for Clinicians,Early Career (or equivalent)
093991/Z/10/A,PhD Training Fellowship for Clinicians,Early Career (or equivalent)
093991/Z/10/Z,PhD Training Fellowship for Clinicians,Early Career (or equivalent)
093992/Z/10/Z,PhD Training Fellowship for Clinicians,Early Career (or equivalent)
094013/B/10/Z,PhD Training Fellowship for Clinicians,Early Career (or equivalent)
094013/Z/10/Z,PhD Training Fellowship for Clinicians,Early Career (or equivalent)
094014/Z/10/Z,PhD Training Fellowship for Clinicians,Early Career (or equivalent)
094015/Z/10/A,PhD Training Fellowship for Clinicians,Early Career (or equivalent)
094015/Z/10/Z,PhD Training Fellowship for Clinicians,Early Career (or equivalent)
094016/Z/10/Z,PhD Training Fellowship for Clinicians,Early Career (or equivalent)
094017/Z/10/Z,PhD Training Fellowship for Clinicians,Early Career (or equivalent)
094027/Z/10/Z,Research Fellowship in H&SS,Discovery Awards (or equivalent)
094114/Z/10/Z,Technology Development Grant,Discovery Awards (or equivalent)
094154/Z/10/Z,Research Fellowship in H&SS,Discovery Awards (or equivalent)
094154/Z/17/A,Open Access for Terminated Award,Other
094182/Z/10/Z,Biomedical Resources Grant,Directed
094205/Z/10/Z,Research Fellowship in H&SS,Discovery Awards (or equivalent)
094242/Z/10/Z,Biomedical Resources Grant,Directed
094245/B/10/Z,Research Fellowship in H&SS,Discovery Awards (or equivalent)
094245/Z/10/Z,Research Fellowship in H&SS,Discovery Awards (or equivalent)
094270/Z/10/Z,Biomedical Resources Grant,Directed
094297/Z/10/Z,Research Fellowship in H&SS,Discovery Awards (or equivalent)
094342/Z/10/Z,Technology Development Grant,Discovery Awards (or equivalent)
094357/A/10/Z,Technology Development Grant,Discovery Awards (or equivalent)
094357/Z/10/Z,Technology Development Grant,Discovery Awards (or equivalent)
094370/B/10/Z,Research Fellowship in H&SS,Discovery Awards (or equivalent)
094370/Z/10/Z,Research Fellowship in H&SS,Discovery Awards (or equivalent)
094386/Z/10/Z,Biomedical Resources Grant,Directed
094414/Z/10/Z,PhD Training Fellowship for Clinicians,Early Career (or equivalent)
094415/Z/10/Z,PhD Training Fellowship for Clinicians,Early Career (or equivalent)
094416/Z/10/Z,PhD Training Fellowship for Clinicians,Early Career (or equivalent)
094417/Z/10/Z,PhD Training Fellowship for Clinicians,Early Career (or equivalent)
094418/Z/10/Z,PhD Training Fellowship for Clinicians,Early Career (or equivalent)
094446/Z/10/Z,PhD Training Fellowship for Clinicians,Early Career (or equivalent)
094447/Z/10/Z,PhD Training Fellowship for Clinicians,Early Career (or equivalent)
094448/Z/10/Z,PhD Training Fellowship for Clinicians,Early Career (or equivalent)
094449/Z/10/Z,PhD Training Fellowship for Clinicians,Early Career (or equivalent)
094450/Z/10/Z,PhD Training Fellowship for Clinicians,Early Career (or equivalent)
094470/Z/10/Z,Biomedical Resources Grant,Directed
094604/Z/10/Z,Research Fellowship in H&SS,Discovery Awards (or equivalent)
094766/Z/10/Z,Research Resources Award,Directed
094779/Z/10/A,Translational Medicine & Therapeutics Programme Clinical PhD Fellow,Other
094779/Z/10/Z,Translational Medicine & Therapeutics Programme Clinical PhD Fellow,Other
094790/Z/10/Z,PhD Training Fellowship for Clinicians,Early Career (or equivalent)
094791/Z/10/Z,PhD Training Fellowship for Clinicians,Early Career (or equivalent)
094792/Z/10/Z,PhD Training Fellowship for Clinicians,Early Career (or equivalent)
094793/Z/10/A,PhD Training Fellowship for Clinicians,Early Career (or equivalent)
094793/Z/10/Z,PhD Training Fellowship for Clinicians,Early Career (or equivalent)
094794/Z/10/Z,PhD Training Fellowship for Clinicians,Early Career (or equivalent)
094822/Z/10/Z,Technology Development Grant,Discovery Awards (or equivalent)
094846/Z/10/Z,Biomedical Resources Grant,Directed
094882/Z/10/Z,Project Grant,Other
094910/Z/10/Z,Research Fellowship in H&SS,Discovery Awards (or equivalent)
094982/Z/10/Z,Research Resources Award,Directed
094985/Z/10/Z,Research Resources Award,Directed
095021/Z/10/A,Enhancement,Other
095021/Z/10/Z,Principal Research Fellowship Renewal,Discovery Awards (or equivalent)
095033/Z/10/Z,Translational Medicine & Therapeutics Programme Clinical PhD Fellow,Other
095034/Z/10/Z,Translational Medicine & Therapeutics Programme Clinical PhD Fellow,Other
095061/Z/10/Z,Senior Research Fellowship Basic,Discovery Awards (or equivalent)
095068/Z/10/Z,International Training Fellowship,Early Career (or equivalent)
095101/Z/10/Z,Senior Research Fellowship Basic,Discovery Awards (or equivalent)
095127/Z/10/Z,International Intermediate Fellowship,Career Development (or equivalent)
095139/Z/10/Z,Research Resources Award,Directed
095142/Z/10/Z,Research Resources Award,Directed
095144/Z/10/Z,Research Resources Award,Directed
095147/Z/10/Z,International Intermediate Fellowship,Career Development (or equivalent)
095183/B/10/Z,Senior Research Fellowship Basic,Discovery Awards (or equivalent)
095183/Z/10/Z,Senior Research Fellowship Basic,Discovery Awards (or equivalent)
095198/Z/10/Z,Senior Research Fellowship Basic,Discovery Awards (or equivalent)
095201/B/10/Z,Sanger Resource Collaboration,Directed
095201/Z/10/A,Enhancement,Other
095201/Z/10/Z,Senior Research Fellowship Basic,Discovery Awards (or equivalent)
095219/Z/10/B,Biomedical Resources Grant,Directed
095219/Z/10/Z,Biomedical Resources Grant,Directed
095224/Z/11/Z,Translational Medicine & Therapeutics Programme Clinical PhD Fellow,Other
095225/Z/11/A,Translational Medicine & Therapeutics Programme Clinical PhD Fellow,Other
095225/Z/11/Z,Translational Medicine & Therapeutics Programme Clinical PhD Fellow,Other
095275/Z/11/Z,Research Resources Scoping Award,Other
095369/Z/11/Z,Research Resources Scoping Award,Other
095388/Z/11/Z,Research Resources Scoping Award,Other
095484/Z/11/Z,Investigator Award in Science,Discovery Awards (or equivalent)
095507/Z/11/A,Enhancement,Other
095507/Z/11/Z,Investigator Award in Science,Discovery Awards (or equivalent)
095514/Z/11/Z,Investigator Award in Science,Discovery Awards (or equivalent)
095515/Z/11/Z,Investigator Award in Science,Discovery Awards (or equivalent)
095518/B/11/Z,Investigator Award in Science,Discovery Awards (or equivalent)
095518/Z/11/Z,Investigator Award in Science,Discovery Awards (or equivalent)
095519/B/11/Z,Investigator Award in Science,Discovery Awards (or equivalent)
095519/Z/11/Z,Investigator Award in Science,Discovery Awards (or equivalent)
095531/Z/11/Z,Investigator Award in Science,Discovery Awards (or equivalent)
095540/Z/11/Z,Investigator Award in Science,Discovery Awards (or equivalent)
095541/A/11/Z,Investigator Award in Science,Discovery Awards (or equivalent)
095541/Z/11/Z,Investigator Award in Science,Discovery Awards (or equivalent)
095543/Z/11/Z,Research Resources Award,Directed
095552/Z/11/Z,Investigator Award in Science,Discovery Awards (or equivalent)
095564/Z/11/Z,Investigator Award in Science,Discovery Awards (or equivalent)
095580/Z/11/Z,Investigator Award in Science,Discovery Awards (or equivalent)
095582/Z/11/Z,Investigator Award in Science,Discovery Awards (or equivalent)
095582/Z/19/B,Open Access for Terminated Award,Other
095582/Z/19/C,Open Access for Terminated Award,Other
095582/Z/22/E,Open Access for Terminated Award,Other
095589/Z/11/Z,Investigator Award in Science,Discovery Awards (or equivalent)
095598/Z/11/Z,Investigator Award in Science,Discovery Awards (or equivalent)
095605/Z/11/A,Enhancement,Other
095605/Z/11/Z,Investigator Award in Science,Discovery Awards (or equivalent)
095606/Z/11/Z,Investigator Award in Science,Discovery Awards (or equivalent)
095621/Z/11/Z,Investigator Award in Science,Discovery Awards (or equivalent)
095623/Z/11/A,Enhancement,Other
095623/Z/11/Z,Investigator Award in Science,Discovery Awards (or equivalent)
095626/Z/11/Z,Investigator Award in Science,Discovery Awards (or equivalent)
095643/A/11/Z,Investigator Award in Science,Discovery Awards (or equivalent)
095643/Z/11/Z,Investigator Award in Science,Discovery Awards (or equivalent)
095645/B/11/Z,Sanger Resource Collaboration,Directed
095645/Z/11/Z,Investigator Award in Science,Discovery Awards (or equivalent)
095645/Z/19/A,Open Access for Terminated Award,Other
095662/Z/11/Z,Senior Research Fellowship Clinical,Discovery Awards (or equivalent)
095663/Z/11/A,Senior Research Fellowship Clinical,Discovery Awards (or equivalent)
095668/B/11/A,Enhancement,Other
095668/B/11/Z,Investigator Award in Science,Discovery Awards (or equivalent)
095668/Z/11/Z,Investigator Award in Science,Discovery Awards (or equivalent)
095669/Z/11/A,Enhancement,Other
095669/Z/11/Z,Investigator Award in Science,Discovery Awards (or equivalent)
095687/Z/11/Z,Research Resources Award,Directed
095688/Z/11/Z,Investigator Award in Science,Discovery Awards (or equivalent)
095691/Z/11/Z,Investigator Award in Science,Discovery Awards (or equivalent)
095698/B/11/Z,Senior Research Fellowship Clinical,Discovery Awards (or equivalent)
095698/Z/11/Z,Senior Research Fellowship Clinical,Discovery Awards (or equivalent)
095700/Z/11/Z,Investigator Award in Science,Discovery Awards (or equivalent)
095720/Z/11/Z,Research Fellowship in H&SS,Discovery Awards (or equivalent)
095724/Z/11/A,Research Fellowship in H&SS,Discovery Awards (or equivalent)
095724/Z/11/Z,Research Fellowship in H&SS,Discovery Awards (or equivalent)
095760/Z/11/Z,Research Fellowship in H&SS,Discovery Awards (or equivalent)
095760/Z/16/A,Open Access for Terminated Award,Other
095760/Z/17/B,Open Access for Terminated Award,Other
095772/Z/11/Z,Research Fellowship in H&SS,Discovery Awards (or equivalent)
095806/Z/11/Z,Senior Research Fellowship Clinical,Discovery Awards (or equivalent)
095820/B/11/Z,Research Fellowship in H&SS,Discovery Awards (or equivalent)
095820/Z/11/Z,Research Fellowship in H&SS,Discovery Awards (or equivalent)
095844/Z/11/Z,Strategic Award - Science,Directed
095874/Z/11/Z,Research Fellowship in H&SS,Discovery Awards (or equivalent)
095886/Z/11/Z,Research Fellowship in H&SS,Discovery Awards (or equivalent)
095889/Z/11/Z,Research Fellowship in H&SS,Discovery Awards (or equivalent)
095920/Z/11/Z,Research Fellowship in H&SS,Discovery Awards (or equivalent)
095951/Z/11/Z,Sir Henry Wellcome Postdoctoral Fellowship,Early Career (or equivalent)
096062/Z/11/Z,Sir Henry Wellcome Postdoctoral Fellowship,Early Career (or equivalent)
096063/Z/11/Z,Sir Henry Wellcome Postdoctoral Fellowship,Early Career (or equivalent)
096072/Z/11/Z,Sir Henry Wellcome Postdoctoral Fellowship,Early Career (or equivalent)
096078/Z/11/Z,Sir Henry Wellcome Postdoctoral Fellowship,Early Career (or equivalent)
096082/Z/11/Z,Sir Henry Wellcome Postdoctoral Fellowship,Early Career (or equivalent)
096084/B/11/Z,Sir Henry Wellcome Postdoctoral Fellowship,Early Career (or equivalent)
096084/Z/11/Z,Sir Henry Wellcome Postdoctoral Fellowship,Early Career (or equivalent)
096099/Z/11/Z,Sir Henry Wellcome Postdoctoral Fellowship,Early Career (or equivalent)
096100/Z/11/Z,Sir Henry Wellcome Postdoctoral Fellowship,Early Career (or equivalent)
096101/Z/11/Z,Sir Henry Wellcome Postdoctoral Fellowship,Early Career (or equivalent)
096106/Z/11/Z,Sir Henry Wellcome Postdoctoral Fellowship,Early Career (or equivalent)
096125/Z/11/Z,Sir Henry Wellcome Postdoctoral Fellowship,Early Career (or equivalent)
096141/B/11/Z,Sir Henry Wellcome Postdoctoral Fellowship,Early Career (or equivalent)
096141/Z/11/Z,Sir Henry Wellcome Postdoctoral Fellowship,Early Career (or equivalent)
096148/Z/11/Z,Sir Henry Wellcome Postdoctoral Fellowship,Early Career (or equivalent)
096185/Z/11/Z,Sir Henry Wellcome Postdoctoral Fellowship,Early Career (or equivalent)
096193/Z/11/Z,Sir Henry Wellcome Postdoctoral Fellowship,Early Career (or equivalent)
096195/Z/11/Z,Sir Henry Wellcome Postdoctoral Fellowship,Early Career (or equivalent)
096436/B/11/Z,Investigator Award in Science,Discovery Awards (or equivalent)
096436/Z/11/Z,Investigator Award in Science,Discovery Awards (or equivalent)
096497/Z/11/Z,Translational Medicine & Therapeutics Programme Clinical PhD Fellow,Other
096515/Z/11/Z,Research Resources Scoping Award,Other
096528/Z/11/Z,Translational Medicine & Therapeutics Programme Clinical PhD Fellow,Other
096540/Z/11/Z,Investigator Award in Science,Discovery Awards (or equivalent)
096553/Z/11/Z,Investigator Award in Science,Discovery Awards (or equivalent)
096559/Z/11/Z,Research Resources Award,Directed
096570/Z/11/Z,Investigator Award in Science,Discovery Awards (or equivalent)
096598/Z/11/Z,Investigator Award in Science,Discovery Awards (or equivalent)
096599/Z/11/A,Provision for Public Engagement,Other
096599/Z/11/Z,University Award in H&SS,Career Development (or equivalent)
096605/Z/11/Z,Research Resources Award,Directed
096605/Z/17/A,Open Access for Terminated Award,Other
096631/Z/11/Z,Research Fellowship in H&SS,Discovery Awards (or equivalent)
096645/Z/11/B,Enhancement,Other
096645/Z/11/Z,Investigator Award in Science,Discovery Awards (or equivalent)
096646/Z/11/Z,Investigator Award in Science,Discovery Awards (or equivalent)
096664/Z/11/Z,Translational Medicine & Therapeutics Programme Clinical PhD Fellow,Other
096669/Z/11/Z,Investigator Award in Science,Discovery Awards (or equivalent)
096670/Z/11/Z,Investigator Award in Science,Discovery Awards (or equivalent)
096689/Z/11/Z,Investigator Award in Science,Discovery Awards (or equivalent)
096694/Z/11/Z,Research Resources Award,Directed
096700/Z/11/Z,PhD Studentship in H&SS,Other
096703/Z/11/Z,PhD Studentship in H&SS,Other
096712/Z/11/Z,PhD Studentship in H&SS,Other
096719/Z/11/Z,PhD Studentship in H&SS,Other
096720/Z/11/Z,PhD Studentship in H&SS,Other
096730/Z/11/Z,PhD Studentship in H&SS,Other
096738/Z/11/A,Enhancement,Other
096738/Z/11/Z,Investigator Award in Science,Discovery Awards (or equivalent)
096818/Z/11/Z,PhD Studentship in H&SS,Other
096821/Z/11/Z,Research Resources Award,Directed
096831/Z/11/A,Investigator Award in Science,Discovery Awards (or equivalent)
096857/Z/11/Z,PhD Studentship in H&SS,Other
096916/Z/11/Z,PhD Studentship in H&SS,Other
096917/Z/11/Z,Research Resources Award,Directed
096918/Z/11/A,Research Resources Award,Directed
096918/Z/11/Z,Research Resources Award,Directed
096919/Z/11/A,Provision for Public Engagement,Other
096919/Z/11/Z,Wellcome Trust Centre,Directed
096956/Z/11/Z,Investigator Award in Science,Discovery Awards (or equivalent)
096961/Z/11/Z,Research Resources Award,Directed
096964/Z/11/Z,Investigator Award in Science,Discovery Awards (or equivalent)
096986/Z/11/Z,Research Fellowship in H&SS,Discovery Awards (or equivalent)
097089/Z/11/Z,PhD Training Fellowship for Clinicians,Early Career (or equivalent)
097090/B/11/Z,Translational Medicine & Therapeutics Programme - Other Appointment,Other
097090/Z/11/Z,Translational Medicine & Therapeutics Programme - Other Appointment,Other
097091/Z/11/Z,PhD Training Fellowship for Clinicians,Early Career (or equivalent)
097098/Z/11/Z,PhD Training Fellowship for Clinicians,Early Career (or equivalent)
097099/Z/11/Z,PhD Training Fellowship for Clinicians,Early Career (or equivalent)
097100/Z/11/Z,PhD Training Fellowship for Clinicians,Early Career (or equivalent)
097114/Z/11/Z,Translational Medicine & Therapeutics Programme Clinical PhD Fellow,Other
097123/Z/11/Z,Research Resources Award,Directed
097124/Z/11/Z,International Training Fellowship,Early Career (or equivalent)
097134/Z/11/Z,International Intermediate Fellowship,Career Development (or equivalent)
097146/Z/11/Z,International Training Fellowship,Early Career (or equivalent)
097146/Z/16/A,Open Access for Terminated Award,Other
097171/Z/11/Z,International Intermediate Fellowship,Career Development (or equivalent)
097275/Z/11/Z,International Training Fellowship,Early Career (or equivalent)
097283/Z/11/Z,Research Resources Bursaries,Other
097330/Z/11/Z,PhD Training Fellowship for Clinicians,Early Career (or equivalent)
097392/Z/11/Z,Translational Medicine & Therapeutics Programme Clinical PhD Fellow,Other
097418/Z/11/A,Enhancement,Other
097418/Z/11/Z,Principal Research Fellowship Renewal,Discovery Awards (or equivalent)
097430/Z/11/Z,PhD Training Fellowship for Clinicians,Early Career (or equivalent)
097433/Z/11/Z,PhD Training Fellowship for Clinicians,Early Career (or equivalent)
097437/Z/11/Z,PhD Training Fellowship for Clinicians,Early Career (or equivalent)
097449/Z/11/Z,PhD Training Fellowship for Clinicians,Early Career (or equivalent)
097451/Z/11/Z,PhD Training Fellowship for Clinicians,Early Career (or equivalent)
097452/Z/11/Z,PhD Training Fellowship for Clinicians,Early Career (or equivalent)
097453/Z/11/A,PhD Training Fellowship for Clinicians,Early Career (or equivalent)
097453/Z/11/Z,PhD Training Fellowship for Clinicians,Early Career (or equivalent)
097454/Z/11/A,PhD Training Fellowship for Clinicians,Early Career (or equivalent)
097454/Z/11/Z,PhD Training Fellowship for Clinicians,Early Career (or equivalent)
097464/Z/11/A,PhD Training Fellowship for Clinicians,Early Career (or equivalent)
097464/Z/11/Z,PhD Training Fellowship for Clinicians,Early Career (or equivalent)
097465/B/11/Z,PhD Training Fellowship for Clinicians,Early Career (or equivalent)
097465/Z/11/Z,PhD Training Fellowship for Clinicians,Early Career (or equivalent)
097466/B/11/Z,PhD Training Fellowship for Clinicians,Early Career (or equivalent)
097466/Z/11/Z,PhD Training Fellowship for Clinicians,Early Career (or equivalent)
097469/B/11/Z,Research Fellowship in H&SS,Discovery Awards (or equivalent)
097469/B/15/A,Open Access for Terminated Award,Other
097469/Z/11/Z,Research Fellowship in H&SS,Discovery Awards (or equivalent)
097471/Z/11/Z,PhD Training Fellowship for Clinicians,Early Career (or equivalent)
097472/Z/11/A,Translational Medicine & Therapeutics Programme Clinical PhD Fellow,Other
097472/Z/11/Z,Translational Medicine & Therapeutics Programme Clinical PhD Fellow,Other
097473/Z/11/A,Translational Medicine & Therapeutics Programme Clinical PhD Fellow,Other
097473/Z/11/Z,Translational Medicine & Therapeutics Programme Clinical PhD Fellow,Other
097474/Z/11/A,Translational Medicine & Therapeutics Programme Clinical PhD Fellow,Other
097474/Z/11/Z,Translational Medicine & Therapeutics Programme Clinical PhD Fellow,Other
097480/Z/11/Z,PhD Training Fellowship for Clinicians,Early Career (or equivalent)
097481/Z/11/Z,PhD Training Fellowship for Clinicians,Early Career (or equivalent)
097482/Z/11/Z,PhD Training Fellowship for Clinicians,Early Career (or equivalent)
097483/Z/11/Z,PhD Training Fellowship for Clinicians,Early Career (or equivalent)
097484/Z/11/Z,PhD Training Fellowship for Clinicians,Early Career (or equivalent)
097509/Z/11/Z,Research Fellowship in H&SS,Discovery Awards (or equivalent)
097509/Z/16/A,Open Access for Terminated Award,Other
097597/Z/11/B,Open Access Award,Other
097597/Z/11/Z,Research Fellowship in H&SS,Discovery Awards (or equivalent)
097597/Z/17/B,Open Access for Terminated Award,Other
097604/Z/11/Z,Research Fellowship in H&SS,Discovery Awards (or equivalent)
097665/Z/11/Z,Research Fellowship in H&SS,Discovery Awards (or equivalent)
097675/Z/11/Z,Open Access for Terminated Award,Other
097683/Z/11/Z,University Award in H&SS,Career Development (or equivalent)
097725/Z/11/Z,Research Fellowship in H&SS,Discovery Awards (or equivalent)
097726/Z/11/Z,Investigator Award in Science,Discovery Awards (or equivalent)
097727/Z/11/Z,Research Fellowship in H&SS,Discovery Awards (or equivalent)
097727/Z/15/A,Open Access for Terminated Award,Other
097727/Z/17/C,Open Access for Terminated Award,Other
097737/Z/11/A,Investigator Award in H&SS,Discovery Awards (or equivalent)
097737/Z/11/Z,Investigator Award in H&SS,Discovery Awards (or equivalent)
097744/Z/11/Z,PhD Training Fellowship for Clinicians,Early Career (or equivalent)
097769/Z/11/Z,Investigator Award in Science,Discovery Awards (or equivalent)
097779/Z/11/B,Provision for Public Engagement,Other
097779/Z/11/Z,Investigator Award in H&SS,Discovery Awards (or equivalent)
097782/Z/11/Z,Investigator Award in H&SS,Discovery Awards (or equivalent)
097791/Z/11/Z,Investigator Award in Science,Discovery Awards (or equivalent)
097803/Z/11/Z,Investigator Award in Science,Discovery Awards (or equivalent)
097806/Z/11/A,Enhancement,Other
097806/Z/11/Z,Investigator Award in Science,Discovery Awards (or equivalent)
097852/Z/11/Z,Research Resources Award,Directed
097854/Z/11/Z,Research Resources Award,Directed
097855/Z/11/Z,Investigator Award in Science,Discovery Awards (or equivalent)
097857/Z/11/Z,Investigator Award in H&SS,Discovery Awards (or equivalent)
097880/Z/11/A,Discretionary Award – Directorate,Other
097880/Z/11/Z,PhD Training Fellowship for Clinicians,Early Career (or equivalent)
097881/Z/11/Z,PhD Training Fellowship for Clinicians,Early Career (or equivalent)
097882/Z/11/A,PhD Training Fellowship for Clinicians,Early Career (or equivalent)
097882/Z/11/Z,PhD Training Fellowship for Clinicians,Early Career (or equivalent)
097884/Z/11/Z,Investigator Award in H&SS,Discovery Awards (or equivalent)
097894/Z/11/Z,Investigator Award in H&SS,Discovery Awards (or equivalent)
097899/A/11/Z,Investigator Award in H&SS,Discovery Awards (or equivalent)
097899/Z/11/A,Provision for Public Engagement,Other
097899/Z/11/Z,Investigator Award in H&SS,Discovery Awards (or equivalent)
097903/Z/11/Z,Investigator Award in Science,Discovery Awards (or equivalent)
097907/Z/11/Z,Investigator Award in Science,Discovery Awards (or equivalent)
097918/Z/11/Z,Investigator Award in H&SS,Discovery Awards (or equivalent)
097922/B/11/A,Wellcome Trust Centre,Directed
097922/B/11/B,Wellcome Trust Centre,Directed
097922/B/11/C,Wellcome Trust Centre,Directed
097922/B/11/D,Wellcome Trust Centre,Directed
097922/B/11/E,Wellcome Trust Centre,Directed
097922/B/11/F,Wellcome Trust Centre,Directed
097922/B/11/Z,Wellcome Trust Centre,Directed
097922/C/11/Z,Recruitment Enhancement,Other
097922/D/11/Z,Recruitment Enhancement,Other
097922/Z/11/B,Provision for Public Engagement,Other
097922/Z/11/Z,Wellcome Trust Centre,Directed
098000/Z/11/Z,Translational Medicine & Therapeutics Programme Clinical PhD Fellow,Other
098005/Z/11/Z,Research Resources Award,Directed
098025/Z/11/Z,Senior Research Fellowship Basic,Discovery Awards (or equivalent)
098026/Z/11/Z,Senior Research Fellowship Basic,Discovery Awards (or equivalent)
098049/B/12/A,Sanger Resource Collaboration,Directed
098049/Z/12/A,Enhancement,Other
098049/Z/12/Z,Senior Research Fellowship Basic,Discovery Awards (or equivalent)
098077/Z/12/Z,Research Resources Scoping Award,Other
098078/Z/12/Z,Research Resources Award,Directed
098092/Z/12/Z,Research Resources Award,Directed
098236/Z/12/Z,Research Resources Scoping Award,Other
098254/Z/12/Z,Translational Medicine & Therapeutics Programme Clinical PhD Fellow,Other
098291/Z/12/A,Enhancement,Other
098291/Z/12/Z,Investigator Award in Science,Discovery Awards (or equivalent)
098292/Z/12/Z,Research Resources Scoping Award,Other
098296/Z/12/Z,Research Fellowship in H&SS,Discovery Awards (or equivalent)
098302/Z/12/Z,Investigator Award in Science,Discovery Awards (or equivalent)
098316/Z/12/Z,International Intermediate Fellowship,Career Development (or equivalent)
098325/Z/12/Z,Investigator Award in Science,Discovery Awards (or equivalent)
098326/B/12/Z,Investigator Award in Science,Discovery Awards (or equivalent)
098326/Z/12/Z,Investigator Award in Science,Discovery Awards (or equivalent)
098327/Z/12/Z,Investigator Award in Science,Discovery Awards (or equivalent)
098351/Z/12/Z,Translational Medicine & Therapeutics Programme Clinical PhD Fellow,Other
098352/Z/12/A,Provision for Public Engagement,Other
098352/Z/12/Z,Investigator Award in Science,Discovery Awards (or equivalent)
098357/Z/12/Z,Investigator Award in Science,Discovery Awards (or equivalent)
098360/Z/12/Z,Investigator Award in Science,Discovery Awards (or equivalent)
098362/Z/12/Z,Investigator Award in Science,Discovery Awards (or equivalent)
098363/Z/12/Z,Sir Henry Dale Fellowship,Career Development (or equivalent)
098374/Z/12/Z,Investigator Award in Science,Discovery Awards (or equivalent)
098375/Z/12/Z,Sir Henry Dale Fellowship,Career Development (or equivalent)
098381/Z/12/Z,Investigator Award in Science,Discovery Awards (or equivalent)
098386/A/12/Z,Sir Henry Dale Fellowship Extension,Career Development (or equivalent)
098386/Z/12/Z,Sir Henry Dale Fellowship,Career Development (or equivalent)
098387/Z/12/Z,Investigator Award in Science,Discovery Awards (or equivalent)
098390/Z/12/Z,Sir Henry Dale Fellowship,Career Development (or equivalent)
098391/Z/12/Z,Investigator Award in Science,Discovery Awards (or equivalent)
098395/Z/12/A,Investigator Award in Science,Discovery Awards (or equivalent)
098395/Z/12/Z,Investigator Award in Science,Discovery Awards (or equivalent)
098400/A/12/A,Enhancement,Other
098400/A/12/Z,Sir Henry Dale Fellowship,Career Development (or equivalent)
098400/Z/12/Z,Sir Henry Dale Fellowship,Career Development (or equivalent)
098403/Z/12/A,Sir Henry Dale Fellowship,Career Development (or equivalent)
098403/Z/12/B,Enhancement,Other
098403/Z/12/Z,Sir Henry Dale Fellowship,Career Development (or equivalent)
098406/Z/12/A,Enhancement,Other
098406/Z/12/B,Sir Henry Dale Fellowship Extension,Career Development (or equivalent)
098406/Z/12/Z,Sir Henry Dale Fellowship,Career Development (or equivalent)
098410/Z/12/A,Enhancement,Other
098410/Z/12/Z,Investigator Award in Science,Discovery Awards (or equivalent)
098411/Z/12/Z,Investigator Award in Science,Discovery Awards (or equivalent)
098412/Z/12/Z,Investigator Award in Science,Discovery Awards (or equivalent)
098418/Z/12/A,Sir Henry Dale Fellowship Extension,Career Development (or equivalent)
098418/Z/12/Z,Sir Henry Dale Fellowship,Career Development (or equivalent)
098424/Z/12/A,Enhancement,Other
098424/Z/12/Z,Investigator Award in Science,Discovery Awards (or equivalent)
098433/Z/12/Z,Investigator Award in Science,Discovery Awards (or equivalent)
098436/Z/12/A,Enhancement,Other
098436/Z/12/B,Sir Henry Dale Fellowship Extension,Career Development (or equivalent)
098436/Z/12/Z,Sir Henry Dale Fellowship,Career Development (or equivalent)
098454/Z/12/Z,Research Resources Scoping Award,Other
098479/Z/12/Z,International Training Fellowship,Early Career (or equivalent)
098479/Z/16/A,Open Access for Terminated Award,Other
098481/Z/12/A,Clinical Excellence Award,Other
098481/Z/12/B,Clinical Excellence Award,Other
098481/Z/12/Z,Senior Research Fellowship Clinical,Discovery Awards (or equivalent)
098498/Z/12/Z,Senior Research Fellowship Clinical,Discovery Awards (or equivalent)
098504/Z/12/Z,Senior Research Fellowship Clinical Renewal,Discovery Awards (or equivalent)
098516/B/12/Z,Senior Research Fellowship Clinical,Discovery Awards (or equivalent)
098516/Z/12/Z,Senior Research Fellowship Clinical,Discovery Awards (or equivalent)
098541/Z/12/Z,International Training Fellowship,Early Career (or equivalent)
098565/Z/12/Z,Strategic Award - Science,Directed
098585/Z/12/Z,Research Resources Scoping Award,Other
098635/B/12/Z,International Training Fellowship,Early Career (or equivalent)
098635/Z/12/Z,International Training Fellowship,Early Career (or equivalent)
098640/Z/12/Z,Research Resources Scoping Award,Other
098646/Z/12/Z,Sir Henry Wellcome Postdoctoral Fellowship,Early Career (or equivalent)
098705/Z/12/Z,Research Fellowship in H&SS,Discovery Awards (or equivalent)
098721/Z/12/Z,Sir Henry Wellcome Postdoctoral Fellowship,Early Career (or equivalent)
098759/Z/12/Z,Sir Henry Wellcome Postdoctoral Fellowship,Early Career (or equivalent)
098771/Z/12/Z,Sir Henry Wellcome Postdoctoral Fellowship,Early Career (or equivalent)
098784/Z/12/Z,Sir Henry Wellcome Postdoctoral Fellowship,Early Career (or equivalent)
098799/Z/12/Z,Sir Henry Wellcome Postdoctoral Fellowship,Early Career (or equivalent)
098830/Z/12/A,Sir Henry Wellcome Postdoctoral Fellowship,Early Career (or equivalent)
098830/Z/12/Z,Sir Henry Wellcome Postdoctoral Fellowship,Early Career (or equivalent)
098847/Z/12/Z,Sir Henry Wellcome Postdoctoral Fellowship,Early Career (or equivalent)
098848/Z/12/Z,Research Fellowship in H&SS,Discovery Awards (or equivalent)
098874/Z/12/Z,Research Fellowship in H&SS,Discovery Awards (or equivalent)
098881/Z/12/Z,Sir Henry Wellcome Postdoctoral Fellowship,Early Career (or equivalent)
098881/Z/17/A,Open Access for Terminated Award,Other
098889/Z/12/Z,Sir Henry Wellcome Postdoctoral Fellowship,Early Career (or equivalent)
098896/Z/12/Z,Sir Henry Wellcome Postdoctoral Fellowship,Early Career (or equivalent)
098912/Z/12/Z,Research Fellowship in H&SS,Discovery Awards (or equivalent)
098915/Z/12/Z,Sir Henry Wellcome Postdoctoral Fellowship,Early Career (or equivalent)
098926/Z/12/Z,University Award in H&SS,Career Development (or equivalent)
099009/Z/12/Z,Research Fellowship in H&SS,Discovery Awards (or equivalent)
099051/Z/12/Z,Research Fellowship in H&SS,Discovery Awards (or equivalent)
099129/Z/12/Z,Biomedical Resources Grant,Directed
099131/Z/12/Z,Biomedical Resources Grant,Directed
099133/Z/12/Z,Biomedical Resources Grant,Directed
099156/B/12/Z,Biomedical Resources Grant,Directed
099156/Z/12/Z,Biomedical Resources Grant,Directed
099164/B/12/Z,Biomedical Resources Grant,Directed
099164/C/12/Z,Biomedical Resources Grant,Directed
099164/Z/12/Z,Biomedical Resources Grant,Directed
099165/Z/12/Z,Biomedical Resources Grant,Directed
099175/B/12/Z,Biomedical Resources Grant,Directed
099175/Z/12/Z,Biomedical Resources Grant,Directed
099177/Z/12/Z,Biomedical Resources Grant,Directed
099185/A/12/Z,Biomedical Resources Grant,Directed
099185/Z/12/Z,Biomedical Resources Grant,Directed
099191/Z/12/Z,Biomedical Resources Grant,Directed
099194/Z/12/Z,Biomedical Resources Grant,Directed
099197/Z/12/Z,Biomedical Resources Grant,Directed
099198/Z/12/Z,Biomedical Resources Grant,Directed
099202/Z/12/Z,Biomedical Resources Grant,Directed
099204/Z/12/A,Enhancement,Other
099204/Z/12/Z,Investigator Award in Science,Discovery Awards (or equivalent)
099222/Z/12/Z,Investigator Award in Science,Discovery Awards (or equivalent)
099232/Z/12/Z,Investigator Award in Science,Discovery Awards (or equivalent)
099234/Z/12/A,Enhancement,Other
099234/Z/12/B,Enhancement,Other
099234/Z/12/Z,Investigator Award in Science,Discovery Awards (or equivalent)
099246/Z/12/Z,Investigator Award in Science,Discovery Awards (or equivalent)
099251/Z/12/Z,Investigator Award in Science,Discovery Awards (or equivalent)
099266/Z/12/A,Enhancement,Other
099266/Z/12/Z,Investigator Award in Science,Discovery Awards (or equivalent)
099273/Z/12/Z,Investigator Award in Science,Discovery Awards (or equivalent)
099276/Z/12/Z,Investigator Award in Science,Discovery Awards (or equivalent)
099297/Z/12/Z,Research Resources Scoping Award,Other
099342/Z/12/Z,Research Resources Scoping Award,Other
099346/Z/12/Z,PhD Studentship in H&SS,Other
099346/Z/19/A,Open Access for Terminated Award,Other
099351/Z/12/Z,PhD Studentship in H&SS,Other
099351/Z/19/B,Open Access for Terminated Award,Other
099357/Z/12/Z,PhD Studentship in H&SS,Other
099357/Z/19/A,Open Access for Terminated Award,Other
099362/Z/12/Z,PhD Studentship in H&SS,Other
099362/Z/19/B,Open Access for Terminated Award,Other
099372/Z/12/Z,PhD Studentship in H&SS,Other
099373/Z/12/Z,PhD Studentship in H&SS,Other
099385/Z/12/Z,PhD Studentship in H&SS,Other
099423/Z/12/Z,PhD Training Fellowship for Clinicians,Early Career (or equivalent)
099430/Z/12/Z,Research Resources Scoping Award,Other
099432/Z/12/Z,Research Resources Award,Directed
099433/Z/12/Z,Research Resources Award,Directed
099439/Z/12/A,Research Resources Award,Directed
099439/Z/12/Z,Research Resources Award,Directed
099440/Z/12/Z,Translational Medicine & Therapeutics Programme Clinical PhD Fellow,Other
099447/Z/12/Z,Research Resources Scoping Award,Other
099452/Z/12/Z,Research Fellowship in H&SS,Discovery Awards (or equivalent)
099467/Z/12/Z,Research Resources Award,Directed
099480/Z/12/Z,Research Resources Scoping Award,Other
099516/Z/12/A,Research Resources Award,Directed
099516/Z/12/Z,Research Resources Award,Directed
099572/Z/12/Z,Open Access for Terminated Award,Other
099574/Z/12/Z,Research Resources Award,Directed
099637/Z/12/Z,Research Resources Scoping Award,Other
099710/Z/12/Z,Translational Medicine & Therapeutics Programme Clinical PhD Fellow,Other
099782/Z/12/Z,International Training Fellowship,Early Career (or equivalent)
099805/Z/12/Z,International Intermediate Fellowship,Career Development (or equivalent)
099805/Z/18/A,Open Access for Terminated Award,Other
099805/Z/19/C,Open Access for Terminated Award,Other
099805/Z/20/D,Open Access for Terminated Award,Other
099818/Z/12/Z,International Intermediate Fellowship,Career Development (or equivalent)
099818/Z/21/A,Open Access for Terminated Award,Other
099835/Z/12/Z,Research Resources Bursaries,Other
099864/Z/12/Z,International Training Fellowship,Early Career (or equivalent)
099872/Z/12/Z,International Training Fellowship,Early Career (or equivalent)
099875/Z/12/Z,International Training Fellowship,Early Career (or equivalent)
099876/Z/12/Z,International Training Fellowship,Early Career (or equivalent)
099895/Z/12/Z,PhD Training Fellowship for Clinicians,Early Career (or equivalent)
099896/Z/12/Z,PhD Training Fellowship for Clinicians,Early Career (or equivalent)
099897/Z/12/A,PhD Training Fellowship for Clinicians,Early Career (or equivalent)
099897/Z/12/Z,PhD Training Fellowship for Clinicians,Early Career (or equivalent)
099898/Z/12/Z,PhD Training Fellowship for Clinicians,Early Career (or equivalent)
099929/B/12/Z,PhD Training Fellowship for Clinicians,Early Career (or equivalent)
099929/Z/12/Z,PhD Training Fellowship for Clinicians,Early Career (or equivalent)
099934/Z/12/A,PhD Training Fellowship for Clinicians,Early Career (or equivalent)
099934/Z/12/Z,PhD Training Fellowship for Clinicians,Early Career (or equivalent)
099938/B/12/Z,PhD Training Fellowship for Clinicians,Early Career (or equivalent)
099938/Z/12/Z,PhD Training Fellowship for Clinicians,Early Career (or equivalent)
099950/B/12/Z,Sir Henry Dale Fellowship,Career Development (or equivalent)
099950/Z/12/Z,Sir Henry Dale Fellowship,Career Development (or equivalent)
099953/Z/12/Z,Sir Henry Dale Fellowship,Career Development (or equivalent)
099962/Z/12/A,PhD Training Fellowship for Clinicians,Early Career (or equivalent)
099962/Z/12/Z,PhD Training Fellowship for Clinicians,Early Career (or equivalent)
099966/Z/12/Z,Sir Henry Dale Fellowship,Career Development (or equivalent)
099973/Z/12/Z,Sir Henry Dale Fellowship,Career Development (or equivalent)
099992/Z/12/Z,International Intermediate Fellowship,Career Development (or equivalent)
100000/Z/12/Z,Sir Henry Dale Fellowship,Career Development (or equivalent)
100011/Z/12/Z,International Intermediate Fellowship,Career Development (or equivalent)
100031/Z/12/A,Sir Henry Dale Fellowship Extension,Career Development (or equivalent)
100031/Z/12/Z,Sir Henry Dale Fellowship,Career Development (or equivalent)
100034/Z/12/Z,Sir Henry Dale Fellowship,Career Development (or equivalent)
100066/Z/12/Z,Sir Henry Wellcome Postdoctoral Fellowship,Early Career (or equivalent)
100083/Z/12/Z,Sir Henry Wellcome Postdoctoral Fellowship,Early Career (or equivalent)
100087/Z/12/A,Enhancement,Other
100087/Z/12/Z,Sir Henry Dale Fellowship,Career Development (or equivalent)
100090/Z/12/Z,Sir Henry Wellcome Postdoctoral Fellowship,Early Career (or equivalent)
100092/Z/12/Z,Sir Henry Wellcome Postdoctoral Fellowship,Early Career (or equivalent)
100104/Z/12/A,Sir Henry Dale Fellowship,Career Development (or equivalent)
100104/Z/12/Z,Sir Henry Dale Fellowship,Career Development (or equivalent)
100111/Z/12/Z,Sir Henry Wellcome Postdoctoral Fellowship,Early Career (or equivalent)
100114/Z/12/Z,Sir Henry Wellcome Postdoctoral Fellowship,Early Career (or equivalent)
100119/Z/12/Z,Translational Medicine & Therapeutics Programme Clinical PhD Fellow,Other
100133/Z/12/Z,Sir Henry Wellcome Postdoctoral Fellowship,Early Career (or equivalent)
100136/B/12/Z,Sir Henry Wellcome Postdoctoral Fellowship,Early Career (or equivalent)
100136/Z/12/Z,Sir Henry Wellcome Postdoctoral Fellowship,Early Career (or equivalent)
100137/Z/12/Z,PhD Training Fellowship for Clinicians,Early Career (or equivalent)
100138/B/12/Z,Translational Medicine & Therapeutics Programme - Other Appointment,Other
100138/Z/12/Z,Translational Medicine & Therapeutics Programme - Other Appointment,Other
100141/Z/12/Z,PhD Training Fellowship for Clinicians,Early Career (or equivalent)
100142/Z/12/Z,PhD Training Fellowship for Clinicians,Early Career (or equivalent)
100145/B/12/Z,Sir Henry Wellcome Postdoctoral Fellowship,Early Career (or equivalent)
100145/Z/12/Z,Sir Henry Wellcome Postdoctoral Fellowship,Early Career (or equivalent)
100201/Z/12/A,Translational Medicine & Therapeutics Programme Clinical PhD Fellow,Other
100201/Z/12/Z,Translational Medicine & Therapeutics Programme Clinical PhD Fellow,Other
100209/A/12/Z,Investigator Award in Science,Discovery Awards (or equivalent)
100209/Z/12/Z,Investigator Award in Science,Discovery Awards (or equivalent)
100210/Z/12/Z,Investigator Award in Science,Discovery Awards (or equivalent)
100211/Z/12/Z,Translational Medicine & Therapeutics Programme Clinical PhD Fellow,Other
100218/Z/12/Z,Investigator Award in Science,Discovery Awards (or equivalent)
100229/Z/12/Z,Senior Research Fellowship Basic,Discovery Awards (or equivalent)
100237/Z/12/Z,Investigator Award in Science,Discovery Awards (or equivalent)
100246/Z/12/Z,Senior Research Fellowship Basic,Discovery Awards (or equivalent)
100247/Z/12/Z,Senior Research Fellowship Basic,Discovery Awards (or equivalent)
100251/Z/12/Z,Research Fellowship in H&SS,Discovery Awards (or equivalent)
100262/B/12/Z,International Recruitment Supplement,Other
100262/Z/12/Z,Principal Research Fellowship (New),Discovery Awards (or equivalent)
100269/Z/12/Z,Investigator Award in Science,Discovery Awards (or equivalent)
100278/Z/12/B,Research Fellowship in H&SS,Discovery Awards (or equivalent)
100278/Z/12/Z,Research Fellowship in H&SS,Discovery Awards (or equivalent)
100280/Z/12/Z,Investigator Award in Science,Discovery Awards (or equivalent)
100282/Z/12/Z,Investigator Award in Science,Discovery Awards (or equivalent)
100289/Z/12/Z,Investigator Award in Science,Discovery Awards (or equivalent)
100290/Z/12/Z,Investigator Award in Science,Discovery Awards (or equivalent)
100291/B/12/Z,Sanger Resource Collaboration,Directed
100291/Z/12/A,Enhancement,Other
100291/Z/12/Z,Investigator Award in Science,Discovery Awards (or equivalent)
100293/Z/12/Z,Investigator Award in Science,Discovery Awards (or equivalent)
100294/Z/12/Z,Investigator Award in Science,Discovery Awards (or equivalent)
100298/Z/12/A,Enhancement,Other
100298/Z/12/Z,Investigator Award in Science,Discovery Awards (or equivalent)
100308/Z/12/Z,Investigator Award in Science,Discovery Awards (or equivalent)
100320/Z/12/Z,Investigator Award in Science,Discovery Awards (or equivalent)
100321/Z/12/Z,Investigator Award in Science,Discovery Awards (or equivalent)
100326/Z/12/Z,Investigator Award in Science,Discovery Awards (or equivalent)
100327/Z/12/Z,Investigator Award in Science,Discovery Awards (or equivalent)
100329/Z/12/Z,Investigator Award in Science,Discovery Awards (or equivalent)
100387/Z/12/Z,Investigator Award in Science,Discovery Awards (or equivalent)
100388/Z/12/B,Research Fellowship in H&SS,Discovery Awards (or equivalent)
100388/Z/12/Z,Research Fellowship in H&SS,Discovery Awards (or equivalent)
100388/Z/17/B,Open Access for Terminated Award,Other
100401/Z/12/Z,Investigator Award in Science,Discovery Awards (or equivalent)
100412/Z/12/A,University Award in H&SS,Career Development (or equivalent)
100433/Z/12/Z,University Award in H&SS,Career Development (or equivalent)
100468/Z/12/Z,PhD Training Fellowship for Clinicians,Early Career (or equivalent)
100469/Z/12/A,PhD Training Fellowship for Clinicians,Early Career (or equivalent)
100469/Z/12/Z,PhD Training Fellowship for Clinicians,Early Career (or equivalent)
100470/Z/12/Z,PhD Training Fellowship for Clinicians,Early Career (or equivalent)
100526/Z/12/Z,Research Fellowship in H&SS,Discovery Awards (or equivalent)
100535/Z/12/Z,Translational Medicine & Therapeutics Programme Clinical PhD Fellow,Other
100553/Z/12/Z,Research Fellowship in H&SS,Discovery Awards (or equivalent)
100555/Z/12/Z,PhD Training Fellowship for Clinicians,Early Career (or equivalent)
100556/B/12/Z,Research Fellowship in H&SS,Discovery Awards (or equivalent)
100556/Z/12/Z,Research Fellowship in H&SS,Discovery Awards (or equivalent)
100561/Z/12/B,Provision for Public Engagement,Other
100561/Z/12/Z,University Award in H&SS,Career Development (or equivalent)
100562/Z/12/A,PhD Training Fellowship for Clinicians,Early Career (or equivalent)
100562/Z/12/Z,PhD Training Fellowship for Clinicians,Early Career (or equivalent)
100563/Z/12/Z,PhD Training Fellowship for Clinicians,Early Career (or equivalent)
100564/Z/12/A,PhD Training Fellowship for Clinicians,Early Career (or equivalent)
100564/Z/12/Z,PhD Training Fellowship for Clinicians,Early Career (or equivalent)
100565/Z/12/Z,PhD Training Fellowship for Clinicians,Early Career (or equivalent)
100566/Z/12/Z,PhD Training Fellowship for Clinicians,Early Career (or equivalent)
100577/Z/12/Z,Research Fellowship in H&SS,Discovery Awards (or equivalent)
100586/Z/12/A,Investigator Award in H&SS,Discovery Awards (or equivalent)
100586/Z/12/Z,Investigator Award in H&SS,Discovery Awards (or equivalent)
100586/Z/20/B,Open Access for Terminated Award,Other
100591/Z/12/B,Provision for Public Engagement,Other
100591/Z/12/Z,Investigator Award in H&SS,Discovery Awards (or equivalent)
100597/Z/12/Z,Investigator Award in H&SS,Discovery Awards (or equivalent)
100597/Z/20/A,Open Access for Terminated Award,Other
100601/Z/12/A,Investigator Award in H&SS,Discovery Awards (or equivalent)
100601/Z/12/Z,Investigator Award in H&SS,Discovery Awards (or equivalent)
100606/Z/12/A,Provision for Public Engagement,Other
100606/Z/12/Z,Investigator Award in H&SS,Discovery Awards (or equivalent)
100609/Z/12/Z,Research Resources Award,Directed
100618/Z/12/Z,Investigator Award in H&SS,Discovery Awards (or equivalent)
100670/Z/12/Z,PhD Training Fellowship for Clinicians,Early Career (or equivalent)
100671/Z/12/Z,PhD Training Fellowship for Clinicians,Early Career (or equivalent)
100673/Z/12/A,PhD Training Fellowship for Clinicians,Early Career (or equivalent)
100673/Z/12/Z,PhD Training Fellowship for Clinicians,Early Career (or equivalent)
100674/Z/12/A,PhD Training Fellowship for Clinicians,Early Career (or equivalent)
100674/Z/12/Z,PhD Training Fellowship for Clinicians,Early Career (or equivalent)
100675/Z/12/A,PhD Training Fellowship for Clinicians,Early Career (or equivalent)
100675/Z/12/Z,PhD Training Fellowship for Clinicians,Early Career (or equivalent)
100676/Z/12/Z,PhD Training Fellowship for Clinicians,Early Career (or equivalent)
100677/Z/12/A,PhD Training Fellowship for Clinicians,Early Career (or equivalent)
100677/Z/12/Z,PhD Training Fellowship for Clinicians,Early Career (or equivalent)
100678/Z/12/A,PhD Training Fellowship for Clinicians,Early Career (or equivalent)
100678/Z/12/Z,PhD Training Fellowship for Clinicians,Early Career (or equivalent)
100679/Z/12/A,PhD Training Fellowship for Clinicians,Early Career (or equivalent)
100679/Z/12/Z,PhD Training Fellowship for Clinicians,Early Career (or equivalent)
100705/Z/12/Z,Investigator Award in H&SS,Discovery Awards (or equivalent)
100709/A/12/Z,Investigator Award in H&SS,Discovery Awards (or equivalent)
100709/Z/12/Z,Investigator Award in H&SS,Discovery Awards (or equivalent)
100713/Z/12/A,Investigator Award in H&SS,Discovery Awards (or equivalent)
100713/Z/19/B,Open Access for Terminated Award,Other
100722/Z/12/Z,Research Resources Award,Directed
100723/Z/12/A,Research Resources Award,Directed
100723/Z/12/B,Research Resources Award,Directed
100724/Z/12/Z,Research Resources Award,Directed
100725/Z/12/A,Research Resources Award,Directed
100725/Z/12/B,Provision for Public Engagement,Other
100726/Z/12/Z,Research Resources Scoping Award,Other
100730/Z/12/Z,Research Resources Award,Directed
100731/Z/12/Z,Research Resources Award,Directed
100732/Z/12/A,Research Resources Award,Directed
100732/Z/12/Z,Research Resources Award,Directed
100745/Z/12/Z,Research Resources Scoping Award,Other
100780/Z/13/Z,Translational Medicine & Therapeutics Programme Clinical PhD Fellow,Other
100910/B/13/Z,Sanger Resource Collaboration,Directed
100910/C/13/Z,Investigator Award in Science,Discovery Awards (or equivalent)
100910/Z/13/Z,Investigator Award in Science,Discovery Awards (or equivalent)
100954/Z/13/A,Enhancement,Other
100954/Z/13/Z,Investigator Award in Science,Discovery Awards (or equivalent)
100955/Z/13/Z,Investigator Award in Science,Discovery Awards (or equivalent)
100958/Z/13/A,Enhancement,Other
100958/Z/13/Z,Investigator Award in Science,Discovery Awards (or equivalent)
100963/Z/13/Z,Investigator Award in Science,Discovery Awards (or equivalent)
100973/Z/13/Z,Investigator Award in Science,Discovery Awards (or equivalent)
100974/B/13/Z,Sanger Resource Collaboration,Directed
100974/C/13/A,Provision for Public Engagement,Other
100974/C/13/Z,Investigator Award in Science,Discovery Awards (or equivalent)
100974/Z/13/Z,Investigator Award in Science,Discovery Awards (or equivalent)
100980/B/13/Z,International Recruitment Supplement,Other
100980/C/13/Z,Senior Research Fellowship Basic,Discovery Awards (or equivalent)
100981/Z/13/A,Enhancement,Other
100981/Z/13/Z,Investigator Award in Science,Discovery Awards (or equivalent)
100993/B/13/Z,International Recruitment Supplement,Other
100993/Z/13/Z,Investigator Award in Science,Discovery Awards (or equivalent)
100999/Z/13/Z,Investigator Award in Science,Discovery Awards (or equivalent)
101009/Z/13/Z,Senior Research Fellowship Basic,Discovery Awards (or equivalent)
101010/B/13/Z,Investigator Award in Science,Discovery Awards (or equivalent)
101010/Z/13/Z,Investigator Award in Science,Discovery Awards (or equivalent)
101012/Z/13/Z,Health Innovation Challenge Fund Award,Other
101014/Z/13/Z,Research Resources Scoping Award,Other
101020/Z/13/A,Enhancement,Other
101020/Z/13/B,Research Enrichment - Public Engagement,Other
101020/Z/13/Z,Investigator Award in Science,Discovery Awards (or equivalent)
101022/Z/13/A,Enhancement,Other
101022/Z/13/Z,Senior Research Fellowship Clinical,Discovery Awards (or equivalent)
101029/Z/13/Z,Investigator Award in Science,Discovery Awards (or equivalent)
101033/B/13/Z,International Recruitment Supplement,Other
101033/C/13/Z,Investigator Award in Science,Discovery Awards (or equivalent)
101035/Z/13/Z,Investigator Award in Science,Discovery Awards (or equivalent)
101050/Z/13/A,Strategic Support: Science,Directed
101050/Z/13/Z,Investigator Award in Science,Discovery Awards (or equivalent)
101052/Z/13/Z,Investigator Award in Science,Discovery Awards (or equivalent)
101054/Z/13/Z,Investigator Award in Science,Discovery Awards (or equivalent)
101067/B/13/Z,International Recruitment Supplement,Other
101067/Z/13/Z,Investigator Award in Science,Discovery Awards (or equivalent)
101069/Z/13/Z,Research Fellowship in H&SS,Discovery Awards (or equivalent)
101073/Z/13/Z,International Intermediate Fellowship,Career Development (or equivalent)
101085/Z/13/Z,International Training Fellowship,Early Career (or equivalent)
101103/Z/13/Z,International Intermediate Fellowship,Career Development (or equivalent)
101104/Z/13/Z,International Training Fellowship,Early Career (or equivalent)
101106/Z/13/A,Strategic Award - Science,Directed
101106/Z/13/Z,Strategic Award - Science,Directed
101166/Z/13/Z,International Training Fellowship,Early Career (or equivalent)
101195/Z/13/A,Research Enrichment - Open Research,Other
101195/Z/13/Z,Sir Henry Dale Fellowship,Career Development (or equivalent)
101200/A/13/Z,Sir Henry Dale Fellowship,Career Development (or equivalent)
101200/Z/13/Z,Sir Henry Dale Fellowship,Career Development (or equivalent)
101208/Z/13/A,Enhancement,Other
101208/Z/13/Z,Sir Henry Dale Fellowship,Career Development (or equivalent)
101222/A/13/Z,Sir Henry Dale Fellowship,Career Development (or equivalent)
101222/Z/13/Z,Sir Henry Dale Fellowship,Career Development (or equivalent)
101225/Z/13/Z,Sir Henry Dale Fellowship,Career Development (or equivalent)
101234/Z/13/Z,Sir Henry Dale Fellowship,Career Development (or equivalent)
101237/A/13/Z,Residual Award,Other
101237/Z/13/B,Sir Henry Dale Fellowship Extension,Career Development (or equivalent)
101237/Z/13/Z,Sir Henry Dale Fellowship,Career Development (or equivalent)
101239/A/13/Z,Sanger Resource Collaboration,Directed
101239/Z/13/A,Enhancement,Other
101239/Z/13/Z,Sir Henry Dale Fellowship,Career Development (or equivalent)
101241/B/13/Z,Sanger Resource Collaboration,Directed
101241/Z/13/Z,Sir Henry Dale Fellowship,Career Development (or equivalent)
101242/A/13/Z,Sir Henry Dale Fellowship,Career Development (or equivalent)
101242/Z/13/Z,Sir Henry Dale Fellowship,Career Development (or equivalent)
101261/Z/13/Z,Sir Henry Wellcome Postdoctoral Fellowship,Early Career (or equivalent)
101272/Z/13/A,Enhancement,Other
101272/Z/13/Z,Sir Henry Dale Fellowship,Career Development (or equivalent)
101285/Z/13/A,Sir Henry Dale Fellowship,Career Development (or equivalent)
101285/Z/13/B,Sir Henry Dale Fellowship Extension,Career Development (or equivalent)
101285/Z/13/Z,Sir Henry Dale Fellowship,Career Development (or equivalent)
101372/Z/13/Z,Sir Henry Dale Fellowship,Career Development (or equivalent)
101441/Z/13/Z,Research Resources Scoping Award,Other
101445/Z/13/Z,Biomedical Resources Grant,Directed
101454/A/13/Z,Research Fellowship in H&SS,Discovery Awards (or equivalent)
101454/Z/13/A,Research Fellowship in H&SS,Discovery Awards (or equivalent)
101454/Z/13/Z,Research Fellowship in H&SS,Discovery Awards (or equivalent)
101477/Z/13/Z,Biomedical Resources Grant,Directed
101480/Z/13/Z,Biomedical Resources Grant,Directed
101489/Z/13/Z,Sir Henry Wellcome Postdoctoral Fellowship,Early Career (or equivalent)
101502/Z/13/Z,Biomedical Resources Grant,Directed
101503/B/13/Z,Sanger Resource Collaboration,Directed
101503/Z/13/Z,Biomedical Resources Grant,Directed
101506/Z/13/Z,Biomedical Resources Grant,Directed
101521/Z/13/Z,Sir Henry Wellcome Postdoctoral Fellowship,Early Career (or equivalent)
101521/Z/17/A,Open Access for Terminated Award,Other
101521/Z/19/B,Open Access for Terminated Award,Other
101538/Z/13/Z,Research Fellowship in H&SS,Discovery Awards (or equivalent)
101540/A/13/Z,Research Fellowship in H&SS,Discovery Awards (or equivalent)
101540/Z/13/Z,Research Fellowship in H&SS,Discovery Awards (or equivalent)
101550/Z/13/Z,Biomedical Resources Grant,Directed
101550/Z/22/A,Open Access for Terminated Award,Other
101550/Z/23/B,Open Access for Terminated Award,Other
101554/Z/13/Z,Research Fellowship in H&SS,Discovery Awards (or equivalent)
101555/Z/13/Z,Research Fellowship in H&SS,Discovery Awards (or equivalent)
101556/Z/13/Z,Research Fellowship in H&SS,Discovery Awards (or equivalent)
101563/Z/13/Z,Research Fellowship in H&SS,Discovery Awards (or equivalent)
101581/Z/13/Z,Sir Henry Wellcome Postdoctoral Fellowship,Early Career (or equivalent)
101581/Z/18/A,Open Access for Terminated Award,Other
101582/A/13/Z,Biomedical Resources Grant,Directed
101582/Z/13/Z,Biomedical Resources Grant,Directed
101585/Z/13/Z,Sir Henry Wellcome Postdoctoral Fellowship,Early Career (or equivalent)
101590/Z/13/Z,Sir Henry Wellcome Postdoctoral Fellowship,Early Career (or equivalent)
101594/Z/13/Z,Biomedical Resources Grant,Directed
101597/Z/13/Z,Biomedical Resources Grant,Directed
101598/Z/13/Z,Sir Henry Wellcome Postdoctoral Fellowship,Early Career (or equivalent)
101609/Z/13/Z,Sir Henry Wellcome Postdoctoral Fellowship,Early Career (or equivalent)
101614/Z/13/A,Sir Henry Wellcome Postdoctoral Fellowship,Early Career (or equivalent)
101614/Z/13/Z,Sir Henry Wellcome Postdoctoral Fellowship,Early Career (or equivalent)
101636/Z/13/Z,Sir Henry Wellcome Postdoctoral Fellowship,Early Career (or equivalent)
101651/Z/13/Z,Biomedical Resources Grant,Directed
101719/Z/13/Z,Research Training Fellowship,Early Career (or equivalent)
101748/Z/13/Z,Investigator Award in Science,Discovery Awards (or equivalent)
101788/Z/13/Z,Investigator Award in Science,Discovery Awards (or equivalent)
101791/Z/13/Z,Research Resources Scoping Award,Other
101794/Z/13/B,Enhancement,Other
101794/Z/13/Z,Senior Research Fellowship Basic,Discovery Awards (or equivalent)
101794/Z/16/C,Open Access for Terminated Award,Other
101798/Z/13/Z,Investigator Award in Science,Discovery Awards (or equivalent)
101799/Z/13/Z,Investigator Award in Science,Discovery Awards (or equivalent)
101815/Z/13/Z,Investigator Award in Science,Discovery Awards (or equivalent)
101821/Z/13/Z,Investigator Award in Science,Discovery Awards (or equivalent)
101824/Z/13/Z,Investigator Award in Science,Discovery Awards (or equivalent)
101828/Z/13/Z,Investigator Award in Science,Discovery Awards (or equivalent)
101842/Z/13/Z,Investigator Award in Science,Discovery Awards (or equivalent)
101844/Z/13/Z,Investigator Award in Science,Discovery Awards (or equivalent)
101849/Z/13/A,Enhancement,Other
101849/Z/13/Z,Investigator Award in Science,Discovery Awards (or equivalent)
101861/Z/13/Z,Senior Research Fellowship Basic,Discovery Awards (or equivalent)
101863/Z/13/Z,Senior Research Fellowship Basic Renewal,Discovery Awards (or equivalent)
101873/A/13/Z,Investigator Award in Science,Discovery Awards (or equivalent)
101873/Z/13/Z,Investigator Award in Science,Discovery Awards (or equivalent)
101880/C/13/Z,Investigator Award in Science,Discovery Awards (or equivalent)
101880/D/13/Z,International Recruitment Supplement,Other
101885/B/13/Z,International Recruitment Supplement,Other
101885/C/13/Z,Investigator Award in Science,Discovery Awards (or equivalent)
101893/Z/13/Z,Senior Research Fellowship Basic,Discovery Awards (or equivalent)
101908/B/13/Z,International Recruitment Supplement,Other
101908/Z/13/Z,Senior Research Fellowship Basic,Discovery Awards (or equivalent)
101910/Z/13/Z,PhD Training Fellowship for Clinicians,Early Career (or equivalent)
101911/Z/13/Z,PhD Training Fellowship for Clinicians,Early Career (or equivalent)
101936/Z/13/Z,PhD Studentship in H&SS,Other
101937/Z/13/Z,PhD Studentship in H&SS,Other
101941/Z/13/Z,PhD Studentship in H&SS,Other
101953/Z/13/Z,PhD Studentship in H&SS,Other
101955/Z/13/Z,PhD Studentship in H&SS,Other
101955/Z/19/A,Open Access for Terminated Award,Other
101961/Z/13/Z,PhD Studentship in H&SS,Other
101969/Z/13/Z,PhD Studentship in H&SS,Other
101976/Z/13/Z,PhD Studentship in H&SS,Other
101988/Z/13/Z,PhD Studentship in H&SS,Other
101990/Z/13/Z,PhD Studentship in H&SS,Other
102019/Z/13/Z,Research Fellowship in H&SS,Discovery Awards (or equivalent)
102034/Z/13/Z,Research Resources Award,Directed
102036/Z/13/Z,Research Resources Award,Directed
102040/Z/13/A,Research Resources Award,Directed
102040/Z/13/B,Research Resources Award,Directed
102040/Z/13/Z,Research Resources Award,Directed
102043/Z/13/Z,Research Resources Award,Directed
102049/Z/13/A,PhD Programme (Clinical),Directed
102049/Z/13/B,PhD Programme (Clinical),Directed
102049/Z/13/C,PhD Programme (Clinical),Directed
102049/Z/13/Z,PhD Programme (Clinical),Directed
102144/Z/13/A,PhD Programme (Clinical),Directed
102144/Z/13/B,PhD Programme (Clinical),Directed
102144/Z/13/C,PhD Programme (Clinical),Directed
102144/Z/13/Z,PhD Programme (Clinical),Directed
102157/Z/13/A,PhD Programme (Clinical),Directed
102157/Z/13/B,PhD Programme (Clinical),Directed
102157/Z/13/C,PhD Programme (Clinical),Directed
102157/Z/13/Z,PhD Programme (Clinical),Directed
102176/B/13/Z,PhD Programme (Clinical),Directed
102176/Z/13/A,PhD Programme (Clinical),Directed
102176/Z/13/B,PhD Programme (Clinical),Directed
102176/Z/13/C,PhD Programme (Clinical),Directed
102176/Z/13/Z,PhD Programme (Clinical),Directed
102186/B/13/Z,PhD Programme (Clinical),Directed
102186/Z/13/A,PhD Programme (Clinical),Directed
102186/Z/13/B,PhD Programme (Clinical),Directed
102186/Z/13/C,PhD Programme (Clinical),Directed
102186/Z/13/Z,PhD Programme (Clinical),Directed
102288/Z/13/Z,PhD Training Fellowship for Clinicians,Early Career (or equivalent)
102290/Z/13/Z,PhD Training Fellowship for Clinicians,Early Career (or equivalent)
102291/Z/13/Z,PhD Training Fellowship for Clinicians,Early Career (or equivalent)
102330/Z/13/Z,International Training Fellowship,Early Career (or equivalent)
102341/Z/13/Z,PhD Training Fellowship for Clinicians,Early Career (or equivalent)
102342/Z/13/Z,PhD Training Fellowship for Clinicians,Early Career (or equivalent)
102350/Z/13/Z,International Intermediate Fellowship,Career Development (or equivalent)
102353/Z/13/A,Research Resources Scoping Award,Other
102353/Z/13/Z,Research Resources Scoping Award,Other
102368/Z/13/Z,International Training Fellowship,Early Career (or equivalent)
102419/Z/13/A,Translational Medicine & Therapeutics Programme Clinical PhD Fellow,Other
102429/Z/13/Z,International Training Fellowship,Early Career (or equivalent)
102464/Z/13/A,PhD Training Fellowship for Clinicians,Early Career (or equivalent)
102464/Z/13/Z,PhD Training Fellowship for Clinicians,Early Career (or equivalent)
102465/Z/13/A,PhD Training Fellowship for Clinicians,Early Career (or equivalent)
102465/Z/13/Z,PhD Training Fellowship for Clinicians,Early Career (or equivalent)
102466/Z/13/A,PhD Training Fellowship for Clinicians,Early Career (or equivalent)
102466/Z/13/Z,PhD Training Fellowship for Clinicians,Early Career (or equivalent)
102468/Z/13/Z,International Training Fellowship,Early Career (or equivalent)
102503/Z/13/Z,Sir Henry Dale Fellowship,Career Development (or equivalent)
102507/Z/13/A,Sir Henry Dale Fellowship,Career Development (or equivalent)
102507/Z/13/Z,Sir Henry Dale Fellowship,Career Development (or equivalent)
102512/Z/13/Z,International Training Fellowship,Early Career (or equivalent)
102513/Z/13/Z,Sir Henry Dale Fellowship,Career Development (or equivalent)
102521/Z/13/Z,Sir Henry Dale Fellowship,Career Development (or equivalent)
102531/A/13/A,Residual Award,Other
102531/B/13/A,Residual Award,Other
102531/Z/13/A,Sir Henry Dale Fellowship Extension,Career Development (or equivalent)
102531/Z/13/Z,Sir Henry Dale Fellowship,Career Development (or equivalent)
102535/A/13/Z,Sir Henry Dale Fellowship,Career Development (or equivalent)
102535/Z/13/A,Sir Henry Dale Fellowship Extension,Career Development (or equivalent)
102535/Z/13/Z,Sir Henry Dale Fellowship,Career Development (or equivalent)
102541/A/13/Z,Sir Henry Dale Fellowship,Career Development (or equivalent)
102541/Z/13/Z,Sir Henry Dale Fellowship,Career Development (or equivalent)
102543/Z/13/Z,International Training Fellowship,Early Career (or equivalent)
102549/Z/13/Z,Sir Henry Dale Fellowship,Career Development (or equivalent)
102560/Z/13/Z,Sir Henry Dale Fellowship,Career Development (or equivalent)
102584/Z/13/A,Enhancement,Other
102584/Z/13/B,Sir Henry Dale Fellowship Extension,Career Development (or equivalent)
102584/Z/13/Z,Sir Henry Dale Fellowship,Career Development (or equivalent)
102595/Z/13/A,Translational Medicine & Therapeutics Programme Clinical PhD Fellow,Other
102595/Z/13/Z,Translational Medicine & Therapeutics Programme Clinical PhD Fellow,Other
102612/A/13/Z,Sir Henry Dale Fellowship,Career Development (or equivalent)
102612/Z/13/Z,Sir Henry Dale Fellowship,Career Development (or equivalent)
102645/Z/13/Z,Strategic Award - Science,Directed
102705/A/13/Z,Investigator Award in Science,Discovery Awards (or equivalent)
102705/Z/13/Z,Investigator Award in Science,Discovery Awards (or equivalent)
102728/Z/13/Z,Translational Medicine & Therapeutics Programme Clinical PhD Fellow,Other
102731/Z/13/Z,Investigator Award in Science,Discovery Awards (or equivalent)
102758/Z/13/Z,PhD Training Fellowship for Clinicians,Early Career (or equivalent)
102759/Z/13/Z,PhD Training Fellowship for Clinicians,Early Career (or equivalent)
102770/Z/13/B,Enhancement,Other
102770/Z/13/Z,Senior Research Fellowship Clinical,Discovery Awards (or equivalent)
102803/Z/13/Z,Intermediate Clinical Fellowship,Career Development (or equivalent)
102807/Z/13/Z,PhD Training Fellowship for Clinicians,Early Career (or equivalent)
102811/Z/13/Z,Principal Research Fellowship Renewal,Discovery Awards (or equivalent)
102817/Z/13/A,Enhancement,Other
102817/Z/13/Z,Investigator Award in Science,Discovery Awards (or equivalent)
102820/Z/13/Z,Investigator Award in Science,Discovery Awards (or equivalent)
102828/Z/13/A,Enhancement,Other
102828/Z/13/Z,Investigator Award in Science,Discovery Awards (or equivalent)
102836/Z/13/A,Enhancement,Other
102836/Z/13/Z,Senior Research Fellowship Basic,Discovery Awards (or equivalent)
102838/Z/13/Z,PhD Training Fellowship for Clinicians,Early Career (or equivalent)
102839/Z/13/Z,PhD Training Fellowship for Clinicians,Early Career (or equivalent)
102845/Z/13/Z,Senior Research Fellowship Basic,Discovery Awards (or equivalent)
102849/A/13/Z,Residual Award,Other
102849/Z/13/Z,Senior Research Fellowship Basic,Discovery Awards (or equivalent)
102851/Z/13/Z,Investigator Award in Science,Discovery Awards (or equivalent)
102853/B/13/Z,Investigator Award in Science,Discovery Awards (or equivalent)
102853/Z/13/Z,Investigator Award in Science,Discovery Awards (or equivalent)
102857/Z/13/A,Enhancement,Other
102857/Z/13/Z,Sir Henry Dale Fellowship,Career Development (or equivalent)
102871/Z/13/Z,Investigator Award in Science,Discovery Awards (or equivalent)
102889/Z/13/C,Research Enrichment - Public Engagement,Other
102889/Z/13/Z,Investigator Award in Science,Discovery Awards (or equivalent)
102890/Z/13/A,Enhancement,Other
102890/Z/13/Z,Investigator Award in Science,Discovery Awards (or equivalent)
102892/Z/13/Z,Investigator Award in Science,Discovery Awards (or equivalent)
102894/B/13/Z,International Recruitment Supplement,Other
102894/Z/13/Z,Senior Research Fellowship Basic,Discovery Awards (or equivalent)
102895/Z/13/A,Research Enrichment - Public Engagement,Other
102895/Z/13/Z,Investigator Award in Science,Discovery Awards (or equivalent)
102898/B/13/Z,Investigator Award in Science,Discovery Awards (or equivalent)
102898/Z/13/Z,Investigator Award in Science,Discovery Awards (or equivalent)
102905/Z/13/Z,Investigator Award in Science,Discovery Awards (or equivalent)
102908/Z/13/Z,Investigator Award in Science,Discovery Awards (or equivalent)
102915/Z/13/Z,PhD Training Fellowship for Clinicians,Early Career (or equivalent)
102919/Z/13/Z,PhD Training Fellowship for Clinicians,Early Career (or equivalent)
102942/Z/13/A,Investigator Award in Science,Discovery Awards (or equivalent)
102942/Z/13/B,Sanger Resource Collaboration,Directed
102943/Z/13/Z,Investigator Award in Science,Discovery Awards (or equivalent)
102944/B/13/Z,International Recruitment Supplement,Other
102944/Z/13/Z,Investigator Award in Science,Discovery Awards (or equivalent)
102961/Z/13/A,Enhancement,Other
102961/Z/13/B,Research Enrichment - Diversity and Inclusion,Other
102961/Z/13/Z,Investigator Award in Science,Discovery Awards (or equivalent)
102972/A/13/Z,Investigator Award in Science,Discovery Awards (or equivalent)
102972/Z/13/Z,Investigator Award in Science,Discovery Awards (or equivalent)
102974/Z/13/Z,Investigator Award in Science,Discovery Awards (or equivalent)
102975/Z/13/A,Enhancement,Other
102975/Z/13/Z,Investigator Award in Science,Discovery Awards (or equivalent)
102979/Z/13/Z,Investigator Award in Science,Discovery Awards (or equivalent)
103000/Z/13/Z,PhD Training Fellowship for Clinicians,Early Career (or equivalent)
103034/Z/13/Z,PhD Training Fellowship for Clinicians,Early Career (or equivalent)
103040/Z/13/Z,Sir Henry Wellcome Postdoctoral Fellowship,Early Career (or equivalent)
103044/Z/13/Z,Sir Henry Wellcome Postdoctoral Fellowship,Early Career (or equivalent)
103046/Z/13/A,Provision for Public Engagement,Other
103046/Z/13/Z,Sir Henry Wellcome Postdoctoral Fellowship,Early Career (or equivalent)
103060/Z/13/Z,Sir Henry Wellcome Postdoctoral Fellowship,Early Career (or equivalent)
103068/Z/13/Z,Sir Henry Wellcome Postdoctoral Fellowship,Early Career (or equivalent)
103094/Z/13/Z,Sir Henry Wellcome Postdoctoral Fellowship,Early Career (or equivalent)
103095/Z/13/Z,Sir Henry Wellcome Postdoctoral Fellowship,Early Career (or equivalent)
103101/Z/13/Z,Research Fellowship in H&SS,Discovery Awards (or equivalent)
103101/Z/19/A,Open Access for Terminated Award,Other
103139/Z/13/Z,Senior Research Fellowship Basic Renewal,Discovery Awards (or equivalent)
103145/Z/13/Z,Research Fellowship in H&SS,Discovery Awards (or equivalent)
103156/B/13/Z,Sir Henry Wellcome Postdoctoral Fellowship,Early Career (or equivalent)
103156/Z/13/Z,Sir Henry Wellcome Postdoctoral Fellowship,Early Career (or equivalent)
103159/Z/13/A,Research Fellowship in H&SS,Discovery Awards (or equivalent)
103159/Z/13/Z,Research Fellowship in H&SS,Discovery Awards (or equivalent)
103171/Z/13/Z,Research Fellowship in H&SS,Discovery Awards (or equivalent)
103177/Z/13/Z,Research Fellowship in H&SS,Discovery Awards (or equivalent)
103184/Z/13/Z,Sir Henry Wellcome Postdoctoral Fellowship,Early Career (or equivalent)
103191/A/13/Z,Sir Henry Wellcome Postdoctoral Fellowship,Early Career (or equivalent)
103191/Z/13/Z,Sir Henry Wellcome Postdoctoral Fellowship,Early Career (or equivalent)
103195/Z/13/A,Provision for Public Engagement,Other
103195/Z/13/Z,Research Fellowship in H&SS,Discovery Awards (or equivalent)
103197/Z/13/Z,Sir Henry Wellcome Postdoctoral Fellowship,Early Career (or equivalent)
103203/Z/13/Z,Research Fellowship in H&SS,Discovery Awards (or equivalent)
103261/Z/13/Z,Sir Henry Wellcome Postdoctoral Fellowship,Early Career (or equivalent)
103298/Z/13/Z,Research Resources Scoping Award,Other
103309/Z/13/Z,Research Resources Scoping Award,Other
103317/Z/13/Z,PhD Training Fellowship for Clinicians,Early Career (or equivalent)
103319/Z/13/A,Investigator Award in H&SS,Discovery Awards (or equivalent)
103319/Z/13/Z,Investigator Award in H&SS,Discovery Awards (or equivalent)
103320/Z/13/Z,Investigator Award in H&SS,Discovery Awards (or equivalent)
103322/Z/13/Z,Investigator Award in H&SS,Discovery Awards (or equivalent)
103339/Z/13/Z,Investigator Award in H&SS,Discovery Awards (or equivalent)
103339/Z/15/A,Open Access for Terminated Award,Other
103340/Z/13/Z,Investigator Award in H&SS,Discovery Awards (or equivalent)
103341/Z/13/A,Provision for Public Engagement,Other
103341/Z/13/Z,Investigator Award in H&SS,Discovery Awards (or equivalent)
103343/A/13/Z,Investigator Award in H&SS,Discovery Awards (or equivalent)
103343/Z/13/A,Investigator Award in H&SS,Discovery Awards (or equivalent)
103343/Z/13/Z,Investigator Award in H&SS,Discovery Awards (or equivalent)
103344/Z/13/A,Provision for Public Engagement,Other
103344/Z/13/Z,Investigator Award in H&SS,Discovery Awards (or equivalent)
103360/Z/13/Z,Investigator Award in H&SS,Discovery Awards (or equivalent)
103378/Z/13/Z,Translational Medicine & Therapeutics Programme Clinical PhD Fellow,Other
103391/Z/13/A,PhD Training Fellowship for Clinicians,Early Career (or equivalent)
103391/Z/13/B,PhD Training Fellowship for Clinicians,Early Career (or equivalent)
103392/Z/13/A,PhD Training Fellowship for Clinicians,Early Career (or equivalent)
103392/Z/13/Z,PhD Training Fellowship for Clinicians,Early Career (or equivalent)
103393/Z/13/A,PhD Training Fellowship for Clinicians,Early Career (or equivalent)
103393/Z/13/Z,PhD Training Fellowship for Clinicians,Early Career (or equivalent)
103394/Z/13/Z,PhD Training Fellowship for Clinicians,Early Career (or equivalent)
103395/Z/13/Z,PhD Training Fellowship for Clinicians,Early Career (or equivalent)
103451/Z/14/Z,Research Resources Award,Directed
103456/Z/14/Z,Translational Medicine & Therapeutics Programme Clinical PhD Fellow,Other
103482/Z/14/Z,Research Resources Award,Directed
103483/Z/14/Z,Research Resources Award,Directed
103485/Z/14/Z,Research Resources Award,Directed
103486/Z/14/A,Research Resources Award,Directed
103486/Z/14/Z,Research Resources Award,Directed
103487/Z/14/Z,Research Resources Award,Directed
103488/Z/14/A,Research Resources Award,Directed
103488/Z/14/Z,Research Resources Award,Directed
103491/Z/14/Z,Research Resources Award,Directed
103494/Z/14/Z,Research Resources Award,Directed
103495/Z/14/Z,Research Resources Award,Directed
103503/Z/14/Z,Research Resources Award,Directed
103696/Z/14/Z,Research Resources Award,Directed
103697/Z/14/Z,Research Resources Scoping Award,Other
103714/B/14/Z,International Recruitment Supplement,Other
103714/Z/14/Z,Investigator Award in Science,Discovery Awards (or equivalent)
103717/Z/14/Z,Investigator Award in Science,Discovery Awards (or equivalent)
103720/Z/14/Z,Investigator Award in Science,Discovery Awards (or equivalent)
103721/Z/14/Z,Investigator Award in Science,Discovery Awards (or equivalent)
103722/Z/14/Z,Investigator Award in Science,Discovery Awards (or equivalent)
103727/Z/14/Z,Open Access for Terminated Award,Other
103740/Z/14/Z,Investigator Award in Science,Discovery Awards (or equivalent)
103741/Z/14/Z,Investigator Award in Science,Discovery Awards (or equivalent)
103744/Z/14/Z,Investigator Award in Science,Discovery Awards (or equivalent)
103759/Z/14/Z,Investigator Award in Science,Discovery Awards (or equivalent)
103760/Z/14/A,Research Enrichment - Open Research,Other
103760/Z/14/Z,Investigator Award in Science,Discovery Awards (or equivalent)
103767/A/14/Z,Investigator Award in Science,Discovery Awards (or equivalent)
103767/Z/14/Z,Investigator Award in Science,Discovery Awards (or equivalent)
103780/Z/14/Z,Investigator Award in Science,Discovery Awards (or equivalent)
103782/Z/14/Z,Investigator Award in Science,Discovery Awards (or equivalent)
103784/Z/14/Z,Investigator Award in Science,Discovery Awards (or equivalent)
103788/Z/14/Z,Investigator Award in Science,Discovery Awards (or equivalent)
103789/Z/14/A,Research Enrichment - Open Research,Other
103789/Z/14/Z,Senior Research Fellowship Basic,Discovery Awards (or equivalent)
103792/Z/14/Z,Investigator Award in Science,Discovery Awards (or equivalent)
103799/A/14/Z,Investigator Award in Science,Discovery Awards (or equivalent)
103799/Z/14/Z,Investigator Award in Science,Discovery Awards (or equivalent)
103805/Z/14/Z,Investigator Award in Science,Discovery Awards (or equivalent)
103830/Z/14/Z,Investigator Award in Science,Discovery Awards (or equivalent)
103838/Z/14/Z,Senior Research Fellowship Clinical Renewal,Discovery Awards (or equivalent)
103839/Z/14/Z,Translational Medicine & Therapeutics Programme Clinical PhD Fellow,Other
103844/Z/14/Z,Investigator Award in Science,Discovery Awards (or equivalent)
103852/Z/14/Z,Investigator Award in Science,Discovery Awards (or equivalent)
103857/Z/14/Z,Investigator Award in Science,Discovery Awards (or equivalent)
103865/Z/14/Z,Investigator Award in Science,Discovery Awards (or equivalent)
103882/Z/14/B,Research Enrichment - Open Research,Other
103882/Z/14/Z,Investigator Award in Science,Discovery Awards (or equivalent)
103895/Z/14/Z,Investigator Award in Science,Discovery Awards (or equivalent)
103896/Z/14/Z,Investigator Award in Science,Discovery Awards (or equivalent)
103897/Z/14/Z,Senior Research Fellowship Basic,Discovery Awards (or equivalent)
103913/Z/14/Z,Sir Henry Wellcome Postdoctoral Fellowship,Early Career (or equivalent)
103915/B/14/A,Translational Medicine & Therapeutics Programme Clinical PhD Fellow,Other
103915/B/14/Z,Translational Medicine & Therapeutics Programme Clinical PhD Fellow,Other
103915/Z/14/Z,Translational Medicine & Therapeutics Programme Clinical PhD Fellow,Other
103918/Z/14/Z,Research Resources Scoping Award,Other
103950/B/14/Z,International Recruitment Supplement,Other
103950/Z/14/A,Principal Research Fellowship (New),Discovery Awards (or equivalent)
103950/Z/14/Z,Principal Research Fellowship (New),Discovery Awards (or equivalent)
103951/Z/14/Z,International Training Fellowship,Early Career (or equivalent)
103953/Z/14/Z,Sir Henry Wellcome Postdoctoral Fellowship,Early Career (or equivalent)
103956/B/14/Z,Sanger Resource Collaboration,Directed
103956/Z/14/Z,International Training Fellowship,Early Career (or equivalent)
103957/B/14/Z,International Training Fellowship,Early Career (or equivalent)
103957/Z/14/Z,International Training Fellowship,Early Career (or equivalent)
103963/Z/14/Z,Sir Henry Wellcome Postdoctoral Fellowship,Early Career (or equivalent)
103972/Z/14/Z,Sir Henry Wellcome Postdoctoral Fellowship,Early Career (or equivalent)
103972/Z/19/A,Open Access for Terminated Award,Other
103973/Z/14/Z,Sir Henry Wellcome Postdoctoral Fellowship,Early Career (or equivalent)
103975/A/14/Z,Sir Henry Wellcome Postdoctoral Fellowship,Early Career (or equivalent)
103975/Z/14/Z,Sir Henry Wellcome Postdoctoral Fellowship,Early Career (or equivalent)
103977/Z/14/Z,Sir Henry Wellcome Postdoctoral Fellowship,Early Career (or equivalent)
103980/Z/14/Z,Sir Henry Wellcome Postdoctoral Fellowship,Early Career (or equivalent)
103986/Z/14/Z,Sir Henry Wellcome Postdoctoral Fellowship,Early Career (or equivalent)
103994/Z/14/Z,International Training Fellowship,Early Career (or equivalent)
103995/Z/14/A,Provision for Public Engagement,Other
103995/Z/14/Z,International Intermediate Fellowship,Career Development (or equivalent)
104001/Z/14/Z,Sir Henry Wellcome Postdoctoral Fellowship,Early Career (or equivalent)
104017/Z/14/Z,International Intermediate Fellowship,Career Development (or equivalent)
104025/Z/14/A,Strategic Award - Science,Directed
104025/Z/14/Z,Strategic Award - Science,Directed
104033/Z/14/Z,Strategic Award - Science,Directed
104036/Z/14/Z,Strategic Award - Science,Directed
104045/Z/14/A,Research Resources Scoping Award,Other
104050/Z/14/Z,Research Resources Scoping Award,Other
104076/Z/14/A,Intermediate Clinical Fellowship,Career Development (or equivalent)
104076/Z/14/Z,Intermediate Clinical Fellowship,Career Development (or equivalent)
104079/Z/14/A,Provision for Public Engagement,Other
104079/Z/14/B,Intermediate Clinical Fellowship,Career Development (or equivalent)
104079/Z/14/Z,Intermediate Clinical Fellowship,Career Development (or equivalent)
104103/Z/14/Z,Sir Henry Dale Fellowship,Career Development (or equivalent)
104104/A/14/Z,Strategic Award - Science,Directed
104104/Z/14/Z,Strategic Award - Science,Directed
104110/Z/14/A,Sir Henry Dale Fellowship Extension,Career Development (or equivalent)
104110/Z/14/Z,Sir Henry Dale Fellowship,Career Development (or equivalent)
104111/A/14/Z,Wellcome Trust Centres in Science Extension,Directed
104111/B/14/Z,Recruitment Enhancement,Other
104111/Z/14/A,Provision for Public Engagement,Other
104111/Z/14/Z,Wellcome Trust Centre,Directed
104116/Z/14/Z,Sir Henry Dale Fellowship,Career Development (or equivalent)
104125/Z/14/Z,Sir Henry Dale Fellowship,Career Development (or equivalent)
104128/A/14/Z,Sir Henry Dale Fellowship,Career Development (or equivalent)
104128/Z/14/Z,Sir Henry Dale Fellowship,Career Development (or equivalent)
104150/Z/14/Z,Sir Henry Dale Fellowship,Career Development (or equivalent)
104151/Z/14/A,Sir Henry Dale Fellowship,Career Development (or equivalent)
104151/Z/14/Z,Sir Henry Dale Fellowship,Career Development (or equivalent)
104158/Z/14/Z,Sir Henry Dale Fellowship,Career Development (or equivalent)
104169/A/14/Z,Sanger Resource Collaboration,Directed
104169/Z/14/A,Sir Henry Dale Fellowship Extension,Career Development (or equivalent)
104169/Z/14/Z,Sir Henry Dale Fellowship,Career Development (or equivalent)
104175/Z/14/Z,Sir Henry Dale Fellowship,Career Development (or equivalent)
104178/Z/14/A,Sir Henry Dale Fellowship Extension,Career Development (or equivalent)
104178/Z/14/Z,Sir Henry Dale Fellowship,Career Development (or equivalent)
104192/Z/14/Z,Sir Henry Dale Fellowship,Career Development (or equivalent)
104193/Z/14/B,Sir Henry Dale Fellowship Extension,Career Development (or equivalent)
104193/Z/14/Z,Sir Henry Dale Fellowship,Career Development (or equivalent)
104193/Z/16/A,Enhancement,Other
104194/Z/14/A,Sir Henry Dale Fellowship Extension,Career Development (or equivalent)
104194/Z/14/Z,Sir Henry Dale Fellowship,Career Development (or equivalent)
104196/Z/14/Z,Sir Henry Dale Fellowship,Career Development (or equivalent)
104241/Z/14/Z,PhD Training Fellowship for Clinicians,Early Career (or equivalent)
104242/Z/14/Z,PhD Training Fellowship for Clinicians,Early Career (or equivalent)
104285/B/14/A,Research Enrichment - Open Research,Other
104285/B/14/Z,Sir Henry Dale Fellowship,Career Development (or equivalent)
104285/Z/14/Z,Sir Henry Dale Fellowship,Career Development (or equivalent)
104347/Z/14/Z,Research Fellowship in H&SS,Discovery Awards (or equivalent)
104347/Z/17/B,Open Access for Terminated Award,Other
104349/Z/14/A,Provision for Public Engagement,Other
104349/Z/14/Z,Research Fellowship in H&SS,Discovery Awards (or equivalent)
104366/Z/14/Z,PhD Training Fellowship for Clinicians,Early Career (or equivalent)
104385/Z/14/Z,Research Fellowship in H&SS,Discovery Awards (or equivalent)
104387/Z/14/Z,Research Training Fellowship,Early Career (or equivalent)
104391/A/14/Z,Research Fellowship in H&SS,Discovery Awards (or equivalent)
104391/Z/14/A,Provision for Public Engagement,Other
104391/Z/14/Z,Research Fellowship in H&SS,Discovery Awards (or equivalent)
104411/Z/14/Z,Research Fellowship in H&SS,Discovery Awards (or equivalent)
104433/Z/14/Z,Research Fellowship in H&SS,Discovery Awards (or equivalent)
104433/Z/17/A,Open Access for Terminated Award,Other
104433/Z/20/B,Open Access for Terminated Award,Other
104440/Z/14/Z,Research Fellowship in H&SS,Discovery Awards (or equivalent)
104469/Z/14/A,Provision for Public Engagement,Other
104469/Z/14/Z,Research Fellowship in H&SS,Discovery Awards (or equivalent)
104473/Z/14/Z,Research Fellowship in H&SS,Discovery Awards (or equivalent)
104486/Z/14/Z,Research Fellowship in H&SS,Discovery Awards (or equivalent)
104509/Z/14/Z,University Award in H&SS,Career Development (or equivalent)
104523/A/14/Z,Research Fellowship in H&SS,Discovery Awards (or equivalent)
104523/A/20/A,Open Access for Terminated Award,Other
104523/Z/14/Z,Research Fellowship in H&SS,Discovery Awards (or equivalent)
104558/Z/14/Z,Investigator Award in Science,Discovery Awards (or equivalent)
104566/Z/14/Z,Investigator Award in Science,Discovery Awards (or equivalent)
104567/Z/14/Z,Investigator Award in Science,Discovery Awards (or equivalent)
104568/Z/14/Z,Investigator Award in Science,Discovery Awards (or equivalent)
104571/Z/14/Z,Investigator Award in Science,Discovery Awards (or equivalent)
104575/Z/14/Z,Investigator Award in Science,Discovery Awards (or equivalent)
104580/Z/14/B,Provision for Public Engagement,Other
104580/Z/14/Z,Senior Research Fellowship Basic,Discovery Awards (or equivalent)
104582/Z/14/Z,Research Resources Scoping Award,Other
104612/Z/14/A,Provision for Public Engagement,Other
104612/Z/14/Z,Senior Research Fellowship Basic,Discovery Awards (or equivalent)
104627/Z/14/Z,Investigator Award in Science,Discovery Awards (or equivalent)
104631/Z/14/Z,Investigator Award in Science,Discovery Awards (or equivalent)
104632/Z/14/Z,Investigator Award in Science,Discovery Awards (or equivalent)
104633/Z/14/A,Enhancement,Other
104633/Z/14/Z,Investigator Award in Science,Discovery Awards (or equivalent)
104634/Z/14/Z,Investigator Award in Science,Discovery Awards (or equivalent)
104640/B/14/Z,Sanger Resource Collaboration,Directed
104640/Z/14/A,Enhancement,Other
104640/Z/14/Z,Investigator Award in Science,Discovery Awards (or equivalent)
104641/Z/14/Z,Investigator Award in Science,Discovery Awards (or equivalent)
104648/Z/14/A,Provision for Public Engagement,Other
104648/Z/14/Z,Investigator Award in Science,Discovery Awards (or equivalent)
104682/Z/14/Z,Investigator Award in Science,Discovery Awards (or equivalent)
104710/Z/14/Z,Investigator Award in Science,Discovery Awards (or equivalent)
104726/Z/14/Z,Investigator Award in Science,Discovery Awards (or equivalent)
104748/Z/14/Z,Investigator Award in Science,Discovery Awards (or equivalent)
104750/Z/14/A,Enhancement,Other
104750/Z/14/Z,Investigator Award in Science,Discovery Awards (or equivalent)
104752/Z/14/Z,Investigator Award in Science,Discovery Awards (or equivalent)
104771/B/14/Z,Residual Award,Other
104771/Z/14/Z,Investigator Award in Science,Discovery Awards (or equivalent)
104777/Z/14/Z,Investigator Award in Science,Discovery Awards (or equivalent)
104783/Z/14/Z,Investigator Award in Science,Discovery Awards (or equivalent)
104785/B/14/Z,Investigator Award in Science,Discovery Awards (or equivalent)
104785/Z/14/Z,Investigator Award in Science,Discovery Awards (or equivalent)
104792/Z/14/Z,Investigator Award in Science,Discovery Awards (or equivalent)
104799/Z/14/Z,PhD Training Fellowship for Clinicians,Early Career (or equivalent)
104803/Z/14/A,Provision for Public Engagement,Other
104803/Z/14/B,Clinical Excellence Award,Other
104803/Z/14/Z,Senior Research Fellowship Clinical Renewal,Discovery Awards (or equivalent)
104803/Z/16/C,Open Access for Terminated Award,Other
104803/Z/16/D,Open Access for Terminated Award,Other
104806/Z/14/Z,Open Access for Terminated Award,Other
104809/Z/14/Z,Research Resources Scoping Award,Other
104825/A/14/Z,Investigator Award in H&SS,Discovery Awards (or equivalent)
104825/Z/14/B,Research Enrichment - Public Engagement,Other
104825/Z/14/Z,Investigator Award in H&SS,Discovery Awards (or equivalent)
104830/Z/14/A,Provision for Public Engagement,Other
104830/Z/14/B,Provision for Public Engagement,Other
104830/Z/14/Z,Investigator Award in H&SS,Discovery Awards (or equivalent)
104831/Z/14/Z,Investigator Award in H&SS,Discovery Awards (or equivalent)
104832/B/14/Z,Investigator Award in H&SS,Discovery Awards (or equivalent)
104832/Z/14/A,Provision for Public Engagement,Other
104832/Z/14/Z,Investigator Award in H&SS,Discovery Awards (or equivalent)
104835/Z/14/Z,Investigator Award in H&SS,Discovery Awards (or equivalent)
104845/Z/14/A,Investigator Award in H&SS,Discovery Awards (or equivalent)
104845/Z/14/Z,Investigator Award in H&SS,Discovery Awards (or equivalent)
104848/Z/14/A,Provision for Public Engagement,Other
104848/Z/14/Z,Investigator Award in H&SS,Discovery Awards (or equivalent)
104868/Z/14/A,Provision for Public Engagement,Other
104868/Z/14/B,Provision for Public Engagement,Other
104868/Z/14/Z,Investigator Award in H&SS,Discovery Awards (or equivalent)
104885/Z/14/Z,PhD Studentship in H&SS,Other
104892/Z/14/Z,PhD Studentship in H&SS,Other
104892/Z/17/A,Open Access for Terminated Award,Other
104894/Z/14/Z,PhD Studentship in H&SS,Other
104897/Z/14/Z,PhD Studentship in H&SS,Other
104906/Z/14/Z,PhD Studentship in H&SS,Other
104907/Z/14/Z,PhD Studentship in H&SS,Other
104909/Z/14/Z,PhD Studentship in H&SS,Other
104911/Z/14/Z,PhD Studentship in H&SS,Other
104927/Z/14/Z,PhD Studentship in H&SS,Other
104943/Z/14/A,Provision for Public Engagement,Other
104943/Z/14/Z,Strategic Award - Science,Directed
104947/Z/14/Z,Biomedical Resources Grant,Directed
104948/Z/14/Z,Biomedical Resources Grant,Directed
104954/Z/14/Z,Research Resources Scoping Award,Other
104955/Z/14/Z,Biomedical Resources Grant,Directed
104958/Z/14/Z,Biomedical Resources Grant,Directed
104960/Z/14/Z,Biomedical Resources Grant,Directed
104967/Z/14/Z,Biomedical Resources Grant,Directed
104972/Z/14/A,Biomedical Resources Grant,Directed
104972/Z/14/Z,Biomedical Resources Grant,Directed
104976/A/14/Z,Biomedical Resources Grant,Directed
104976/Z/14/Z,Biomedical Resources Grant,Directed
104978/Z/14/Z,Biomedical Resources Grant,Directed
104980/Z/14/Z,PhD Studentship in H&SS,Other
104981/Z/14/Z,Biomedical Resources Grant,Directed
104988/Z/14/Z,PhD Studentship in H&SS,Other
104992/Z/14/Z,Biomedical Resources Grant,Directed
105001/Z/14/Z,PhD Studentship in H&SS,Other
105005/Z/14/Z,PhD Studentship in H&SS,Other
105007/Z/14/Z,PhD Studentship in H&SS,Other
105011/Z/14/Z,PhD Studentship in H&SS,Other
105011/Z/21/A,Open Access for Terminated Award,Other
105012/Z/14/Z,PhD Studentship in H&SS,Other
105022/Z/14/Z,Biomedical Resources Grant,Directed
105023/A/14/Z,Biomedical Resources Grant,Directed
105023/B/14/Z,Biomedical Resources Grant,Directed
105023/C/14/Z,Biomedical Resources Grant,Directed
105023/D/14/Z,Biomedical Resources Grant,Directed
105023/D/17/B,Open Access for Terminated Award,Other
105045/B/14/Z,Sanger Resource Collaboration,Directed
105045/Z/14/Z,Strategic Award - Science,Directed
105065/Z/14/A,Provision for Public Engagement,Other
105065/Z/14/B,Research Resources Award,Directed
105065/Z/14/Z,Research Resources Award,Directed
105069/Z/14/Z,Research Resources Award,Directed
105070/Z/14/Z,Research Resources Award,Directed
105071/Z/14/Z,Research Resources Award,Directed
105072/Z/14/Z,Research Resources Award,Directed
105073/Z/14/A,Research Resources Award,Directed
105073/Z/14/Z,Research Resources Award,Directed
105079/Z/14/Z,Research Resources Award,Directed
105080/Z/14/Z,Research Resources Award,Directed
105086/Z/14/A,Provision for Public Engagement,Other
105086/Z/14/Z,Research Resources Award,Directed
105087/Z/14/Z,Research Resources Award,Directed
105088/Z/14/Z,Research Resources Award,Directed
105165/Z/14/A,PhD Training Fellowship for Clinicians,Early Career (or equivalent)
105165/Z/14/Z,PhD Training Fellowship for Clinicians,Early Career (or equivalent)
105168/Z/14/Z,WT/POST Fellowship,Other
105392/B/14/Z,PhD Training Fellowship for Clinicians,Early Career (or equivalent)
105392/Z/14/Z,PhD Training Fellowship for Clinicians,Early Career (or equivalent)
105418/Z/14/Z,Research Resources Scoping Award,Other
105424/Z/14/Z,Translational Medicine & Therapeutics Programme Clinical PhD Fellow,Other
105469/Z/14/Z,Research Resources Scoping Award,Other
105470/Z/14/Z,Research Resources Scoping Award,Other
105471/Z/14/Z,Research Resources Scoping Award,Other
105480/Z/14/A,Research Resources Scoping Award,Other
105480/Z/14/Z,Research Resources Scoping Award,Other
105545/Z/14/Z,Sir Henry Dale Fellowship,Career Development (or equivalent)
105568/A/14/Z,Sir Henry Dale Fellowship,Career Development (or equivalent)
105568/Z/14/Z,Sir Henry Dale Fellowship,Career Development (or equivalent)
105570/Z/14/A,Sir Henry Dale Fellowship Extension,Career Development (or equivalent)
105570/Z/14/Z,Sir Henry Dale Fellowship,Career Development (or equivalent)
105586/Z/14/Z,Sir Henry Dale Fellowship,Career Development (or equivalent)
105636/Z/14/Z,Sir Henry Dale Fellowship,Career Development (or equivalent)
105642/A/14/Z,Sir Henry Dale Fellowship,Career Development (or equivalent)
105642/Z/14/A,Sir Henry Dale Fellowship,Career Development (or equivalent)
105642/Z/14/Z,Sir Henry Dale Fellowship,Career Development (or equivalent)
105644/Z/14/A,Sir Henry Dale Fellowship Extension,Career Development (or equivalent)
105644/Z/14/Z,Sir Henry Dale Fellowship,Career Development (or equivalent)
105651/Z/14/Z,Sir Henry Dale Fellowship,Career Development (or equivalent)
105653/Z/14/Z,Sir Henry Dale Fellowship,Career Development (or equivalent)
105654/Z/14/Z,Sir Henry Dale Fellowship,Career Development (or equivalent)
105663/A/14/Z,Residual Award,Other
105663/Z/14/Z,Sir Henry Dale Fellowship,Career Development (or equivalent)
105677/A/14/Z,Sir Henry Dale Fellowship,Career Development (or equivalent)
105677/Z/14/Z,Sir Henry Dale Fellowship,Career Development (or equivalent)
105684/Z/14/Z,International Intermediate Fellowship,Career Development (or equivalent)
105788/Z/14/Z,Research Training Fellowship,Early Career (or equivalent)
105822/Z/14/Z,Research Resources Scoping Award,Other
105825/A/14/Z,International Training Fellowship,Early Career (or equivalent)
105825/Z/14/Z,International Training Fellowship,Early Career (or equivalent)
105828/Z/14/Z,International Training Fellowship,Early Career (or equivalent)
105831/Z/14/B,Provision for Public Engagement,Other
105831/Z/14/Z,International Intermediate Fellowship,Career Development (or equivalent)
105832/Z/14/Z,Career Re-Entry Fellowship,Early Career (or equivalent)
105882/Z/14/Z,International Training Fellowship,Early Career (or equivalent)
105907/Z/14/Z,Intermediate Clinical Fellowship,Career Development (or equivalent)
105920/Z/14/A,Intermediate Clinical Fellowship,Career Development (or equivalent)
105920/Z/14/Z,Intermediate Clinical Fellowship,Career Development (or equivalent)
105924/A/14/Z,Sanger Resource Collaboration,Directed
105924/Z/14/A,Intermediate Clinical Fellowship,Career Development (or equivalent)
105924/Z/14/B,Intermediate Clinical Fellowship,Career Development (or equivalent)
105924/Z/14/Z,Intermediate Clinical Fellowship,Career Development (or equivalent)
105927/A/14/Z,Investigator Award in Science,Discovery Awards (or equivalent)
105927/Z/14/Z,Investigator Award in Science,Discovery Awards (or equivalent)
105941/Z/14/A,Research Enrichment - Diversity and Inclusion,Other
105941/Z/14/Z,Sir Henry Wellcome Postdoctoral Fellowship,Early Career (or equivalent)
105942/Z/14/A,Sir Henry Dale Fellowship Extension,Career Development (or equivalent)
105942/Z/14/Z,Sir Henry Dale Fellowship,Career Development (or equivalent)
106026/Z/14/Z,Sir Henry Wellcome Postdoctoral Fellowship,Early Career (or equivalent)
106044/Z/14/Z,Sir Henry Wellcome Postdoctoral Fellowship,Early Career (or equivalent)
106047/Z/14/Z,Sir Henry Wellcome Postdoctoral Fellowship,Early Career (or equivalent)
106051/Z/14/Z,Sir Henry Wellcome Postdoctoral Fellowship,Early Career (or equivalent)
106063/A/14/Z,Sir Henry Wellcome Postdoctoral Fellowship,Early Career (or equivalent)
106063/B/14/Z,Sanger Resource Collaboration,Directed
106063/Z/14/Z,Sir Henry Wellcome Postdoctoral Fellowship,Early Career (or equivalent)
106064/Z/14/Z,Sir Henry Wellcome Postdoctoral Fellowship,Early Career (or equivalent)
106065/Z/14/A,PhD Training Fellowship for Clinicians,Early Career (or equivalent)
106065/Z/14/Z,PhD Training Fellowship for Clinicians,Early Career (or equivalent)
106068/Z/14/Z,Sir Henry Wellcome Postdoctoral Fellowship,Early Career (or equivalent)
106073/Z/14/Z,Sir Henry Wellcome Postdoctoral Fellowship,Early Career (or equivalent)
106077/Z/14/Z,Sir Henry Wellcome Postdoctoral Fellowship,Early Career (or equivalent)
106079/Z/14/Z,Sir Henry Wellcome Postdoctoral Fellowship,Early Career (or equivalent)
106080/Z/14/Z,Sir Henry Wellcome Postdoctoral Fellowship,Early Career (or equivalent)
106084/Z/14/Z,Sir Henry Wellcome Postdoctoral Fellowship,Early Career (or equivalent)
106092/A/14/Z,Sir Henry Wellcome Postdoctoral Fellowship,Early Career (or equivalent)
106092/Z/14/Z,Sir Henry Wellcome Postdoctoral Fellowship,Early Career (or equivalent)
106096/A/14/Z,Sir Henry Wellcome Postdoctoral Fellowship,Early Career (or equivalent)
106096/Z/14/Z,Sir Henry Wellcome Postdoctoral Fellowship,Early Career (or equivalent)
106098/Z/14/Z,Sir Henry Wellcome Postdoctoral Fellowship,Early Career (or equivalent)
106101/Z/14/Z,Sir Henry Wellcome Postdoctoral Fellowship,Early Career (or equivalent)
106115/B/14/Z,International Recruitment Supplement,Other
106115/Z/14/Z,Investigator Award in Science,Discovery Awards (or equivalent)
106121/A/14/Z,Residual Award,Other
106121/Z/14/Z,Investigator Award in Science,Discovery Awards (or equivalent)
106122/A/14/Z,Investigator Award in Science,Discovery Awards (or equivalent)
106122/Z/14/Z,Investigator Award in Science,Discovery Awards (or equivalent)
106134/Z/14/Z,Investigator Award in Science,Discovery Awards (or equivalent)
106144/Z/14/Z,Investigator Award in Science,Discovery Awards (or equivalent)
106149/Z/14/A,Provision for Public Engagement,Other
106149/Z/14/Z,Senior Research Fellowship Basic,Discovery Awards (or equivalent)
106151/Z/14/Z,Investigator Award in Science,Discovery Awards (or equivalent)
106158/B/14/Z,Sanger Resource Collaboration,Directed
106158/Z/14/Z,Strategic Award - Science,Directed
106161/Z/14/A,Provision for Public Engagement,Other
106161/Z/14/Z,Senior Research Fellowship Clinical,Discovery Awards (or equivalent)
106174/Z/14/A,Provision for Public Engagement,Other
106174/Z/14/Z,Investigator Award in Science,Discovery Awards (or equivalent)
106183/Z/14/Z,Investigator Award in Science,Discovery Awards (or equivalent)
106185/Z/14/Z,Senior Research Fellowship Basic Renewal,Discovery Awards (or equivalent)
106187/Z/14/Z,Investigator Award in Science,Discovery Awards (or equivalent)
106189/Z/14/Z,Investigator Award in Science,Discovery Awards (or equivalent)
106199/Z/14/Z,Investigator Award in Science,Discovery Awards (or equivalent)
106202/A/14/Z,Investigator Award in Science,Discovery Awards (or equivalent)
106202/B/14/Z,Sanger Resource Collaboration,Directed
106202/Z/14/Z,Investigator Award in Science,Discovery Awards (or equivalent)
106207/Z/14/Z,Senior Research Fellowship Basic,Discovery Awards (or equivalent)
106223/Z/14/Z,Investigator Award in Science,Discovery Awards (or equivalent)
106240/Z/14/Z,Investigator Award in Science,Discovery Awards (or equivalent)
106241/Z/14/A,Provision for Public Engagement,Other
106241/Z/14/Z,Investigator Award in Science,Discovery Awards (or equivalent)
106245/Z/14/Z,Investigator Award in Science,Discovery Awards (or equivalent)
106249/Z/14/Z,Investigator Award in Science,Discovery Awards (or equivalent)
106252/Z/14/Z,Investigator Award in Science,Discovery Awards (or equivalent)
106258/Z/14/Z,Open Access for Terminated Award,Other
106260/Z/14/Z,Investigator Award in Science,Discovery Awards (or equivalent)
106262/Z/14/Z,Investigator Award in Science,Discovery Awards (or equivalent)
106278/Z/14/Z,Career Re-Entry Fellowship,Early Career (or equivalent)
106279/Z/14/Z,Career Re-Entry Fellowship,Early Career (or equivalent)
106287/Z/14/Z,PhD Training Fellowship for Clinicians,Early Career (or equivalent)
106288/Z/14/Z,PhD Training Fellowship for Clinicians,Early Career (or equivalent)
106289/B/14/Z,Sanger Resource Collaboration,Directed
106289/Z/14/Z,PhD Training Fellowship for Clinicians,Early Career (or equivalent)
106292/Z/14/Z,Investigator Award in Science,Discovery Awards (or equivalent)
106334/Z/14/Z,PhD Training Fellowship for Clinicians,Early Career (or equivalent)
106359/Z/14/Z,PhD Training Fellowship for Clinicians,Early Career (or equivalent)
106364/Z/14/Z,PhD Training Fellowship for Clinicians,Early Career (or equivalent)
106400/Z/14/Z,Research Resources Scoping Award,Other
106520/Z/14/Z,Research Resources Scoping Award,Other
106521/Z/14/Z,Research Resources Scoping Award,Other
106534/Z/14/Z,Investigator Award in H&SS,Discovery Awards (or equivalent)
106538/Z/14/Z,Research Resources Scoping Award,Other
106546/Z/14/Z,Research Resources Scoping Award,Other
106548/Z/14/Z,Research Fellowship in H&SS,Discovery Awards (or equivalent)
106549/Z/14/A,PhD Training Fellowship for Clinicians,Early Career (or equivalent)
106549/Z/14/Z,PhD Training Fellowship for Clinicians,Early Career (or equivalent)
106551/Z/14/A,PhD Training Fellowship for Clinicians,Early Career (or equivalent)
106551/Z/14/B,PhD Training Fellowship for Clinicians,Early Career (or equivalent)
106553/Z/14/Z,Research Fellowship in H&SS,Discovery Awards (or equivalent)
106554/Z/14/Z,PhD Training Fellowship for Clinicians,Early Career (or equivalent)
106555/Z/14/Z,PhD Training Fellowship for Clinicians,Early Career (or equivalent)
106556/Z/14/Z,PhD Training Fellowship for Clinicians,Early Career (or equivalent)
106558/Z/14/Z,Research Resources Scoping Award,Other
106562/Z/14/A,PhD Training Fellowship for Clinicians,Early Career (or equivalent)
106562/Z/14/Z,PhD Training Fellowship for Clinicians,Early Career (or equivalent)
106563/Z/14/A,PhD Training Fellowship for Clinicians,Early Career (or equivalent)
106563/Z/14/Z,PhD Training Fellowship for Clinicians,Early Career (or equivalent)
106564/Z/14/A,PhD Training Fellowship for Clinicians,Early Career (or equivalent)
106564/Z/14/Z,PhD Training Fellowship for Clinicians,Early Career (or equivalent)
106565/Z/14/A,PhD Training Fellowship for Clinicians,Early Career (or equivalent)
106565/Z/14/Z,PhD Training Fellowship for Clinicians,Early Career (or equivalent)
106566/Z/14/Z,PhD Training Fellowship for Clinicians,Early Career (or equivalent)
106580/Z/14/Z,Research Fellowship in H&SS,Discovery Awards (or equivalent)
106587/Z/14/Z,Research Fellowship in H&SS,Discovery Awards (or equivalent)
106593/Z/14/Z,Research Fellowship in H&SS,Discovery Awards (or equivalent)
106601/Z/14/A,Provision for Public Engagement,Other
106601/Z/14/Z,Research Fellowship in H&SS,Discovery Awards (or equivalent)
106612/Z/14/Z,University Award in H&SS,Career Development (or equivalent)
106614/Z/14/Z,University Award in H&SS,Career Development (or equivalent)
106635/Z/14/A,Provision for Public Engagement,Other
106635/Z/14/Z,Investigator Award in H&SS,Discovery Awards (or equivalent)
106639/Z/14/A,Provision for Public Engagement,Other
106639/Z/14/Z,Investigator Award in H&SS,Discovery Awards (or equivalent)
106653/Z/14/B,Research Enrichment - Public Engagement,Other
106653/Z/14/Z,Investigator Award in H&SS,Discovery Awards (or equivalent)
106679/Z/14/A,Provision for Public Engagement,Other
106679/Z/14/Z,Research Fellowship in H&SS,Discovery Awards (or equivalent)
106697/Z/14/Z,Translation Fund,Other
106720/Z/15/Z,Investigator Award in H&SS,Discovery Awards (or equivalent)
106769/Z/15/Z,Research Resources Award,Directed
106770/Z/15/A,Research Resources Award,Directed
106770/Z/15/B,Research Enrichment - Public Engagement,Other
106770/Z/15/Z,Research Resources Award,Directed
106778/Z/15/Z,Research Resources Award,Directed
106782/Z/15/Z,Research Resources Award,Directed
106783/A/15/Z,Research Resources Award,Directed
106783/Z/15/Z,Research Resources Award,Directed
106787/Z/15/Z,Research Resources Award,Directed
106788/Z/15/Z,Research Resources Award,Directed
106790/Z/15/A,Provision for Public Engagement,Other
106790/Z/15/Z,Research Resources Award,Directed
106801/Z/15/Z,Open Access for Terminated Award,Other
106807/B/15/Z,AAS Africa Platform (AESA),Directed
106807/D/15/Z,AAS Africa Platform (AESA),Directed
106807/E/15/Z,AAS Africa Platform (AESA),Directed
106807/F/15/Z,AAS Africa Platform (AESA),Directed
106807/G/15/Z,AAS Africa Platform (AESA),Directed
106807/H/15/Z,AAS Africa Platform (AESA),Directed
106807/J/15/Z,AAS Africa Platform (AESA),Directed
106807/K/15/Z,AAS Africa Platform (AESA),Directed
106807/L/15/Z,AAS Africa Platform (AESA),Directed
106807/M/15/Z,AAS Africa Platform (AESA),Directed
106807/N/15/Z,AAS Africa Platform (AESA),Directed
106807/O/15/Z,AAS Africa Platform (AESA),Directed
106851/Z/15/Z,Translational Medicine & Therapeutics Programme Clinical PhD Fellow,Other
106865/A/15/Z,Senior Research Fellowship Clinical,Discovery Awards (or equivalent)
106865/Z/15/A,Provision for Public Engagement,Other
106865/Z/15/Z,Senior Research Fellowship Clinical,Discovery Awards (or equivalent)
106874/Z/15/A,Provision for Public Engagement,Other
106874/Z/15/Z,Investigator Award in H&SS,Discovery Awards (or equivalent)
106898/A/15/Z,Investigator Award in Science,Discovery Awards (or equivalent)
106898/Z/15/Z,Investigator Award in Science,Discovery Awards (or equivalent)
106914/Z/15/Z,Investigator Award in Science,Discovery Awards (or equivalent)
106918/Z/15/A,Provision for Public Engagement,Other
106918/Z/15/Z,Senior Research Fellowship Basic,Discovery Awards (or equivalent)
106919/A/15/Z,Principal Research Fellowship (New),Discovery Awards (or equivalent)
106919/Z/15/A,Provision for Public Engagement,Other
106919/Z/15/Z,Principal Research Fellowship (New),Discovery Awards (or equivalent)
106926/A/15/Z,Residual Award,Other
106926/Z/15/Z,Senior Research Fellowship Basic,Discovery Awards (or equivalent)
106931/Z/15/Z,Investigator Award in Science,Discovery Awards (or equivalent)
106951/Z/15/Z,Investigator Award in Science,Discovery Awards (or equivalent)
106955/Z/15/Z,Investigator Award in Science,Discovery Awards (or equivalent)
106956/Z/15/A,Provision for Public Engagement,Other
106956/Z/15/Z,Investigator Award in Science,Discovery Awards (or equivalent)
106964/Z/15/Z,Senior Research Fellowship Clinical Renewal,Discovery Awards (or equivalent)
106973/Z/15/Z,Investigator Award in Science,Discovery Awards (or equivalent)
106988/Z/15/Z,Investigator Award in Science,Discovery Awards (or equivalent)
106995/Z/15/Z,Investigator Award in Science,Discovery Awards (or equivalent)
107005/Z/15/Z,Investigator Award in Science,Discovery Awards (or equivalent)
107008/Z/15/Z,Investigator Award in Science,Discovery Awards (or equivalent)
107022/Z/15/A,Provision for Public Engagement,Other
107022/Z/15/Z,Principal Research Fellowship Renewal,Discovery Awards (or equivalent)
107032/B/15/Z,Sanger Resource Collaboration,Directed
107032/Z/15/Z,Investigator Award in Science,Discovery Awards (or equivalent)
107046/Z/15/Z,Principal Research Fellowship Renewal,Discovery Awards (or equivalent)
107049/Z/15/Z,Investigator Award in Science,Discovery Awards (or equivalent)
107055/Z/15/Z,Investigator Award in Science,Discovery Awards (or equivalent)
107056/Z/15/Z,Senior Research Fellowship Basic,Discovery Awards (or equivalent)
107057/Z/15/Z,Investigator Award in Science,Discovery Awards (or equivalent)
107059/Z/15/Z,Senior Research Fellowship Basic Renewal,Discovery Awards (or equivalent)
107060/Z/15/Z,Investigator Award in Science,Discovery Awards (or equivalent)
107116/Z/15/Z,Investigator Award in Science,Discovery Awards (or equivalent)
107212/A/15/Z,Strategic Award - Science,Directed
107212/Z/15/Z,Strategic Award - Science,Directed
107337/A/15/Z,Sir Henry Wellcome Postdoctoral Fellowship,Early Career (or equivalent)
107337/Z/15/Z,Sir Henry Wellcome Postdoctoral Fellowship,Early Career (or equivalent)
107340/Z/15/Z,Sir Henry Wellcome Postdoctoral Fellowship,Early Career (or equivalent)
107355/A/15/Z,Sir Henry Wellcome Postdoctoral Fellowship,Early Career (or equivalent)
107355/Z/15/Z,Sir Henry Wellcome Postdoctoral Fellowship,Early Career (or equivalent)
107366/Z/15/Z,Sir Henry Wellcome Postdoctoral Fellowship,Early Career (or equivalent)
107372/A/15/A,Research Enrichment - Public Engagement,Other
107372/A/15/Z,Sir Henry Wellcome Postdoctoral Fellowship,Early Career (or equivalent)
107372/Z/15/Z,Sir Henry Wellcome Postdoctoral Fellowship,Early Career (or equivalent)
107375/Z/15/Z,Sir Henry Wellcome Postdoctoral Fellowship,Early Career (or equivalent)
107376/B/15/Z,Sanger Resource Collaboration,Directed
107376/Z/15/Z,Sir Henry Wellcome Postdoctoral Fellowship,Early Career (or equivalent)
107388/A/15/Z,Sir Henry Wellcome Postdoctoral Fellowship,Early Career (or equivalent)
107388/Z/15/Z,Sir Henry Wellcome Postdoctoral Fellowship,Early Career (or equivalent)
107392/A/15/Z,Sir Henry Wellcome Postdoctoral Fellowship,Early Career (or equivalent)
107392/Z/15/Z,Sir Henry Wellcome Postdoctoral Fellowship,Early Career (or equivalent)
107395/Z/15/Z,Sir Henry Wellcome Postdoctoral Fellowship,Early Career (or equivalent)
107396/Z/15/Z,WT/POST Fellowship,Other
107400/Z/15/Z,Sir Henry Wellcome Postdoctoral Fellowship,Early Career (or equivalent)
107402/Z/15/Z,Sir Henry Wellcome Postdoctoral Fellowship,Early Career (or equivalent)
107414/Z/15/Z,Career Re-Entry Fellowship,Early Career (or equivalent)
107457/Z/15/Z,Strategic Award - Science,Directed
107467/Z/15/A,Provision for Public Engagement,Other
107467/Z/15/B,Intermediate Clinical Fellowship,Career Development (or equivalent)
107467/Z/15/C,Provision for Public Engagement,Other
107467/Z/15/D,Intermediate Clinical Fellowship,Career Development (or equivalent)
107467/Z/15/Z,Intermediate Clinical Fellowship,Career Development (or equivalent)
107469/Z/15/A,Intermediate Clinical Fellowship,Career Development (or equivalent)
107469/Z/15/Z,Intermediate Clinical Fellowship,Career Development (or equivalent)
107471/Z/15/A,Intermediate Clinical Fellowship,Career Development (or equivalent)
107471/Z/15/Z,Intermediate Clinical Fellowship,Career Development (or equivalent)
107475/Z/15/Z,Strategic Award - Science,Directed
107475/Z/22/A,Open Access for Terminated Award,Other
107475/Z/23/B,Open Access for Terminated Award,Other
107490/Z/15/A,PhD Training Fellowship for Clinicians,Early Career (or equivalent)
107492/Z/15/A,Intermediate Clinical Fellowship,Career Development (or equivalent)
107492/Z/15/Z,Intermediate Clinical Fellowship,Career Development (or equivalent)
107499/Z/15/Z,Strategic Award - Science,Directed
107527/Z/15/Z,International Training Fellowship,Early Career (or equivalent)
107543/Z/15/Z,Research Resources Award,Directed
107544/Z/15/Z,International Intermediate Fellowship,Career Development (or equivalent)
107548/Z/15/Z,International Training Fellowship,Early Career (or equivalent)
107568/B/15/Z,Sanger Resource Collaboration,Directed
107568/Z/15/Z,International Intermediate Fellowship,Career Development (or equivalent)
107595/Z/15/A,Research Enrichment - Public Engagement,Other
107595/Z/15/Z,International Intermediate Fellowship,Career Development (or equivalent)
107599/Z/15/Z,International Training Fellowship,Early Career (or equivalent)
107609/Z/15/A,Provision for Public Engagement,Other
107609/Z/15/Z,Sir Henry Dale Fellowship,Career Development (or equivalent)
107610/A/15/Z,Sir Henry Dale Fellowship,Career Development (or equivalent)
107610/Z/15/Z,Sir Henry Dale Fellowship,Career Development (or equivalent)
107613/Z/15/Z,Sir Henry Dale Fellowship,Career Development (or equivalent)
107617/A/15/Z,Residual Award,Other
107617/Z/15/Z,Sir Henry Dale Fellowship,Career Development (or equivalent)
107630/Z/15/A,Sir Henry Dale Fellowship Extension,Career Development (or equivalent)
107630/Z/15/Z,Sir Henry Dale Fellowship,Career Development (or equivalent)
107633/Z/15/Z,Sir Henry Dale Fellowship,Career Development (or equivalent)
107634/Z/15/Z,International Training Fellowship,Early Career (or equivalent)
107643/B/15/A,Sir Henry Dale Fellowship,Career Development (or equivalent)
107643/B/15/Z,Sir Henry Dale Fellowship,Career Development (or equivalent)
107643/Z/15/A,Sir Henry Dale Fellowship,Career Development (or equivalent)
107643/Z/15/Z,Sir Henry Dale Fellowship,Career Development (or equivalent)
107652/Z/15/A,Sir Henry Dale Fellowship Extension,Career Development (or equivalent)
107652/Z/15/Z,Sir Henry Dale Fellowship,Career Development (or equivalent)
107653/A/15/Z,Sir Henry Dale Fellowship,Career Development (or equivalent)
107653/Z/15/A,Sir Henry Dale Fellowship Extension,Career Development (or equivalent)
107653/Z/15/Z,Sir Henry Dale Fellowship,Career Development (or equivalent)
107660/Z/15/Z,Sir Henry Dale Fellowship,Career Development (or equivalent)
107665/Z/15/Z,Sir Henry Dale Fellowship,Career Development (or equivalent)
107668/Z/15/Z,Sir Henry Dale Fellowship,Career Development (or equivalent)
107672/Z/15/Z,Sir Henry Dale Fellowship,Career Development (or equivalent)
107687/Z/15/Z,Sir Henry Dale Fellowship,Career Development (or equivalent)
107706/Z/15/Z,Sir Henry Dale Fellowship,Career Development (or equivalent)
107731/Z/15/Z,Sir Henry Dale Fellowship,Career Development (or equivalent)
107753/A/15/Z,DELTAS Initiative,Directed
107753/B/15/Z,DELTAS Initiative,Directed
107768/B/15/Z,DELTAS Initiative,Directed
107768/Z/15/Z,DELTAS Initiative,Directed
107787/Z/15/Z,Research Resources Scoping Award,Other
107791/A/15/Z,Investigator Award in Science,Discovery Awards (or equivalent)
107791/Z/15/Z,Investigator Award in Science,Discovery Awards (or equivalent)
107802/Z/15/Z,Investigator Award in Science,Discovery Awards (or equivalent)
107806/A/15/Z,Residual Award,Other
107806/Z/15/Z,Senior Research Fellowship Basic Renewal,Discovery Awards (or equivalent)
107827/Z/15/Z,Senior Research Fellowship Basic Renewal,Discovery Awards (or equivalent)
107841/Z/15/Z,Investigator Award in Science,Discovery Awards (or equivalent)
107849/A/15/Z,Investigator Award in Science,Discovery Awards (or equivalent)
107849/Z/15/C,Research Enrichment - Public Engagement,Other
107849/Z/15/Z,Investigator Award in Science,Discovery Awards (or equivalent)
107858/B/15/Z,Investigator Award in Science,Discovery Awards (or equivalent)
107858/Z/15/Z,Investigator Award in Science,Discovery Awards (or equivalent)
107859/Z/15/Z,Investigator Award in Science,Discovery Awards (or equivalent)
107881/Z/15/Z,Senior Research Fellowship Basic,Discovery Awards (or equivalent)
107885/Z/15/Z,Investigator Award in Science,Discovery Awards (or equivalent)
107903/Z/15/Z,Investigator Award in Science,Discovery Awards (or equivalent)
107927/Z/15/Z,Investigator Award in Science,Discovery Awards (or equivalent)
107928/Z/15/Z,Investigator Award in Science,Discovery Awards (or equivalent)
107929/Z/15/Z,Investigator Award in Science,Discovery Awards (or equivalent)
107930/Z/15/Z,Investigator Award in Science,Discovery Awards (or equivalent)
107931/Z/15/A,Provision for Public Engagement,Other
107931/Z/15/Z,Senior Research Fellowship Clinical,Discovery Awards (or equivalent)
107935/Z/15/Z,Investigator Award in Science,Discovery Awards (or equivalent)
107940/A/15/Z,Senior Research Fellowship Basic Renewal,Discovery Awards (or equivalent)
107940/Z/15/Z,Senior Research Fellowship Basic Renewal,Discovery Awards (or equivalent)
107963/A/15/Z,Sanger Resource Collaboration,Directed
107963/Z/15/Z,Senior Research Fellowship Clinical Renewal,Discovery Awards (or equivalent)
107964/Z/15/Z,Investigator Award in Science,Discovery Awards (or equivalent)
107983/B/15/Z,Sanger Resource Collaboration,Directed
107983/Z/15/Z,Investigator Award in Science,Discovery Awards (or equivalent)
108008/Z/15/Z,Investigator Award in Science,Discovery Awards (or equivalent)
108012/Z/15/Z,Investigator Award in Science,Discovery Awards (or equivalent)
108045/Z/15/Z,Investigator Award in Science,Discovery Awards (or equivalent)
108065/Z/15/A,Provision for Public Engagement,Other
108065/Z/15/Z,Senior Research Fellowship Clinical,Discovery Awards (or equivalent)
108070/Z/15/Z,Senior Research Fellowship Clinical,Discovery Awards (or equivalent)
108079/Z/15/Z,Investigator Award in Science,Discovery Awards (or equivalent)
108082/A/15/Z,Senior Research Fellowship Clinical,Discovery Awards (or equivalent)
108082/Z/15/Z,Senior Research Fellowship Clinical,Discovery Awards (or equivalent)
108089/Z/15/Z,Investigator Award in Science,Discovery Awards (or equivalent)
108139/B/15/Z,International Recruitment Supplement,Other
108139/Z/15/Z,Investigator Award in Science,Discovery Awards (or equivalent)
108369/Z/15/A,Provision for Public Engagement,Other
108369/Z/15/B,Principal Research Fellowship Renewal,Discovery Awards (or equivalent)
108369/Z/15/Z,Principal Research Fellowship Renewal,Discovery Awards (or equivalent)
108413/A/15/A,Sanger Review,Directed
108413/A/15/B,Sanger Review,Directed
108413/A/15/C,Sanger Review,Directed
108413/A/15/Z,Sanger Review,Directed
108413/B/15/A,Sanger Review,Directed
108413/B/15/B,Sanger Review,Directed
108413/B/15/C,Sanger Review,Directed
108413/B/15/D,Sanger Review,Directed
108413/B/15/E,Sanger Review,Directed
108413/B/15/F,Sanger Review,Directed
108413/B/15/G,Sanger Review,Directed
108413/B/15/Z,Sanger Review,Directed
108413/C/15/A,Sanger Review,Directed
108413/C/15/Z,Sanger Review,Directed
108413/Z/15/A,Sanger Review,Directed
108413/Z/15/Z,Sanger Review,Directed
108418/B/15/Z,Biomedical Resources Grant,Directed
108418/Z/15/Z,Biomedical Resources Grant,Directed
108420/Z/15/Z,Biomedical Resources Grant,Directed
108429/Z/15/Z,Biomedical Resources Grant,Directed
108430/Z/15/Z,Biomedical Resources Grant,Directed
108433/Z/15/Z,Biomedical Resources Grant,Directed
108437/Z/15/Z,Biomedical Resources Grant,Directed
108438/A/15/Z,Sanger Resource Collaboration,Directed
108438/B/15/Z,Sanger Resource Collaboration,Directed
108438/C/15/Z,Technology Development Grant,Discovery Awards (or equivalent)
108438/D/15/Z,Technology Development Grant,Discovery Awards (or equivalent)
108438/E/15/Z,Technology Development Grant,Discovery Awards (or equivalent)
108438/Z/15/Z,Technology Development Grant,Discovery Awards (or equivalent)
108439/A/15/Z,Biomedical Resources Grant,Directed
108439/Z/15/Z,Biomedical Resources Grant,Directed
108440/Z/15/Z,Biomedical Resources Grant,Directed
108441/Z/15/Z,Technology Development Grant,Discovery Awards (or equivalent)
108442/Z/15/Z,Biomedical Resources Grant,Directed
108443/Z/15/Z,Biomedical Resources Grant,Directed
108445/Z/15/Z,Biomedical Resources Grant,Directed
108461/Z/15/Z,Multi-User Equipment Grant,Directed
108473/Z/15/Z,Multi-User Equipment Grant,Directed
108506/Z/15/Z,Research Resources Scoping Award,Other
108523/Z/15/Z,Research Resources Scoping Award,Other
108539/Z/15/Z,PhD Studentship in H&SS,Other
108539/Z/19/A,Open Access for Terminated Award,Other
108539/Z/20/B,Open Access for Terminated Award,Other
108561/Z/15/Z,Research Fellowship in H&SS,Discovery Awards (or equivalent)
108566/Z/15/Z,PhD Studentship in H&SS,Other
108574/Z/15/Z,PhD Studentship in H&SS,Other
108577/Z/15/A,Research Enrichment - Public Engagement,Other
108577/Z/15/Z,Investigator Award in H&SS,Discovery Awards (or equivalent)
108580/Z/15/Z,PhD Studentship in H&SS,Other
108581/Z/15/Z,PhD Studentship in H&SS,Other
108589/Z/15/Z,PhD Studentship in H&SS,Other
108591/Z/15/Z,PhD Studentship in H&SS,Other
108593/Z/15/Z,PhD Studentship in H&SS,Other
108597/Z/15/Z,PhD Studentship in H&SS,Other
108600/Z/15/Z,PhD Studentship in H&SS,Other
108601/Z/15/Z,PhD Studentship in H&SS,Other
108603/Z/15/Z,PhD Studentship in H&SS,Other
108604/Z/15/A,Investigator Award in H&SS,Discovery Awards (or equivalent)
108604/Z/15/Z,Investigator Award in H&SS,Discovery Awards (or equivalent)
108615/Z/15/Z,PhD Studentship in H&SS,Other
108615/Z/21/A,Open Access for Terminated Award,Other
108615/Z/23/B,Open Access for Terminated Award,Other
108623/Z/15/Z,PhD Studentship in H&SS,Other
108624/A/19/A,Open Access for Terminated Award,Other
108624/Z/15/Z,Research Resources Bursaries,Other
108626/Z/15/Z,Research Resources Bursaries,Other
108628/Z/15/Z,Research Fellowship in H&SS,Discovery Awards (or equivalent)
108634/Z/15/Z,Research Resources Bursaries,Other
108639/Z/15/Z,Research Resources Bursaries,Other
108640/A/15/Z,Research Fellowship in H&SS,Discovery Awards (or equivalent)
108640/Z/15/A,Provision for Public Engagement,Other
108640/Z/15/Z,Research Fellowship in H&SS,Discovery Awards (or equivalent)
108641/Z/15/Z,PhD Studentship in H&SS,Other
108645/Z/15/Z,PhD Studentship in H&SS,Other
108647/Z/15/Z,Research Resources Bursaries,Other
108650/Z/15/Z,Research Resources Bursaries,Other
108656/Z/15/Z,Research Resources Award,Directed
108657/Z/15/Z,Research Resources Bursaries,Other
108667/Z/15/B,Research Enrichment - Public Engagement,Other
108667/Z/15/Z,Investigator Award in H&SS,Discovery Awards (or equivalent)
108667/Z/22/C,Open Access for Terminated Award,Other
108671/Z/15/Z,PhD Studentship in H&SS,Other
108676/Z/15/A,Provision for Public Engagement,Other
108676/Z/15/Z,Investigator Award in H&SS,Discovery Awards (or equivalent)
108685/Z/15/Z,PhD Training Fellowship for Clinicians,Early Career (or equivalent)
108687/Z/15/A,Provision for Public Engagement,Other
108687/Z/15/Z,University Award in H&SS,Career Development (or equivalent)
108692/A/15/Z,Research Fellowship in H&SS,Discovery Awards (or equivalent)
108692/B/15/Z,Research Fellowship in H&SS,Discovery Awards (or equivalent)
108692/Z/15/Z,Research Fellowship in H&SS,Discovery Awards (or equivalent)
108693/Z/15/Z,University Award in H&SS,Career Development (or equivalent)
108696/Z/15/Z,PhD Studentship in H&SS,Other
108698/Z/15/Z,PhD Studentship in H&SS,Other
108701/Z/15/Z,Research Fellowship in H&SS,Discovery Awards (or equivalent)
108701/Z/21/A,Open Access for Terminated Award,Other
108703/Z/15/B,Provision for Public Engagement,Other
108703/Z/15/Z,Research Fellowship in H&SS,Discovery Awards (or equivalent)
108713/Z/15/Z,WT/POST Fellowship,Other
108715/Z/15/Z,Research Training Fellowship,Early Career (or equivalent)
108720/Z/15/A,Provision for Public Engagement,Other
108720/Z/15/Z,Collaborative Award in H&SS,Discovery Awards (or equivalent)
108726/Z/15/Z,Strategic Award - Science,Directed
108727/Z/15/A,Provision for Public Engagement,Other
108727/Z/15/B,Collaborative Award in H&SS,Discovery Awards (or equivalent)
108727/Z/15/Z,Collaborative Award in H&SS,Discovery Awards (or equivalent)
108749/Z/15/A,Research Enrichment - Open Research,Other
108749/Z/15/Z,Strategic Support: Science,Directed
108804/Z/15/Z,Research Training Fellowship,Early Career (or equivalent)
108818/Z/15/A,Provision for Public Engagement,Other
108818/Z/15/B,Strategic Award - Science,Directed
108818/Z/15/C,Provision for Public Engagement,Other
108818/Z/15/Z,Strategic Award - Science,Directed
108827/Z/15/Z,Research Resources Award,Directed
108828/Z/15/Z,Research Resources Award,Directed
108829/Z/15/Z,Research Resources Award,Directed
108832/Z/15/Z,Research Resources Award,Directed
108835/Z/15/Z,Research Resources Award,Directed
108837/Z/15/Z,Research Resources Award,Directed
108839/Z/15/Z,Research Resources Award,Directed
108841/Z/15/Z,Research Resources Award,Directed
108881/A/15/Z,AMS Partnership Scheme,Other
108881/B/15/A,AMS Partnership Scheme,Other
108881/B/15/Z,AMS Partnership Scheme,Other
109029/Z/15/Z,PhD Training Fellowship for Clinicians,Early Career (or equivalent)
109030/Z/15/Z,PhD Training Fellowship for Clinicians,Early Career (or equivalent)
109031/Z/15/Z,PhD Training Fellowship for Clinicians,Early Career (or equivalent)
109032/Z/15/Z,PhD Training Fellowship for Clinicians,Early Career (or equivalent)
109042/Z/15/Z,Research Resources Scoping Award,Other
109069/Z/15/A,Provision for Public Engagement,Other
109069/Z/15/Z,Research Fellowship in H&SS,Discovery Awards (or equivalent)
109105/Z/15/A,PhD Training Fellowship for Clinicians,Early Career (or equivalent)
109105/Z/15/Z,PhD Training Fellowship for Clinicians,Early Career (or equivalent)
109129/Z/15/A,PhD Training Fellowship for Clinicians,Early Career (or equivalent)
109129/Z/15/Z,PhD Training Fellowship for Clinicians,Early Career (or equivalent)
109291/Z/15/Z,Investigator Award in H&SS,Discovery Awards (or equivalent)
109336/Z/15/Z,Research Resources Bursaries,Other
109356/Z/15/A,Provision for Public Engagement,Other
109356/Z/15/C,Research Enrichment - Diversity and Inclusion,Other
109356/Z/15/D,Sir Henry Dale Fellowship Extension,Career Development (or equivalent)
109356/Z/15/Z,Sir Henry Dale Fellowship,Career Development (or equivalent)
109357/Z/15/Z,Sir Henry Dale Fellowship,Career Development (or equivalent)
109360/Z/15/Z,Sir Henry Dale Fellowship,Career Development (or equivalent)
109363/Z/15/A,Sir Henry Dale Fellowship Extension,Career Development (or equivalent)
109363/Z/15/Z,Sir Henry Dale Fellowship,Career Development (or equivalent)
109371/Z/15/Z,Sir Henry Dale Fellowship,Career Development (or equivalent)
109372/Z/15/Z,Sir Henry Dale Fellowship,Career Development (or equivalent)
109375/Z/15/Z,Sir Henry Dale Fellowship,Career Development (or equivalent)
109377/Z/15/Z,Sir Henry Dale Fellowship,Career Development (or equivalent)
109385/A/15/Z,Sanger Resource Collaboration,Directed
109385/Z/15/Z,Sir Henry Dale Fellowship,Career Development (or equivalent)
109407/A/15/A,Sir Henry Dale Fellowship Extension,Career Development (or equivalent)
109407/A/15/Z,Sir Henry Dale Fellowship,Career Development (or equivalent)
109407/Z/15/Z,Sir Henry Dale Fellowship,Career Development (or equivalent)
109408/Z/15/D,Research Enrichment - Open Research,Other
109408/Z/15/Z,Sir Henry Dale Fellowship,Career Development (or equivalent)
109443/Z/15/Z,Investigator Award in Science,Discovery Awards (or equivalent)
109499/A/15/Z,Strategic Award - Science,Directed
109499/Z/15/A,Strategic Support: Science,Directed
109499/Z/15/B,Strategic Award - Science,Directed
109499/Z/15/C,Strategic Support: Science,Directed
109499/Z/15/Z,Strategic Award - Science,Directed
109504/Z/15/Z,Strategic Support: Science,Directed
109511/Z/15/Z,Translational Medicine & Therapeutics Programme Clinical PhD Fellow,Other
109886/Z/15/Z,PhD Training Fellowship for Clinicians,Early Career (or equivalent)
109888/Z/15/Z,PhD Training Fellowship for Clinicians,Early Career (or equivalent)
109892/Z/15/Z,PhD Training Fellowship for Clinicians,Early Career (or equivalent)
109915/A/15/Z,Investigator Award in Science,Discovery Awards (or equivalent)
109915/Z/15/Z,Investigator Award in Science,Discovery Awards (or equivalent)
109916/Z/15/A,Provision for Public Engagement,Other
109916/Z/15/Z,Principal Research Fellowship Renewal,Discovery Awards (or equivalent)
109917/Z/15/Z,International Intermediate Fellowship,Career Development (or equivalent)
109930/Z/15/Z,International Training Fellowship,Early Career (or equivalent)
109939/Z/15/Z,International Training Fellowship,Early Career (or equivalent)
109943/Z/15/Z,International Training Fellowship,Early Career (or equivalent)
109949/Z/15/Z,International Training Fellowship,Early Career (or equivalent)
109965/Z/15/A,Research Enrichment - Diversity and Inclusion,Other
109965/Z/15/Z,Investigator Award in Science,Discovery Awards (or equivalent)
109975/Z/15/Z,Postdoctoral Training Fellowship for Clinicians,Early Career (or equivalent)
110014/Z/15/Z,Sir Henry Wellcome Postdoctoral Fellowship,Early Career (or equivalent)
110020/Z/15/A,Intermediate Clinical Fellowship,Career Development (or equivalent)
110020/Z/15/Z,Intermediate Clinical Fellowship,Career Development (or equivalent)
110027/Z/15/A,Provision for Public Engagement,Other
110027/Z/15/Z,Principal Research Fellowship (New),Discovery Awards (or equivalent)
110044/Z/15/Z,Investigator Award in Science,Discovery Awards (or equivalent)
110047/Z/15/Z,Investigator Award in Science,Discovery Awards (or equivalent)
110049/A/15/Z,Intermediate Clinical Fellowship,Career Development (or equivalent)
110049/Z/15/A,Intermediate Clinical Fellowship,Career Development (or equivalent)
110049/Z/15/Z,Intermediate Clinical Fellowship,Career Development (or equivalent)
110060/Z/15/Z,Investigator Award in Science,Discovery Awards (or equivalent)
110061/Z/15/Z,Investigator Award in Science,Discovery Awards (or equivalent)
110068/B/15/Z,International Recruitment Supplement,Other
110068/Z/15/Z,Investigator Award in Science,Discovery Awards (or equivalent)
110072/Z/15/Z,Investigator Award in Science,Discovery Awards (or equivalent)
110078/Z/15/B,Intermediate Clinical Fellowship,Career Development (or equivalent)
110078/Z/15/Z,Intermediate Clinical Fellowship,Career Development (or equivalent)
110085/Z/15/B,Provision for Public Engagement,Other
110085/Z/15/C,Intermediate Clinical Fellowship,Career Development (or equivalent)
110085/Z/15/Z,Intermediate Clinical Fellowship,Career Development (or equivalent)
110090/Z/15/Z,International Training Fellowship,Early Career (or equivalent)
110091/Z/15/Z,Investigator Award in Science,Discovery Awards (or equivalent)
110104/Z/15/Z,Intermediate Clinical Fellowship,Career Development (or equivalent)
110106/A/15/Z,Investigator Award in Science,Discovery Awards (or equivalent)
110106/Z/15/Z,Investigator Award in Science,Discovery Awards (or equivalent)
110110/A/15/Z,Residual Award,Other
110110/Z/15/A,Provision for Public Engagement,Other
110110/Z/15/C,Intermediate Clinical Fellowship,Career Development (or equivalent)
110110/Z/15/Z,Intermediate Clinical Fellowship,Career Development (or equivalent)
110114/Z/15/A,Research Enrichment - Diversity and Inclusion,Other
110114/Z/15/Z,Investigator Award in Science,Discovery Awards (or equivalent)
110117/Z/15/Z,Investigator Award in Science,Discovery Awards (or equivalent)
110120/Z/15/Z,Sir Henry Wellcome Postdoctoral Fellowship,Early Career (or equivalent)
110124/Z/15/Z,Sir Henry Wellcome Postdoctoral Fellowship,Early Career (or equivalent)
110126/Z/15/Z,Investigator Award in Science,Discovery Awards (or equivalent)
110131/Z/15/Z,Senior Research Fellowship Basic,Discovery Awards (or equivalent)
110138/Z/15/Z,Investigator Award in Science,Discovery Awards (or equivalent)
110140/Z/15/Z,Investigator Award in Science,Discovery Awards (or equivalent)
110145/Z/15/A,Provision for Public Engagement,Other
110145/Z/15/Z,Investigator Award in Science,Discovery Awards (or equivalent)
110151/Z/15/Z,Sir Henry Wellcome Postdoctoral Fellowship,Early Career (or equivalent)
110157/Z/15/Z,Senior Research Fellowship Basic,Discovery Awards (or equivalent)
110159/A/15/Z,Investigator Award in Science,Discovery Awards (or equivalent)
110159/Z/15/Z,Investigator Award in Science,Discovery Awards (or equivalent)
110161/Z/15/Z,Investigator Award in Science,Discovery Awards (or equivalent)
110164/Z/15/Z,Investigator Award in Science,Discovery Awards (or equivalent)
110166/B/15/Z,International Recruitment Supplement,Other
110166/Z/15/Z,Investigator Award in Science,Discovery Awards (or equivalent)
110170/Z/15/Z,Investigator Award in Science,Discovery Awards (or equivalent)
110174/Z/15/Z,Investigator Award in Science,Discovery Awards (or equivalent)
110179/Z/15/Z,Investigator Award in Science,Discovery Awards (or equivalent)
110183/A/15/Z,Investigator Award in Science,Discovery Awards (or equivalent)
110183/Z/15/Z,Investigator Award in Science,Discovery Awards (or equivalent)
110193/B/15/Z,International Recruitment Supplement,Other
110193/Z/15/Z,Investigator Award in Science,Discovery Awards (or equivalent)
110198/Z/15/Z,Sir Henry Wellcome Postdoctoral Fellowship,Early Career (or equivalent)
110199/Z/15/A,Provision for Public Engagement,Other
110199/Z/15/Z,Senior Research Fellowship Basic,Discovery Awards (or equivalent)
110216/Z/15/Z,Senior Research Fellowship Basic,Discovery Awards (or equivalent)
110222/Z/15/Z,Sir Henry Wellcome Postdoctoral Fellowship,Early Career (or equivalent)
110224/B/15/Z,Sanger Resource Collaboration,Directed
110224/Z/15/Z,Sir Henry Wellcome Postdoctoral Fellowship,Early Career (or equivalent)
110229/Z/15/Z,Sir Henry Wellcome Postdoctoral Fellowship,Early Career (or equivalent)
110232/Z/15/Z,Sir Henry Wellcome Postdoctoral Fellowship,Early Career (or equivalent)
110238/Z/15/Z,Sir Henry Wellcome Postdoctoral Fellowship,Early Career (or equivalent)
110243/B/15/Z,Sanger Resource Collaboration,Directed
110243/Z/15/Z,Sir Henry Wellcome Postdoctoral Fellowship,Early Career (or equivalent)
110244/Z/15/Z,Research Resources Scoping Award,Other
110255/Z/15/Z,Career Re-Entry Fellowship,Early Career (or equivalent)
110257/A/15/Z,Sir Henry Wellcome Postdoctoral Fellowship,Early Career (or equivalent)
110257/Z/15/Z,Sir Henry Wellcome Postdoctoral Fellowship,Early Career (or equivalent)
110275/Z/15/Z,Sir Henry Wellcome Postdoctoral Fellowship,Early Career (or equivalent)
110282/Z/15/Z,Sir Henry Wellcome Postdoctoral Fellowship,Early Career (or equivalent)
110286/Z/15/Z,Sir Henry Wellcome Postdoctoral Fellowship,Early Career (or equivalent)
110287/Z/15/Z,Career Re-Entry Fellowship,Early Career (or equivalent)
110299/Z/15/A,Research Enrichment - Public Engagement,Other
110299/Z/15/Z,Sir Henry Wellcome Postdoctoral Fellowship,Early Career (or equivalent)
110300/Z/15/A,PhD Training Fellowship for Clinicians,Early Career (or equivalent)
110300/Z/15/Z,PhD Training Fellowship for Clinicians,Early Career (or equivalent)
110303/Z/15/Z,PhD Training Fellowship for Clinicians,Early Career (or equivalent)
110326/Z/15/Z,Sir Henry Wellcome Postdoctoral Fellowship,Early Career (or equivalent)
110330/Z/15/Z,International Training Fellowship,Early Career (or equivalent)
110430/Z/15/B,Provision for Public Engagement,Other
110430/Z/15/Z,International Training Fellowship,Early Career (or equivalent)
110565/Z/15/Z,Research Resources Scoping Award,Other
110577/Z/15/Z,Research Resources Scoping Award,Other
200116/Z/15/Z,Research Training Fellowship,Early Career (or equivalent)
200171/Z/15/Z,Collaborative Award in Science,Discovery Awards (or equivalent)
200176/A/15/Z,Collaborative Award in Science,Discovery Awards (or equivalent)
200176/Z/15/Z,Collaborative Award in Science,Discovery Awards (or equivalent)
200181/Z/15/A,Collaborative Award in Science,Discovery Awards (or equivalent)
200181/Z/15/B,Collaborative Award in Science,Discovery Awards (or equivalent)
200181/Z/15/C,Collaborative Award in Science,Discovery Awards (or equivalent)
200181/Z/15/Z,Collaborative Award in Science,Discovery Awards (or equivalent)
200183/Z/15/Z,Collaborative Award in Science,Discovery Awards (or equivalent)
200186/A/15/Z,Collaborative Award in Science,Discovery Awards (or equivalent)
200186/Z/15/Z,Collaborative Award in Science,Discovery Awards (or equivalent)
200187/Z/15/Z,Collaborative Award in Science,Discovery Awards (or equivalent)
200205/Z/15/Z,Collaborative Award in Science,Discovery Awards (or equivalent)
200208/A/15/Z,Collaborative Award in Science,Discovery Awards (or equivalent)
200208/B/15/Z,Collaborative Award in Science,Discovery Awards (or equivalent)
200208/Z/15/Z,Collaborative Award in Science,Discovery Awards (or equivalent)
200222/A/15/Z,Collaborative Award in Science,Discovery Awards (or equivalent)
200222/B/15/Z,Collaborative Award in Science,Discovery Awards (or equivalent)
200222/C/15/Z,Collaborative Award in Science,Discovery Awards (or equivalent)
200222/D/15/Z,Collaborative Award in Science,Discovery Awards (or equivalent)
200222/E/15/Z,Collaborative Award in Science,Discovery Awards (or equivalent)
200222/Z/15/Z,Collaborative Award in Science,Discovery Awards (or equivalent)
200299/Z/15/Z,Research Fellowship in H&SS,Discovery Awards (or equivalent)
200306/A/15/Z,Residual Award,Other
200306/Z/15/Z,Research Fellowship in H&SS,Discovery Awards (or equivalent)
200309/Z/15/Z,Research Fellowship in H&SS,Discovery Awards (or equivalent)
200314/Z/15/Z,Research Fellowship for Health Professionals in H&SS,Early Career (or equivalent)
200315/Z/15/Z,Research Fellowship in H&SS,Discovery Awards (or equivalent)
200320/Z/15/Z,Research Fellowship in H&SS,Discovery Awards (or equivalent)
200321/Z/15/Z,Investigator Award in H&SS,Discovery Awards (or equivalent)
200326/A/15/Z,University Award in H&SS,Career Development (or equivalent)
200326/Z/15/Z,University Award in H&SS,Career Development (or equivalent)
200335/Z/15/Z,Research Fellowship in H&SS,Discovery Awards (or equivalent)
200344/Z/15/A,Research Enrichment - Public Engagement,Other
200344/Z/15/Z,Collaborative Award in H&SS,Discovery Awards (or equivalent)
200346/Z/15/Z,Collaborative Award in H&SS,Discovery Awards (or equivalent)
200350/A/15/Z,University Award in H&SS,Career Development (or equivalent)
200350/Z/15/Z,University Award in H&SS,Career Development (or equivalent)
200353/Z/15/Z,Research Fellowship in H&SS,Discovery Awards (or equivalent)
200354/Z/15/Z,Research Fellowship in H&SS,Discovery Awards (or equivalent)
200368/Z/15/A,Provision for Public Engagement,Other
200368/Z/15/Z,Collaborative Award in H&SS,Discovery Awards (or equivalent)
200372/Z/15/Z,Research Fellowship in H&SS,Discovery Awards (or equivalent)
200376/Z/15/Z,Research Resources Scoping Award,Other
200377/Z/15/C,Research Enrichment - Diversity and Inclusion,Other
200377/Z/15/Z,Investigator Award in H&SS,Discovery Awards (or equivalent)
200380/Z/15/Z,Investigator Award in H&SS,Discovery Awards (or equivalent)
200381/Z/15/Z,Research Fellowship in H&SS,Discovery Awards (or equivalent)
200384/Z/15/Z,Research Fellowship in H&SS,Discovery Awards (or equivalent)
200394/Z/15/Z,Investigator Award in H&SS,Discovery Awards (or equivalent)
200428/Z/15/Z,Research Resources Bursaries,Other
200431/Z/15/Z,Research Resources Bursaries,Other
200431/Z/19/A,Open Access for Terminated Award,Other
200433/Z/16/Z,Research Resources Bursaries,Other
200434/Z/16/Z,Research Resources Bursaries,Other
200435/Z/16/Z,Research Resources Bursaries,Other
200437/Z/16/Z,Research Resources Bursaries,Other
200462/Z/16/Z,Sir Henry Dale Fellowship,Career Development (or equivalent)
200473/Z/16/Z,Sir Henry Dale Fellowship,Career Development (or equivalent)
200501/Z/16/A,Research Enrichment - Open Research,Other
200501/Z/16/Z,Sir Henry Dale Fellowship,Career Development (or equivalent)
200513/Z/16/Z,Research Resources Award,Directed
200517/Z/16/Z,Sir Henry Dale Fellowship,Career Development (or equivalent)
200523/Z/16/Z,Sir Henry Dale Fellowship,Career Development (or equivalent)
200529/Z/16/Z,Research Resources Award,Directed
200531/Z/16/Z,Research Resources Award,Directed
200532/Z/16/Z,Research Resources Award,Directed
200533/Z/16/Z,Research Resources Award,Directed
200535/Z/16/Z,Research Resources Bursaries,Other
200540/Z/16/Z,Research Resources Award,Directed
200541/Z/16/Z,Research Resources Award,Directed
200544/Z/16/Z,Research Resources Award,Directed
200552/Z/16/Z,Research Resources Award,Directed
200566/Z/16/Z,Research Resources Award,Directed
200594/Z/16/Z,Investigator Award in Science,Discovery Awards (or equivalent)
200782/Z/16/Z,Investigator Award in Science,Discovery Awards (or equivalent)
200790/Z/16/Z,Investigator Award in Science,Discovery Awards (or equivalent)
200796/Z/16/A,Investigator Award in Science,Discovery Awards (or equivalent)
200796/Z/16/Z,Principal Research Fellowship Renewal,Discovery Awards (or equivalent)
200804/Z/16/Z,Senior Research Fellowship Basic,Discovery Awards (or equivalent)
200807/Z/16/Z,Investigator Award in Science,Discovery Awards (or equivalent)
200814/Z/16/Z,Investigator Award in Science,Discovery Awards (or equivalent)
200817/Z/16/Z,Investigator Award in Science,Discovery Awards (or equivalent)
200818/Z/16/Z,Investigator Award in Science,Discovery Awards (or equivalent)
200823/Z/16/Z,Investigator Award in Science,Discovery Awards (or equivalent)
200829/A/16/Z,Investigator Award in Science,Discovery Awards (or equivalent)
200829/Z/16/Z,Investigator Award in Science,Discovery Awards (or equivalent)
200835/Z/16/Z,Investigator Award in Science,Discovery Awards (or equivalent)
200837/A/16/Z,Residual Award,Other
200837/Z/16/Z,Senior Research Fellowship Basic Renewal,Discovery Awards (or equivalent)
200838/Z/16/Z,Investigator Award in Science,Discovery Awards (or equivalent)
200841/Z/16/Z,Investigator Award in Science,Discovery Awards (or equivalent)
200843/Z/16/Z,Investigator Award in Science,Discovery Awards (or equivalent)
200844/Z/16/Z,Investigator Award in Science,Discovery Awards (or equivalent)
200846/Z/16/Z,Principal Research Fellowship (New),Discovery Awards (or equivalent)
200847/Z/16/Z,Investigator Award in Science,Discovery Awards (or equivalent)
200848/Z/16/Z,Principal Research Fellowship Renewal,Discovery Awards (or equivalent)
200855/Z/16/Z,Investigator Award in Science,Discovery Awards (or equivalent)
200861/A/16/Z,Residual Award,Other
200861/Z/16/Z,Investigator Award in Science,Discovery Awards (or equivalent)
200870/Z/16/Z,Investigator Award in Science,Discovery Awards (or equivalent)
200871/Z/16/Z,Investigator Award in Science,Discovery Awards (or equivalent)
200873/Z/16/Z,Investigator Award in Science,Discovery Awards (or equivalent)
200885/Z/16/Z,Principal Research Fellowship Renewal,Discovery Awards (or equivalent)
200893/Z/16/Z,Senior Research Fellowship Basic Renewal,Discovery Awards (or equivalent)
200898/Z/16/Z,Senior Research Fellowship Basic,Discovery Awards (or equivalent)
200901/Z/16/Z,Senior Research Fellowship Clinical Renewal,Discovery Awards (or equivalent)
200909/Z/16/B,Clinical Excellence Award,Other
200909/Z/16/Z,Senior Research Fellowship Clinical Renewal,Discovery Awards (or equivalent)
200918/Z/16/Z,AAS Africa Platform (AESA),Directed
200942/Z/16/Z,Senior Research Fellowship Basic,Discovery Awards (or equivalent)
200952/Z/16/Z,Research Resources Scoping Award,Other
200990/A/16/Z,Wellcome Major Award,Directed
200990/Z/16/Z,Wellcome Major Award,Directed
201057/Z/16/Z,Pathfinder Award,Other
201225/Z/16/Z,Principal Research Fellowship Renewal,Discovery Awards (or equivalent)
201244/Z/16/Z,Research Training Fellowship,Early Career (or equivalent)
201325/Z/16/Z,Sir Henry Wellcome Postdoctoral Fellowship,Early Career (or equivalent)
201330/Z/16/Z,Sir Henry Wellcome Postdoctoral Fellowship,Early Career (or equivalent)
201334/Z/16/Z,Sir Henry Wellcome Postdoctoral Fellowship,Early Career (or equivalent)
201341/A/16/Z,Residual Award,Other
201341/Z/16/Z,Sir Henry Wellcome Postdoctoral Fellowship,Early Career (or equivalent)
201344/Z/16/Z,Sir Henry Wellcome Postdoctoral Fellowship,Early Career (or equivalent)
201355/A/16/Z,Sir Henry Wellcome Postdoctoral Fellowship,Early Career (or equivalent)
201355/Z/16/Z,Sir Henry Wellcome Postdoctoral Fellowship,Early Career (or equivalent)
201356/Z/16/Z,Career Re-Entry Fellowship,Early Career (or equivalent)
201358/Z/16/Z,Sir Henry Wellcome Postdoctoral Fellowship,Early Career (or equivalent)
201366/Z/16/Z,Sir Henry Wellcome Postdoctoral Fellowship,Early Career (or equivalent)
201369/Z/16/Z,Sir Henry Wellcome Postdoctoral Fellowship,Early Career (or equivalent)
201374/Z/16/B,Research Enrichment - Open Research,Other
201374/Z/16/Z,Sir Henry Wellcome Postdoctoral Fellowship,Early Career (or equivalent)
201375/Z/16/Z,Sir Henry Wellcome Postdoctoral Fellowship,Early Career (or equivalent)
201380/Z/16/Z,Sir Henry Wellcome Postdoctoral Fellowship,Early Career (or equivalent)
201381/A/16/Z,Sir Henry Wellcome Postdoctoral Fellowship,Early Career (or equivalent)
201381/Z/16/Z,Sir Henry Wellcome Postdoctoral Fellowship,Early Career (or equivalent)
201387/Z/16/Z,Sir Henry Wellcome Postdoctoral Fellowship,Early Career (or equivalent)
201394/Z/16/Z,Sir Henry Wellcome Postdoctoral Fellowship,Early Career (or equivalent)
201409/Z/16/Z,Sir Henry Wellcome Postdoctoral Fellowship,Early Career (or equivalent)
201440/Z/16/C,Intermediate Clinical Fellowship,Career Development (or equivalent)
201440/Z/16/Z,Intermediate Clinical Fellowship,Career Development (or equivalent)
201457/Z/16/Z,Sir Henry Wellcome Postdoctoral Fellowship,Early Career (or equivalent)
201470/A/16/Z,Postdoctoral Training Fellowship for Clinicians,Early Career (or equivalent)
201470/B/16/Z,Sanger Resource Collaboration,Directed
201470/D/16/Z,Postdoctoral Training Fellowship for Clinicians,Early Career (or equivalent)
201470/Z/16/Z,Postdoctoral Training Fellowship for Clinicians,Early Career (or equivalent)
201477/Z/16/Z,Postdoctoral Training Fellowship for Clinicians,Early Career (or equivalent)
201483/Z/16/Z,Postdoctoral Training Fellowship for Clinicians,Early Career (or equivalent)
201486/B/16/Z,Intermediate Clinical Fellowship,Career Development (or equivalent)
201486/Z/16/A,Intermediate Clinical Fellowship,Career Development (or equivalent)
201486/Z/16/Z,Intermediate Clinical Fellowship,Career Development (or equivalent)
201487/A/16/Z,Collaborative Award in Science,Discovery Awards (or equivalent)
201487/Z/16/Z,Collaborative Award in Science,Discovery Awards (or equivalent)
201488/Z/16/A,Intermediate Clinical Fellowship,Career Development (or equivalent)
201488/Z/16/Z,Intermediate Clinical Fellowship,Career Development (or equivalent)
201492/Z/16/A,Research Enrichment - Open Research,Other
201492/Z/16/B,Intermediate Clinical Fellowship,Career Development (or equivalent)
201492/Z/16/Z,Intermediate Clinical Fellowship,Career Development (or equivalent)
201505/Z/16/A,Collaborative Award in Science,Discovery Awards (or equivalent)
201505/Z/16/Z,Collaborative Award in Science,Discovery Awards (or equivalent)
201524/Z/16/A,Research Enrichment - Public Engagement,Other
201524/Z/16/Z,Collaborative Award in Science,Discovery Awards (or equivalent)
201526/Z/16/Z,Collaborative Award in Science,Discovery Awards (or equivalent)
201529/Z/16/Z,Collaborative Award in Science,Discovery Awards (or equivalent)
201531/Z/16/Z,Collaborative Award in Science,Discovery Awards (or equivalent)
201535/Z/16/Z,Collaborative Award in Science,Discovery Awards (or equivalent)
201536/Z/16/Z,Collaborative Award in Science,Discovery Awards (or equivalent)
201543/B/16/Z,Collaborative Award in Science,Discovery Awards (or equivalent)
201543/C/16/Z,Collaborative Award in Science,Discovery Awards (or equivalent)
201543/Z/16/A,Research Enrichment - Diversity and Inclusion,Other
201543/Z/16/Z,Collaborative Award in Science,Discovery Awards (or equivalent)
201559/Z/16/Z,Research Resources Award,Directed
201718/Z/16/Z,Research Resources Award,Directed
201866/Z/16/Z,International Intermediate Fellowship,Career Development (or equivalent)
201900/A/16/Z,Residual Award,Other
201900/Z/16/Z,International Intermediate Fellowship,Career Development (or equivalent)
201918/Z/16/Z,International Training Fellowship,Early Career (or equivalent)
201945/A/16/Z,Residual Award,Other
201945/Z/16/Z,International Training Fellowship,Early Career (or equivalent)
201965/Z/16/Z,Research Resources Scoping Award,Other
202231/Z/16/Z,Sir Henry Dale Fellowship,Career Development (or equivalent)
202250/Z/16/Z,Sir Henry Dale Fellowship,Career Development (or equivalent)
202287/Z/16/Z,Research Resources Scoping Award,Other
202300/Z/16/Z,Sir Henry Dale Fellowship,Career Development (or equivalent)
202320/Z/16/Z,Sir Henry Dale Fellowship,Career Development (or equivalent)
202323/Z/16/Z,Sir Henry Dale Fellowship,Career Development (or equivalent)
202346/Z/16/A,Research Enrichment - Public Engagement,Other
202346/Z/16/Z,Sir Henry Dale Fellowship,Career Development (or equivalent)
202397/Z/16/Z,Sir Henry Dale Fellowship,Career Development (or equivalent)
202465/Z/16/A,Residual Award,Other
202465/Z/16/Z,Sir Henry Dale Fellowship,Career Development (or equivalent)
202471/A/16/Z,Sir Henry Dale Fellowship,Career Development (or equivalent)
202471/Z/16/A,Sir Henry Dale Fellowship Extension,Career Development (or equivalent)
202471/Z/16/Z,Sir Henry Dale Fellowship,Career Development (or equivalent)
202485/Z/16/Z,Sir Henry Dale Fellowship,Career Development (or equivalent)
202553/Z/16/A,Sir Henry Dale Fellowship Extension,Career Development (or equivalent)
202553/Z/16/Z,Sir Henry Dale Fellowship,Career Development (or equivalent)
202562/A/16/Z,Sir Henry Dale Fellowship,Career Development (or equivalent)
202562/Z/16/Z,Sir Henry Dale Fellowship,Career Development (or equivalent)
202581/Z/16/Z,Sir Henry Dale Fellowship,Career Development (or equivalent)
202600/Z/16/A,Sir Henry Dale Fellowship Extension,Career Development (or equivalent)
202600/Z/16/Z,Sir Henry Dale Fellowship,Career Development (or equivalent)
202642/B/16/Z,International Recruitment Supplement,Other
202642/Z/16/Z,Investigator Award in Science,Discovery Awards (or equivalent)
202679/Z/16/Z,Multi-User Equipment Grant,Directed
202687/Z/16/A,Research Enrichment - Diversity and Inclusion,Other
202687/Z/16/Z,Senior Research Fellowship in PH&TM,Discovery Awards (or equivalent)
202747/Z/16/Z,Senior Research Fellowship Clinical Renewal,Discovery Awards (or equivalent)
202754/Z/16/Z,Investigator Award in Science,Discovery Awards (or equivalent)
202755/Z/16/Z,Technology Development Grant,Discovery Awards (or equivalent)
202756/Z/16/Z,Senior Research Fellowship Basic,Discovery Awards (or equivalent)
202758/Z/16/Z,Investigator Award in Science,Discovery Awards (or equivalent)
202767/Z/16/Z,Multi-User Equipment Grant,Directed
202769/Z/16/Z,Investigator Award in Science,Discovery Awards (or equivalent)
202771/Z/16/Z,Investigator Award in Science,Discovery Awards (or equivalent)
202778/A/16/Z,Investigator Award in Science,Discovery Awards (or equivalent)
202778/B/16/Z,Investigator Award in Science,Discovery Awards (or equivalent)
202778/Z/16/Z,Investigator Award in Science,Discovery Awards (or equivalent)
202786/Z/16/Z,Biomedical Resources Grant,Directed
202788/Z/16/Z,Senior Research Fellowship Basic,Discovery Awards (or equivalent)
202789/Z/16/Z,Investigator Award in Science,Discovery Awards (or equivalent)
202792/B/16/Z,Sanger Resource Collaboration,Directed
202792/Z/16/Z,Investigator Award in Science,Discovery Awards (or equivalent)
202794/Z/16/Z,Multi-User Equipment Grant,Directed
202797/Z/16/Z,Investigator Award in Science,Discovery Awards (or equivalent)
202800/Z/16/Z,Senior Research Fellowship Clinical Renewal,Discovery Awards (or equivalent)
202802/Z/16/Z,Investigator Award in Science,Discovery Awards (or equivalent)
202805/Z/16/Z,Principal Research Fellowship Renewal,Discovery Awards (or equivalent)
202810/Z/16/A,Research Enrichment - Diversity and Inclusion,Other
202810/Z/16/Z,Senior Research Fellowship Basic,Discovery Awards (or equivalent)
202811/Z/16/Z,Senior Research Fellowship Basic,Discovery Awards (or equivalent)
202827/Z/16/Z,Senior Research Fellowship Basic,Discovery Awards (or equivalent)
202831/Z/16/Z,Senior Research Fellowship Basic,Discovery Awards (or equivalent)
202834/Z/16/Z,Investigator Award in Science,Discovery Awards (or equivalent)
202836/Z/16/Z,Senior Research Fellowship Clinical Renewal,Discovery Awards (or equivalent)
202843/Z/16/Z,Investigator Award in Science,Discovery Awards (or equivalent)
202846/Z/16/Z,Investigator Award in Science,Discovery Awards (or equivalent)
202849/Z/16/Z,Investigator Award in Science,Discovery Awards (or equivalent)
202852/Z/16/Z,Multi-User Equipment Grant,Directed
202854/Z/16/Z,Senior Research Fellowship Basic Renewal,Discovery Awards (or equivalent)
202855/Z/16/Z,Investigator Award in Science,Discovery Awards (or equivalent)
202860/Z/16/Z,Senior Research Fellowship Clinical,Discovery Awards (or equivalent)
202865/Z/16/Z,Investigator Award in Science,Discovery Awards (or equivalent)
202867/Z/16/Z,Senior Research Fellowship Basic Renewal,Discovery Awards (or equivalent)
202878/B/16/Z,Investigator Award in Science,Discovery Awards (or equivalent)
202878/Z/16/Z,Investigator Award in Science,Discovery Awards (or equivalent)
202888/Z/16/Z,Senior Research Fellowship Basic Renewal,Discovery Awards (or equivalent)
202892/Z/16/Z,Biomedical Resources Grant,Directed
202902/Z/16/Z,Multi-User Equipment Grant,Directed
202903/Z/16/Z,Biomedical Resources Grant,Directed
202904/Z/16/Z,Multi-User Equipment Grant,Directed
202905/Z/16/Z,Multi-User Equipment Grant,Directed
202908/Z/16/Z,Biomedical Resources Grant,Directed
202912/B/16/Z,Biomedical Resources Grant,Directed
202912/Z/16/Z,Biomedical Resources Grant,Directed
202917/A/16/Z,Biomedical Resources Grant,Directed
202917/Z/16/Z,Biomedical Resources Grant,Directed
202922/Z/16/Z,Biomedical Resources Grant,Directed
202924/B/16/Z,Technology Development Grant,Discovery Awards (or equivalent)
202924/Z/16/Z,Technology Development Grant,Discovery Awards (or equivalent)
202932/Z/16/Z,Technology Development Grant,Discovery Awards (or equivalent)
202933/Z/16/Z,Technology Development Grant,Discovery Awards (or equivalent)
202935/Z/16/Z,Biomedical Resources Grant,Directed
202936/Z/16/Z,Multi-User Equipment Grant,Directed
202940/Z/16/A,Multi-User Equipment Grant,Directed
202940/Z/16/Z,Multi-User Equipment Grant,Directed
202952/B/16/Z,Technology Development Grant,Discovery Awards (or equivalent)
202952/C/16/Z,Technology Development Grant,Discovery Awards (or equivalent)
202952/D/16/Z,Technology Development Grant,Discovery Awards (or equivalent)
202952/E/16/Z,Technology Development Grant,Discovery Awards (or equivalent)
202952/F/16/Z,Technology Development Grant,Discovery Awards (or equivalent)
202952/Z/16/Z,Technology Development Grant,Discovery Awards (or equivalent)
203014/Z/16/Z,Biomedical Resources Grant,Directed
203020/Z/16/Z,Principal Research Fellowship (New),Discovery Awards (or equivalent)
203021/Z/16/Z,Research Resources Scoping Award,Other
203048/Z/16/Z,Principal Research Fellowship Renewal,Discovery Awards (or equivalent)
203105/A/16/Z,Wellcome Trust Centres in Science Extension,Directed
203105/Z/16/B,Discretionary Award – C&S,Directed
203105/Z/16/Z,Wellcome Trust Centre,Directed
203109/Z/16/B,Wellcome Trust Centres Extension,Directed
203109/Z/16/Z,Wellcome Trust Centre,Directed
203128/A/16/Z,Wellcome Trust Centres in Science Extension,Directed
203128/Z/16/Z,Wellcome Trust Centre,Directed
203132/Z/16/A,Wellcome Trust Centres Extension,Directed
203132/Z/16/Z,Wellcome Trust Centre,Directed
203135/A/16/Z,Wellcome Trust Centres in Science Extension,Directed
203135/Z/16/A,Discretionary Award – C&S,Directed
203135/Z/16/B,Strategic Support: Science,Directed
203135/Z/16/Z,Wellcome Trust Centre,Directed
203139/A/16/Z,Wellcome Trust Centres in Science Extension,Directed
203139/Z/16/Z,Wellcome Trust Centre,Directed
203141/A/16/Z,Wellcome Trust Centres in Science Extension,Directed
203141/Z/16/Z,Wellcome Trust Centre,Directed
203144/A/16/Z,Wellcome Trust Centres in Science Extension,Directed
203144/Z/16/Z,Wellcome Trust Centre,Directed
203147/A/16/Z,Wellcome Trust Centres in Science Extension,Directed
203147/Z/16/A,Research Enrichment - Public Engagement,Other
203147/Z/16/Z,Wellcome Trust Centre,Directed
203149/A/16/Z,Wellcome Trust Centres in Science Extension,Directed
203149/Z/16/A,Research Enrichment - Public Engagement,Other
203149/Z/16/Z,Wellcome Trust Centre,Directed
203151/A/16/Z,Wellcome Trust Centres in Science Extension,Directed
203151/Z/16/Z,Wellcome Trust Centre,Directed
203192/Z/16/Z,PhD Studentship in H&SS,Other
203195/Z/16/Z,Research Fellowship in H&SS,Discovery Awards (or equivalent)
203208/Z/16/Z,Research Fellowship in H&SS,Discovery Awards (or equivalent)
203224/Z/16/Z,Collaborative Award in Science,Discovery Awards (or equivalent)
203237/Z/16/Z,Investigator Award in H&SS,Discovery Awards (or equivalent)
203240/Z/16/Z,Research Training Fellowship,Early Career (or equivalent)
203249/Z/16/Z,Collaborative Award in Science,Discovery Awards (or equivalent)
203255/Z/16/Z,PhD Studentship in H&SS,Other
203257/B/16/Z,Collaborative Award in Science,Discovery Awards (or equivalent)
203257/Z/16/A,Research Enrichment - Public Engagement,Other
203257/Z/16/Z,Collaborative Award in Science,Discovery Awards (or equivalent)
203261/Z/16/Z,Collaborative Award in Science,Discovery Awards (or equivalent)
203268/Z/16/Z,Collaborative Award in Science,Discovery Awards (or equivalent)
203276/A/16/Z,Collaborative Award in Science,Discovery Awards (or equivalent)
203276/B/16/Z,Collaborative Award in Science,Discovery Awards (or equivalent)
203276/C/16/Z,Collaborative Award in Science,Discovery Awards (or equivalent)
203276/E/16/Z,Collaborative Award in Science,Discovery Awards (or equivalent)
203276/F/16/Z,Collaborative Award in Science,Discovery Awards (or equivalent)
203276/I/16/Z,Collaborative Award in Science,Discovery Awards (or equivalent)
203276/K/16/Z,Collaborative Award in Science,Discovery Awards (or equivalent)
203276/Z/16/Z,Collaborative Award in Science,Discovery Awards (or equivalent)
203278/Z/16/Z,PhD Studentship in H&SS,Other
203285/B/16/Z,Collaborative Award in Science,Discovery Awards (or equivalent)
203285/C/16/Z,Collaborative Award in Science,Discovery Awards (or equivalent)
203285/Z/16/Z,Collaborative Award in Science,Discovery Awards (or equivalent)
203286/Z/16/Z,PhD Studentship in H&SS,Other
203287/Z/16/Z,PhD Studentship in H&SS,Other
203294/Z/16/Z,Investigator Award in H&SS,Discovery Awards (or equivalent)
203321/Z/16/Z,Research Resources Bursaries,Other
203327/Z/16/Z,PhD Studentship in H&SS,Other
203329/Z/16/Z,PhD Studentship in H&SS,Other
203334/Z/16/Z,PhD Studentship in H&SS,Other
203337/Z/16/Z,Research Fellowship for Health Professionals in H&SS,Early Career (or equivalent)
203339/Z/16/Z,PhD Studentship in H&SS,Other
203349/Z/16/Z,PhD Studentship in H&SS,Other
203363/A/16/Z,Collaborative Award in H&SS,Discovery Awards (or equivalent)
203363/B/16/Z,Collaborative Award in H&SS,Discovery Awards (or equivalent)
203363/Z/16/A,Research Enrichment - Public Engagement,Other
203363/Z/16/Z,Collaborative Award in H&SS,Discovery Awards (or equivalent)
203372/A/16/Z,Research Fellowship in H&SS,Discovery Awards (or equivalent)
203372/Z/16/A,Provision for Public Engagement,Other
203372/Z/16/Z,Research Fellowship in H&SS,Discovery Awards (or equivalent)
203376/Z/16/A,Provision for Public Engagement,Other
203376/Z/16/Z,Collaborative Award in H&SS,Discovery Awards (or equivalent)
203378/Z/16/Z,University Award in H&SS,Career Development (or equivalent)
203380/Z/16/Z,Investigator Award in H&SS,Discovery Awards (or equivalent)
203381/Z/16/Z,PhD Studentship in H&SS,Other
203384/Z/16/A,Research Enrichment - Public Engagement,Other
203384/Z/16/Z,Investigator Award in H&SS,Discovery Awards (or equivalent)
203385/Z/16/Z,Research Fellowship for Health Professionals in H&SS,Early Career (or equivalent)
203389/Z/16/Z,PhD Studentship in H&SS,Other
203399/Z/16/Z,PhD Studentship in H&SS,Other
203403/Z/16/Z,Research Resources Bursaries,Other
203405/Z/16/Z,PhD Studentship in H&SS,Other
203421/Z/16/Z,Research Resources Award,Directed
203431/Z/16/Z,PhD Studentship in H&SS,Other
203443/Z/16/Z,Research Resources Bursaries,Other
203457/Z/16/Z,PhD Studentship in H&SS,Other
203477/B/16/Z,Collaborative Award in Science,Discovery Awards (or equivalent)
203477/Z/16/Z,Collaborative Award in Science,Discovery Awards (or equivalent)
203486/Z/16/Z,Investigator Award in H&SS,Discovery Awards (or equivalent)
203508/Z/16/Z,Research Resources Bursaries,Other
203531/Z/16/Z,Research Resources Bursaries,Other
203596/Z/16/Z,WT/POST Fellowship,Other
203618/Z/16/Z,Research Training Fellowship,Early Career (or equivalent)
203630/Z/16/Z,WT/POST Fellowship,Other
203637/Z/16/Z,WT/POST Fellowship,Other
203663/Z/16/Z,WT/POST Fellowship,Other
203687/Z/16/Z,Research Resources Award,Directed
203700/Z/16/Z,Research Resources Award,Directed
203704/Z/16/Z,Research Resources Scoping Award,Other
203711/Z/16/Z,Research Resources Award,Directed
203714/Z/16/Z,Research Resources Award,Directed
203715/Z/16/Z,Research Resources Award,Directed
203717/Z/16/Z,Research Resources Award,Directed
203905/Z/16/Z,PhD Programme (Clinical),Directed
203913/A/16/Z,PhD Programme (Clinical),Directed
203913/Z/16/Z,PhD Programme (Clinical),Directed
203914/Z/16/Z,PhD Programme (Clinical),Directed
203918/Z/16/Z,PhD Programme (Clinical),Directed
203919/Z/16/Z,PhD Programme (Clinical),Directed
203921/Z/16/Z,PhD Programme (Clinical),Directed
203924/Z/16/Z,PhD Programme (Clinical),Directed
203928/Z/16/Z,PhD Programme (Clinical),Directed
203930/B/16/Z,PhD Programme (Clinical),Directed
203941/Z/16/Z,Research Resources Scoping Award,Other
204015/Z/16/A,PhD Training Fellowship for Clinicians,Early Career (or equivalent)
204015/Z/16/Z,PhD Training Fellowship for Clinicians,Early Career (or equivalent)
204017/Z/16/Z,PhD Programme (Clinical),Directed
204059/A/16/A,Sanger Resource Collaboration,Directed
204059/Z/16/A,PhD Training Fellowship for Clinicians,Early Career (or equivalent)
204059/Z/16/Z,PhD Training Fellowship for Clinicians,Early Career (or equivalent)
204097/Z/16/Z,Seed Award in H&SS,Discovery Awards (or equivalent)
204127/Z/16/A,PhD Training Fellowship for Clinicians,Early Career (or equivalent)
204127/Z/16/Z,PhD Training Fellowship for Clinicians,Early Career (or equivalent)
204290/Z/16/Z,Sir Henry Dale Fellowship,Career Development (or equivalent)
204311/A/16/Z,Sir Henry Dale Fellowship,Career Development (or equivalent)
204311/Z/16/Z,Sir Henry Dale Fellowship,Career Development (or equivalent)
204403/A/16/Z,Seed Award in Science,Discovery Awards (or equivalent)
204403/Z/16/Z,Seed Award in Science,Discovery Awards (or equivalent)
204454/Z/16/Z,Seed Award in Science,Discovery Awards (or equivalent)
204457/A/16/Z,Sanger Resource Collaboration,Directed
204457/Z/16/Z,Sir Henry Dale Fellowship,Career Development (or equivalent)
204464/Z/16/A,Sir Henry Dale Fellowship Extension,Career Development (or equivalent)
204464/Z/16/Z,Sir Henry Dale Fellowship,Career Development (or equivalent)
204615/Z/16/A,Sir Henry Dale Fellowship Extension,Career Development (or equivalent)
204615/Z/16/Z,Sir Henry Dale Fellowship,Career Development (or equivalent)
204622/Z/16/Z,Sir Henry Dale Fellowship,Career Development (or equivalent)
204623/Z/16/Z,Sir Henry Dale Fellowship,Career Development (or equivalent)
204624/Z/16/Z,Sir Henry Dale Fellowship,Career Development (or equivalent)
204636/Z/16/A,Sir Henry Dale Fellowship Extension,Career Development (or equivalent)
204636/Z/16/Z,Sir Henry Dale Fellowship,Career Development (or equivalent)
204651/Z/16/A,Sir Henry Dale Fellowship,Career Development (or equivalent)
204651/Z/16/Z,Sir Henry Dale Fellowship,Career Development (or equivalent)
204678/Z/16/Z,Sir Henry Wellcome Postdoctoral Fellowship,Early Career (or equivalent)
204682/Z/16/Z,Sir Henry Wellcome Postdoctoral Fellowship,Early Career (or equivalent)
204684/Z/16/Z,Sir Henry Wellcome Postdoctoral Fellowship,Early Career (or equivalent)
204685/A/16/Z,Residual Award,Other
204685/Z/16/Z,Sir Henry Wellcome Postdoctoral Fellowship,Early Career (or equivalent)
204686/Z/16/A,Research Enrichment - Diversity and Inclusion,Other
204686/Z/16/C,Research Enrichment - Open Research,Other
204686/Z/16/Z,Sir Henry Wellcome Postdoctoral Fellowship,Early Career (or equivalent)
204689/Z/16/Z,Sir Henry Wellcome Postdoctoral Fellowship,Early Career (or equivalent)
204693/Z/16/Z,Sir Henry Wellcome Postdoctoral Fellowship,Early Career (or equivalent)
204696/Z/16/A,Research Enrichment - Public Engagement,Other
204696/Z/16/Z,Sir Henry Wellcome Postdoctoral Fellowship,Early Career (or equivalent)
204697/Z/16/Z,Investigator Award in Science,Discovery Awards (or equivalent)
204702/Z/16/Z,Sir Henry Wellcome Postdoctoral Fellowship,Early Career (or equivalent)
204703/Z/16/Z,Sir Henry Wellcome Postdoctoral Fellowship,Early Career (or equivalent)
204706/A/16/Z,Residual Award,Other
204706/Z/16/Z,Sir Henry Wellcome Postdoctoral Fellowship,Early Career (or equivalent)
204708/Z/16/Z,Sir Henry Wellcome Postdoctoral Fellowship,Early Career (or equivalent)
204709/Z/16/Z,Career Re-Entry Fellowship,Early Career (or equivalent)
204715/Z/16/Z,Sir Henry Wellcome Postdoctoral Fellowship,Early Career (or equivalent)
204717/Z/16/Z,Sir Henry Wellcome Postdoctoral Fellowship,Early Career (or equivalent)
204721/Z/16/Z,Career Re-Entry Fellowship,Early Career (or equivalent)
204724/Z/16/Z,Sir Henry Wellcome Postdoctoral Fellowship,Early Career (or equivalent)
204727/Z/16/Z,Sir Henry Wellcome Postdoctoral Fellowship,Early Career (or equivalent)
204731/Z/16/Z,Sir Henry Wellcome Postdoctoral Fellowship,Early Career (or equivalent)
204732/Z/16/Z,Sir Henry Wellcome Postdoctoral Fellowship,Early Career (or equivalent)
204735/Z/16/Z,Sir Henry Wellcome Postdoctoral Fellowship,Early Career (or equivalent)
204747/A/16/Z,Sir Henry Wellcome Postdoctoral Fellowship,Early Career (or equivalent)
204747/Z/16/Z,Sir Henry Wellcome Postdoctoral Fellowship,Early Career (or equivalent)
204755/Z/16/Z,International Intermediate Fellowship,Career Development (or equivalent)
204756/Z/16/Z,Research Resources Scoping Award,Other
204761/Z/16/Z,Sir Henry Wellcome Postdoctoral Fellowship,Early Career (or equivalent)
204766/Z/16/Z,Investigator Award in Science,Discovery Awards (or equivalent)
204776/A/16/Z,International Training Fellowship,Early Career (or equivalent)
204776/Z/16/Z,International Training Fellowship,Early Career (or equivalent)
204788/A/16/Z,Residual Award,Other
204788/Z/16/Z,Investigator Award in Science,Discovery Awards (or equivalent)
204797/A/16/Z,Sanger Resource Collaboration,Directed
204797/Z/16/Z,International Training Fellowship,Early Career (or equivalent)
204798/Z/16/Z,Investigator Award in Science,Discovery Awards (or equivalent)
204802/Z/16/Z,PhD Training Fellowship for Clinicians,Early Career (or equivalent)
204811/Z/16/Z,Principal Research Fellowship Renewal,Discovery Awards (or equivalent)
204832/B/16/Z,Investigator Award in Science,Discovery Awards (or equivalent)
204832/Z/16/Z,Investigator Award in Science,Discovery Awards (or equivalent)
204862/Z/16/Z,International Training Fellowship,Early Career (or equivalent)
204863/Z/16/A,Research Enrichment - Public Engagement,Other
204863/Z/16/Z,International Training Fellowship,Early Career (or equivalent)
204870/Z/16/Z,Collaborative Award in Science,Discovery Awards (or equivalent)
204877/Z/16/Z,Collaborative Award in Science,Discovery Awards (or equivalent)
204895/Z/16/Z,Collaborative Award in Science,Discovery Awards (or equivalent)
204904/Z/16/Z,International Intermediate Fellowship,Career Development (or equivalent)
204911/A/16/Z,Sanger Resource Collaboration,Directed
204911/Z/16/Z,Collaborative Award in Science,Discovery Awards (or equivalent)
204915/B/16/Z,Collaborative Award in Science,Discovery Awards (or equivalent)
204915/Z/16/Z,Collaborative Award in Science,Discovery Awards (or equivalent)
204951/B/16/Z,Investigator Award in Science,Discovery Awards (or equivalent)
204951/Z/16/Z,Investigator Award in Science,Discovery Awards (or equivalent)
204954/Z/16/Z,Investigator Award in Science,Discovery Awards (or equivalent)
204957/Z/16/Z,Investigator Award in Science,Discovery Awards (or equivalent)
204963/Z/16/Z,Investigator Award in Science,Discovery Awards (or equivalent)
204969/Z/16/Z,Investigator Award in Science,Discovery Awards (or equivalent)
204985/Z/16/Z,Senior Research Fellowship Basic,Discovery Awards (or equivalent)
205006/Z/16/Z,Investigator Award in Science,Discovery Awards (or equivalent)
205008/Z/16/A,Research Enrichment - Open Research,Other
205008/Z/16/Z,Investigator Award in Science,Discovery Awards (or equivalent)
205010/Z/16/Z,Senior Research Fellowship Basic,Discovery Awards (or equivalent)
205011/Z/16/Z,PhD Training Fellowship for Clinicians,Early Career (or equivalent)
205014/Z/16/Z,Investigator Award in Science,Discovery Awards (or equivalent)
205023/Z/16/Z,Principal Research Fellowship Renewal,Discovery Awards (or equivalent)
205038/A/16/Z,International Recruitment Supplement,Other
205038/Z/16/Z,Investigator Award in Science,Discovery Awards (or equivalent)
205039/Z/16/A,Research Enrichment - Public Engagement,Other
205039/Z/16/Z,Senior Research Fellowship Clinical,Discovery Awards (or equivalent)
205041/Z/16/Z,Investigator Award in Science,Discovery Awards (or equivalent)
205050/A/16/Z,International Recruitment Supplement,Other
205050/B/16/Z,Investigator Award in Science,Discovery Awards (or equivalent)
205050/C/16/Z,International Recruitment Supplement,Other
205050/Z/16/Z,Investigator Award in Science,Discovery Awards (or equivalent)
205067/Z/16/Z,Investigator Award in Science,Discovery Awards (or equivalent)
205069/Z/16/Z,Senior Research Fellowship in PH&TM,Discovery Awards (or equivalent)
205072/Z/16/Z,Investigator Award in Science,Discovery Awards (or equivalent)
205093/Z/16/Z,Investigator Award in Science,Discovery Awards (or equivalent)
205099/Z/16/Z,Investigator Award in Science,Discovery Awards (or equivalent)
205100/Z/16/Z,Investigator Award in Science,Discovery Awards (or equivalent)
205103/Z/16/Z,Principal Research Fellowship Renewal,Discovery Awards (or equivalent)
205150/Z/16/Z,Investigator Award in Science,Discovery Awards (or equivalent)
205156/Z/16/Z,PhD Training Fellowship for Clinicians,Early Career (or equivalent)
205162/Z/16/Z,Clinical Research Career Development Fellowship,Career Development (or equivalent)
205167/Z/16/A,Research Enrichment - Public Engagement,Other
205167/Z/16/Z,Clinical Research Career Development Fellowship,Career Development (or equivalent)
205171/Z/16/Z,PhD Training Fellowship for Clinicians,Early Career (or equivalent)
205174/Z/16/A,Clinical Research Career Development Fellowship,Career Development (or equivalent)
205174/Z/16/Z,Clinical Research Career Development Fellowship,Career Development (or equivalent)
205184/Z/16/A,Provision for Public Engagement,Other
205184/Z/16/Z,Clinical Research Career Development Fellowship,Career Development (or equivalent)
205187/Z/16/Z,Clinical Research Career Development Fellowship,Career Development (or equivalent)
205188/Z/16/Z,Clinical Research Career Development Fellowship,Career Development (or equivalent)
205214/Z/16/Z,Clinical Research Career Development Fellowship,Career Development (or equivalent)
205228/Z/16/Z,Clinical Research Career Development Fellowship,Career Development (or equivalent)
205236/Z/16/Z,PhD Training Fellowship for Clinicians,Early Career (or equivalent)
205239/Z/16/Z,Research Resources Award,Directed
205240/Z/16/Z,International Masters Fellowship,Early Career (or equivalent)
205251/Z/16/Z,PhD Training Fellowship for Clinicians,Early Career (or equivalent)
205254/Z/16/Z,PhD Training Fellowship for Clinicians,Early Career (or equivalent)
205339/A/16/Z,Major Award,Directed
205339/Z/16/Z,Wellcome Major Award,Directed
205359/A/16/Z,Research Fellowship in H&SS,Discovery Awards (or equivalent)
205359/Z/16/Z,Research Fellowship in H&SS,Discovery Awards (or equivalent)
205370/Z/16/Z,Research Fellowship for Health Professionals in H&SS,Early Career (or equivalent)
205378/Z/16/A,Research Enrichment - Public Engagement,Other
205378/Z/16/Z,Investigator Award in H&SS,Discovery Awards (or equivalent)
205384/Z/16/Z,Investigator Award in H&SS,Discovery Awards (or equivalent)
205393/A/16/Z,Collaborative Award in H&SS,Discovery Awards (or equivalent)
205393/B/16/Z,Collaborative Award in H&SS,Discovery Awards (or equivalent)
205393/C/16/A,Research Enrichment - Public Engagement,Other
205393/C/16/Z,Collaborative Award in H&SS,Discovery Awards (or equivalent)
205393/D/16/Z,Collaborative Award in H&SS,Discovery Awards (or equivalent)
205393/Z/16/Z,Collaborative Award in H&SS,Discovery Awards (or equivalent)
205400/A/16/Z,Collaborative Award in H&SS,Discovery Awards (or equivalent)
205400/Z/16/Z,Collaborative Award in H&SS,Discovery Awards (or equivalent)
205407/Z/16/Z,Research Fellowship in H&SS,Discovery Awards (or equivalent)
205412/Z/16/Z,University Award in H&SS,Career Development (or equivalent)
205417/Z/16/Z,Research Fellowship in H&SS,Discovery Awards (or equivalent)
205419/Z/16/Z,Research Fellowship in H&SS,Discovery Awards (or equivalent)
205427/Z/16/Z,Investigator Award in H&SS,Discovery Awards (or equivalent)
205455/Z/16/Z,Research Fellowship in H&SS,Discovery Awards (or equivalent)
205456/A/16/Z,Collaborative Award in H&SS,Discovery Awards (or equivalent)
205456/B/16/Z,Collaborative Award in H&SS,Discovery Awards (or equivalent)
205456/Z/16/Z,Collaborative Award in H&SS,Discovery Awards (or equivalent)
205488/Z/16/Z,Investigator Award in H&SS,Discovery Awards (or equivalent)
205493/Z/16/Z,Research Fellowship in H&SS,Discovery Awards (or equivalent)
205858/Z/16/Z,Research Resources Bursaries,Other
205869/Z/17/Z,Research Resources Bursaries,Other
205940/Z/17/Z,Research Resources Bursaries,Other
206001/Z/16/Z,Discretionary Award – Science,Directed
206019/Z/16/A,Strategic Support: Science,Directed
206019/Z/16/Z,Strategic Support: Science,Directed
206056/Z/17/Z,Research Resources Bursaries,Other
206159/Z/17/B,Sir Henry Dale Fellowship,Career Development (or equivalent)
206159/Z/17/Z,Sir Henry Dale Fellowship,Career Development (or equivalent)
206161/Z/17/Z,Cryo-Electron Microscopy Equipment grant,Directed
206164/Z/17/Z,Research Resources Award,Directed
206166/Z/17/Z,Cryo-Electron Microscopy Equipment grant,Directed
206167/Z/17/Z,Research Resources Award,Directed
206168/Z/17/Z,Research Resources Award,Directed
206169/Z/17/Z,Research Resources Award,Directed
206171/Z/17/Z,Cryo-Electron Microscopy Equipment grant,Directed
206172/Z/17/Z,Research Resources Award,Directed
206175/Z/17/Z,Cryo-Electron Microscopy Equipment grant,Directed
206177/Z/17/Z,Research Resources Award,Directed
206178/Z/17/Z,Research Resources Award,Directed
206181/Z/17/Z,Cryo-Electron Microscopy Equipment grant,Directed
206182/Z/17/Z,Research Resources Award,Directed
206200/Z/17/Z,Sir Henry Dale Fellowship,Career Development (or equivalent)
206206/Z/17/Z,Sir Henry Dale Fellowship,Career Development (or equivalent)
206207/Z/17/A,Sir Henry Dale Fellowship Extension,Career Development (or equivalent)
206207/Z/17/Z,Sir Henry Dale Fellowship,Career Development (or equivalent)
206208/Z/17/Z,Sir Henry Dale Fellowship,Career Development (or equivalent)
206211/A/17/Z,Sir Henry Dale Fellowship,Career Development (or equivalent)
206211/Z/17/Z,Sir Henry Dale Fellowship,Career Development (or equivalent)
206212/Z/17/A,Sir Henry Dale Fellowship Extension,Career Development (or equivalent)
206212/Z/17/Z,Sir Henry Dale Fellowship,Career Development (or equivalent)
206222/Z/17/Z,Sir Henry Dale Fellowship,Career Development (or equivalent)
206224/Z/17/Z,Sir Henry Dale Fellowship,Career Development (or equivalent)
206225/Z/17/Z,Sir Henry Dale Fellowship,Career Development (or equivalent)
206234/Z/17/Z,Sir Henry Dale Fellowship,Career Development (or equivalent)
206242/Z/17/Z,Sir Henry Dale Fellowship,Career Development (or equivalent)
206245/A/17/Z,Sanger Resource Collaboration,Directed
206245/Z/17/Z,Sir Henry Dale Fellowship,Career Development (or equivalent)
206246/Z/17/A,Sir Henry Dale Fellowship Extension,Career Development (or equivalent)
206246/Z/17/Z,Sir Henry Dale Fellowship,Career Development (or equivalent)
206248/Z/17/A,Sir Henry Dale Fellowship Extension,Career Development (or equivalent)
206248/Z/17/Z,Sir Henry Dale Fellowship,Career Development (or equivalent)
206250/Z/17/Z,Sir Henry Dale Fellowship,Career Development (or equivalent)
206257/Z/17/Z,Sir Henry Dale Fellowship,Career Development (or equivalent)
206271/Z/17/Z,Research Resources Award,Directed
206272/Z/17/Z,Research Resources Bursaries,Other
206275/B/17/Z,Collaborative Award in Science,Discovery Awards (or equivalent)
206275/Z/17/A,Research Enrichment - Public Engagement,Other
206275/Z/17/Z,Collaborative Award in Science,Discovery Awards (or equivalent)
206279/Z/17/Z,Investigator Award in Science,Discovery Awards (or equivalent)
206284/Z/17/Z,Collaborative Award in Science,Discovery Awards (or equivalent)
206291/C/17/Z,Sanger Resource Collaboration,Directed
206291/Z/17/Z,Collaborative Award in Science,Discovery Awards (or equivalent)
206292/C/17/Z,Collaborative Award in Science,Discovery Awards (or equivalent)
206292/D/17/Z,Collaborative Award in Science,Discovery Awards (or equivalent)
206292/E/17/Z,Collaborative Award in Science,Discovery Awards (or equivalent)
206292/Z/17/Z,Collaborative Award in Science,Discovery Awards (or equivalent)
206293/Z/17/Z,Collaborative Award in Science,Discovery Awards (or equivalent)
206296/Z/17/A,Research Enrichment - Public Engagement,Other
206296/Z/17/Z,Collaborative Award in Science,Discovery Awards (or equivalent)
206298/A/17/Z,Collaborative Award in Science,Discovery Awards (or equivalent)
206298/B/17/Z,Collaborative Award in Science,Discovery Awards (or equivalent)
206298/Z/17/Z,Collaborative Award in Science,Discovery Awards (or equivalent)
206314/Z/17/Z,Senior Research Fellowship Clinical,Discovery Awards (or equivalent)
206315/Z/17/Z,Investigator Award in Science,Discovery Awards (or equivalent)
206316/Z/17/A,Research Enrichment - Public Engagement,Other
206316/Z/17/Z,Senior Research Fellowship Clinical,Discovery Awards (or equivalent)
206321/Z/17/Z,Research Resources Scoping Award,Other
206328/Z/17/Z,Investigator Award in Science,Discovery Awards (or equivalent)
206330/Z/17/Z,Principal Research Fellowship Renewal,Discovery Awards (or equivalent)
206331/Z/17/Z,Investigator Award in Science,Discovery Awards (or equivalent)
206341/Z/17/Z,Investigator Award in Science,Discovery Awards (or equivalent)
206343/Z/17/Z,Investigator Award in Science,Discovery Awards (or equivalent)
206346/Z/17/Z,Senior Research Fellowship Basic,Discovery Awards (or equivalent)
206367/Z/17/Z,Investigator Award in Science,Discovery Awards (or equivalent)
206368/Z/17/Z,Investigator Award in Science,Discovery Awards (or equivalent)
206369/Z/17/Z,Investigator Award in Science,Discovery Awards (or equivalent)
206377/Z/17/Z,Senior Research Fellowship Basic Renewal,Discovery Awards (or equivalent)
206379/A/17/Z,Residual Award,Other
206379/Z/17/Z,Senior Research Fellowship in PH&TM,Discovery Awards (or equivalent)
206388/B/17/Z,Sanger Resource Collaboration,Directed
206388/Z/17/Z,Investigator Award in Science,Discovery Awards (or equivalent)
206394/B/17/Z,Sanger Resource Collaboration,Directed
206394/C/17/Z,Investigator Award in Science,Discovery Awards (or equivalent)
206394/Z/17/Z,Investigator Award in Science,Discovery Awards (or equivalent)
206401/Z/17/Z,Investigator Award in Science,Discovery Awards (or equivalent)
206405/Z/17/Z,Investigator Award in Science,Discovery Awards (or equivalent)
206409/Z/17/Z,Investigator Award in Science,Discovery Awards (or equivalent)
206410/B/17/Z,International Recruitment Supplement,Other
206410/Z/17/Z,Investigator Award in Science,Discovery Awards (or equivalent)
206411/B/17/Z,International Recruitment Supplement,Other
206411/Z/17/Z,Investigator Award in Science,Discovery Awards (or equivalent)
206412/A/17/Z,Senior Research Fellowship Basic,Discovery Awards (or equivalent)
206412/Z/17/Z,Senior Research Fellowship Basic,Discovery Awards (or equivalent)
206413/B/17/Z,Investigator Award in Science,Discovery Awards (or equivalent)
206413/Z/17/Z,Investigator Award in Science,Discovery Awards (or equivalent)
206417/Z/17/Z,Senior Research Fellowship Clinical Renewal,Discovery Awards (or equivalent)
206422/Z/17/Z,Investigator Award in Science,Discovery Awards (or equivalent)
206439/A/17/Z,Residual Award,Other
206439/Z/17/Z,Investigator Award in Science,Discovery Awards (or equivalent)
206440/Z/17/Z,PhD Training Fellowship for Clinicians,Early Career (or equivalent)
206441/Z/17/Z,PhD Training Fellowship for Clinicians,Early Career (or equivalent)
206444/Z/17/B,Research Enrichment - Public Engagement,Other
206444/Z/17/Z,Senior Research Fellowship Basic,Discovery Awards (or equivalent)
206452/Z/17/Z,Research Resources Scoping Award,Other
206453/Z/17/Z,Career Re-Entry Fellowship,Early Career (or equivalent)
206455/Z/17/Z,Sir Henry Wellcome Postdoctoral Fellowship,Early Career (or equivalent)
206459/Z/17/Z,Sir Henry Wellcome Postdoctoral Fellowship,Early Career (or equivalent)
206460/Z/17/Z,Sir Henry Wellcome Postdoctoral Fellowship,Early Career (or equivalent)
206464/Z/17/Z,Sir Henry Wellcome Postdoctoral Fellowship,Early Career (or equivalent)
206466/Z/17/Z,Sir Henry Wellcome Postdoctoral Fellowship,Early Career (or equivalent)
206470/Z/17/Z,Sir Henry Wellcome Postdoctoral Fellowship,Early Career (or equivalent)
206471/Z/17/Z,Sir Henry Wellcome Postdoctoral Fellowship,Early Career (or equivalent)
206475/Z/17/Z,Sir Henry Wellcome Postdoctoral Fellowship,Early Career (or equivalent)
206478/Z/17/Z,Sir Henry Wellcome Postdoctoral Fellowship,Early Career (or equivalent)
206480/Z/17/Z,Sir Henry Wellcome Postdoctoral Fellowship,Early Career (or equivalent)
206491/Z/17/Z,Sir Henry Wellcome Postdoctoral Fellowship,Early Career (or equivalent)
206492/Z/17/Z,Sir Henry Wellcome Postdoctoral Fellowship,Early Career (or equivalent)
206495/Z/17/Z,Sir Henry Wellcome Postdoctoral Fellowship,Early Career (or equivalent)
206498/Z/17/Z,Career Re-Entry Fellowship,Early Career (or equivalent)
206500/Z/17/Z,Sir Henry Wellcome Postdoctoral Fellowship,Early Career (or equivalent)
206508/Z/17/Z,Sir Henry Wellcome Postdoctoral Fellowship,Early Career (or equivalent)
206515/Z/17/Z,Sir Henry Wellcome Postdoctoral Fellowship,Early Career (or equivalent)
206521/Z/17/Z,Sir Henry Wellcome Postdoctoral Fellowship,Early Career (or equivalent)
206546/Z/17/Z,Research Resources Scoping Award,Other
206566/Z/17/Z,Clinical Research Career Development Fellowship,Career Development (or equivalent)
206575/Z/17/Z,Clinical Research Career Development Fellowship,Career Development (or equivalent)
206579/A/17/Z,Residual Award,Other
206579/Z/17/Z,Sir Henry Dale Fellowship,Career Development (or equivalent)
206585/Z/17/Z,PhD Programme (Clinical),Directed
206587/Z/17/Z,Clinical Research Career Development Fellowship,Career Development (or equivalent)
206589/Z/17/Z,Clinical Research Career Development Fellowship,Career Development (or equivalent)
206602/Z/17/Z,Clinical Research Career Development Fellowship,Career Development (or equivalent)
206617/A/17/Z,Clinical Research Career Development Fellowship,Career Development (or equivalent)
206617/Z/17/A,Clinical Research Career Development Fellowship,Career Development (or equivalent)
206617/Z/17/Z,Clinical Research Career Development Fellowship,Career Development (or equivalent)
206618/Z/17/Z,Clinical Research Career Development Fellowship,Career Development (or equivalent)
206619/Z/17/Z,Clinical Research Career Development Fellowship,Career Development (or equivalent)
206632/Z/17/Z,Clinical Research Career Development Fellowship,Career Development (or equivalent)
206634/Z/17/Z,Clinical Research Career Development Fellowship,Career Development (or equivalent)
206638/B/17/Z,Residual Award,Other
206638/C/17/Z,Residual Award,Other
206638/Z/17/Z,Clinical Research Career Development Fellowship,Career Development (or equivalent)
206648/Z/17/Z,Sir Henry Dale Fellowship,Career Development (or equivalent)
206670/A/17/Z,Sir Henry Dale Fellowship,Career Development (or equivalent)
206670/Z/17/Z,Sir Henry Dale Fellowship,Career Development (or equivalent)
206675/Z/17/Z,Sir Henry Dale Fellowship,Career Development (or equivalent)
206682/Z/17/Z,Sir Henry Dale Fellowship,Career Development (or equivalent)
206684/A/17/Z,Sanger Resource Collaboration,Directed
206684/Z/17/Z,Sir Henry Dale Fellowship,Career Development (or equivalent)
206688/Z/17/Z,Sir Henry Dale Fellowship,Career Development (or equivalent)
206691/Z/17/Z,Sir Henry Dale Fellowship,Career Development (or equivalent)
206708/Z/17/Z,Research Resources Scoping Award,Other
206724/Z/17/Z,International Intermediate Fellowship,Career Development (or equivalent)
206736/Z/17/A,Provision for Public Engagement,Other
206736/Z/17/Z,International Training Fellowship,Early Career (or equivalent)
206742/Z/17/Z,International Training Fellowship,Early Career (or equivalent)
206751/A/17/Z,International Intermediate Fellowship,Career Development (or equivalent)
206751/Z/17/Z,International Intermediate Fellowship,Career Development (or equivalent)
206757/Z/17/Z,International Training Fellowship,Early Career (or equivalent)
206764/Z/17/A,Research Enrichment - Public Engagement,Other
206764/Z/17/Z,International Training Fellowship,Early Career (or equivalent)
206815/Z/17/Z,Collaborative Award in Science,Discovery Awards (or equivalent)
206853/Z/17/Z,Collaborative Award in Science,Discovery Awards (or equivalent)
206854/Z/17/Z,Collaborative Award in Science,Discovery Awards (or equivalent)
207415/B/17/Z,Sanger Resource Collaboration,Directed
207415/C/17/Z,Senior Research Fellowship Basic Renewal,Discovery Awards (or equivalent)
207415/Z/17/Z,Senior Research Fellowship Basic Renewal,Discovery Awards (or equivalent)
207430/Z/17/A,Research Enrichment - Diversity and Inclusion,Other
207430/Z/17/Z,Senior Research Fellowship Basic,Discovery Awards (or equivalent)
207442/Z/17/Z,Senior Research Fellowship Basic Renewal,Discovery Awards (or equivalent)
207446/Z/17/Z,Investigator Award in Science,Discovery Awards (or equivalent)
207455/Z/17/Z,Principal Research Fellowship Renewal,Discovery Awards (or equivalent)
207457/Z/17/A,Provision for Public Engagement,Other
207457/Z/17/Z,Senior Research Fellowship Basic,Discovery Awards (or equivalent)
207462/Z/17/A,Provision for Public Engagement,Other
207462/Z/17/Z,Principal Research Fellowship (New),Discovery Awards (or equivalent)
207467/Z/17/Z,Investigator Award in Science,Discovery Awards (or equivalent)
207472/Z/17/Z,Senior Research Fellowship Clinical Renewal,Discovery Awards (or equivalent)
207477/Z/17/Z,Investigator Award in Science,Discovery Awards (or equivalent)
207481/Z/17/Z,Investigator Award in Science,Discovery Awards (or equivalent)
207483/Z/17/Z,Senior Research Fellowship Basic,Discovery Awards (or equivalent)
207486/Z/17/Z,Investigator Award in Science,Discovery Awards (or equivalent)
207487/A/17/Z,Residual Award,Other
207487/B/17/Z,Investigator Award in Science,Discovery Awards (or equivalent)
207487/C/17/Z,Investigator Award in Science,Discovery Awards (or equivalent)
207491/Z/17/Z,Senior Research Fellowship Basic,Discovery Awards (or equivalent)
207492/A/17/Z,Sanger Resource Collaboration,Directed
207492/Z/17/Z,Investigator Award in Science,Discovery Awards (or equivalent)
207496/Z/17/A,Research Enrichment - Public Engagement,Other
207496/Z/17/Z,Principal Research Fellowship Renewal,Discovery Awards (or equivalent)
207498/Z/17/A,Provision for Public Engagement,Other
207498/Z/17/Z,Senior Research Fellowship Basic Renewal,Discovery Awards (or equivalent)
207503/Z/17/Z,Senior Research Fellowship Basic Renewal,Discovery Awards (or equivalent)
207504/B/17/Z,Investigator Award in Science,Discovery Awards (or equivalent)
207504/Z/17/A,Provision for Public Engagement,Other
207504/Z/17/Z,Investigator Award in Science,Discovery Awards (or equivalent)
207507/Z/17/Z,Senior Research Fellowship Basic,Discovery Awards (or equivalent)
207510/Z/17/Z,Investigator Award in Science,Discovery Awards (or equivalent)
207511/Z/17/Z,Investigator Award in Science,Discovery Awards (or equivalent)
207522/Z/17/Z,Senior Research Fellowship Clinical Renewal,Discovery Awards (or equivalent)
207547/Z/17/Z,Senior Research Fellowship Basic Renewal,Discovery Awards (or equivalent)
207550/Z/17/Z,Investigator Award in Science,Discovery Awards (or equivalent)
207553/Z/17/Z,Investigator Award in Science,Discovery Awards (or equivalent)
207556/Z/17/A,Provision for Public Engagement,Other
207556/Z/17/Z,Investigator Award in Science,Discovery Awards (or equivalent)
207569/Z/17/Z,Senior Research Fellowship Basic,Discovery Awards (or equivalent)
207726/Z/17/Z,Seed Award in Science,Discovery Awards (or equivalent)
207769/A/17/Z,Seed Award in Science,Discovery Awards (or equivalent)
207769/Z/17/Z,Seed Award in Science,Discovery Awards (or equivalent)
207797/Z/17/Z,Seed Award in Science,Discovery Awards (or equivalent)
207799/Z/17/Z,Seed Award in Science,Discovery Awards (or equivalent)
207863/Z/17/B,Research Enrichment - Diversity and Inclusion,Other
207863/Z/17/Z,Investigator Award in H&SS,Discovery Awards (or equivalent)
207878/Z/17/Z,Seed Award in H&SS,Discovery Awards (or equivalent)
208003/A/17/Z,Residual Award,Other
208003/Z/17/Z,Research Fellowship in H&SS,Discovery Awards (or equivalent)
208013/Z/17/Z,Collaborative Award in H&SS,Discovery Awards (or equivalent)
208015/Z/17/Z,PhD Studentship in H&SS,Other
208015/Z/22/A,Open Access for Terminated Award,Other
208045/A/17/Z,Collaborative Award in H&SS,Discovery Awards (or equivalent)
208045/B/17/Z,Collaborative Award in H&SS,Discovery Awards (or equivalent)
208045/C/17/Z,Collaborative Award in H&SS,Discovery Awards (or equivalent)
208045/D/17/Z,Collaborative Award in H&SS,Discovery Awards (or equivalent)
208045/Z/17/Z,Collaborative Award in H&SS,Discovery Awards (or equivalent)
208053/A/17/Z,Collaborative Award in H&SS,Discovery Awards (or equivalent)
208053/B/17/Z,Collaborative Award in H&SS,Discovery Awards (or equivalent)
208053/Z/17/Z,Collaborative Award in H&SS,Discovery Awards (or equivalent)
208075/Z/17/Z,Research Fellowship in H&SS,Discovery Awards (or equivalent)
208075/Z/22/A,Open Access for Terminated Award,Other
208080/Z/17/Z,Investigator Award in H&SS,Discovery Awards (or equivalent)
208090/Z/17/Z,Investigator Award in H&SS,Discovery Awards (or equivalent)
208116/Z/17/Z,Research Fellowship for Health Professionals in H&SS,Early Career (or equivalent)
208129/Z/17/Z,Research Fellowship for Health Professionals in H&SS,Early Career (or equivalent)
208155/Z/17/Z,PhD Studentship in H&SS,Other
208162/Z/17/Z,PhD Studentship in H&SS,Other
208166/Z/17/Z,PhD Studentship in H&SS,Other
208189/Z/17/Z,Research Fellowship in H&SS,Discovery Awards (or equivalent)
208193/Z/17/Z,PhD Studentship in H&SS,Other
208198/A/17/Z,Residual Award,Other
208198/Z/17/Z,Research Fellowship in H&SS,Discovery Awards (or equivalent)
208213/Z/17/Z,University Award in H&SS,Career Development (or equivalent)
208235/Z/17/Z,PhD Studentship in H&SS,Other
208245/Z/17/Z,PhD Studentship in H&SS,Other
208267/Z/17/Z,International Masters Fellowship,Early Career (or equivalent)
208269/Z/17/Z,Research Resources Bursaries,Other
208276/Z/17/Z,Multi-User Equipment Grant,Directed
208283/Z/17/Z,International Masters Fellowship,Early Career (or equivalent)
208291/Z/17/Z,Biomedical Resources Grant,Directed
208333/Z/17/Z,Research Resources Bursaries,Other
208333/Z/21/A,Open Access for Terminated Award,Other
208334/Z/17/Z,Multi-User Equipment Grant,Directed
208340/Z/17/Z,Multi-User Equipment Grant,Directed
208341/Z/17/Z,Research Resources Bursaries,Other
208342/Z/17/Z,Research Resources Bursaries,Other
208345/Z/17/Z,Multi-User Equipment Grant,Directed
208348/Z/17/Z,Multi-User Equipment Grant,Directed
208349/Z/17/Z,Biomedical Resources Grant,Directed
208354/Z/17/Z,Multi-User Equipment Grant,Directed
208361/A/17/Z,Technology Development Grant,Discovery Awards (or equivalent)
208361/Z/17/Z,Technology Development Grant,Discovery Awards (or equivalent)
208363/A/17/Z,Strategic Support: Science,Directed
208363/Z/17/A,Strategic Support: Science,Directed
208363/Z/17/Z,Strategic Support: Science,Directed
208366/Z/17/Z,Multi-User Equipment Grant,Directed
208368/Z/17/Z,Technology Development Grant,Discovery Awards (or equivalent)
208373/Z/17/Z,Multi-User Equipment Grant,Directed
208375/A/17/Z,Biomedical Resources Grant,Directed
208375/Z/17/Z,Biomedical Resources Grant,Directed
208376/Z/17/Z,Biomedical Resources Grant,Directed
208377/Z/17/Z,Biomedical Resources Grant,Directed
208378/Z/17/Z,Biomedical Resources Grant,Directed
208379/Z/17/Z,Biomedical Resources Grant,Directed
208381/A/17/Z,Technology Development Grant,Discovery Awards (or equivalent)
208381/Z/17/B,Research Enrichment - Diversity and Inclusion,Other
208381/Z/17/Z,Technology Development Grant,Discovery Awards (or equivalent)
208384/Z/17/Z,Multi-User Equipment Grant,Directed
208385/Z/17/Z,Multi-User Equipment Grant,Directed
208389/Z/17/Z,Multi-User Equipment Grant,Directed
208390/Z/17/Z,Biomedical Resources Grant,Directed
208391/Z/17/Z,Biomedical Resources Grant,Directed
208393/Z/17/Z,Multi-User Equipment Grant,Directed
208395/Z/17/Z,Multi-User Equipment Grant,Directed
208396/Z/17/Z,Biomedical Resources Grant,Directed
208398/Z/17/Z,Technology Development Grant,Discovery Awards (or equivalent)
208400/Z/17/Z,Biomedical Resources Grant,Directed
208402/Z/17/Z,Multi-User Equipment Grant,Directed
208419/Z/17/Z,Research Resources Award,Directed
208433/Z/17/A,Research Enrichment - Public Engagement,Other
208433/Z/17/Z,Research Resources Award,Directed
208438/Z/17/Z,Research Resources Award,Directed
208440/Z/17/Z,Research Resources Award,Directed
208443/Z/17/Z,Research Resources Award,Directed
208450/Z/17/Z,WT/POST Fellowship,Other
208460/Z/17/Z,Seed Award in Science,Discovery Awards (or equivalent)
208465/Z/17/Z,WT/POST Fellowship,Other
208468/A/17/Z,International Research Scholar Award,Early Career (or equivalent)
208468/Z/17/Z,International Research Scholar Award,Early Career (or equivalent)
208520/Z/17/Z,WT/POST Fellowship,Other
208523/Z/17/Z,WT/POST Fellowship,Other
208524/Z/17/Z,WT/POST Fellowship,Other
208565/A/17/Z,International Research Scholar Award,Early Career (or equivalent)
208565/Z/17/Z,International Research Scholar Award,Early Career (or equivalent)
208568/Z/17/Z,International Research Scholar Award,Early Career (or equivalent)
208576/A/17/Z,International Research Scholar Award,Early Career (or equivalent)
208576/Z/17/Z,International Research Scholar Award,Early Career (or equivalent)
208581/Z/17/Z,International Research Scholar Award,Early Career (or equivalent)
208604/Z/17/Z,International Research Scholar Award,Early Career (or equivalent)
208607/A/17/Z,International Research Scholar Award,Early Career (or equivalent)
208607/Z/17/Z,International Research Scholar Award,Early Career (or equivalent)
208693/Z/17/Z,International Research Scholar Award,Early Career (or equivalent)
208694/Z/17/Z,International Research Scholar Award,Early Career (or equivalent)
208710/Z/17/Z,International Research Scholar Award,Early Career (or equivalent)
208746/Z/17/Z,Research Resources Scoping Award,Other
208750/Z/17/Z,Sir Henry Dale Fellowship,Career Development (or equivalent)
208758/Z/17/Z,Sir Henry Dale Fellowship,Career Development (or equivalent)
208762/Z/17/Z,Sir Henry Dale Fellowship,Career Development (or equivalent)
208765/Z/17/Z,Sir Henry Dale Fellowship,Career Development (or equivalent)
208779/Z/17/Z,Sir Henry Dale Fellowship,Career Development (or equivalent)
208780/Z/17/Z,Sir Henry Dale Fellowship,Career Development (or equivalent)
208789/Z/17/Z,Sir Henry Dale Fellowship,Career Development (or equivalent)
208790/Z/17/Z,Sir Henry Dale Fellowship,Career Development (or equivalent)
208801/Z/17/Z,Sir Henry Dale Fellowship,Career Development (or equivalent)
208806/Z/17/Z,Sir Henry Dale Fellowship,Career Development (or equivalent)
208812/Z/17/C,Sanger Resource Collaboration,Directed
208812/Z/17/Z,Sir Henry Dale Fellowship,Career Development (or equivalent)
208833/Z/17/A,Sir Henry Dale Fellowship,Career Development (or equivalent)
208833/Z/17/Z,Sir Henry Dale Fellowship,Career Development (or equivalent)
208881/Z/17/Z,Seed Award in Science,Discovery Awards (or equivalent)
208908/Z/17/Z,Seed Award in Science,Discovery Awards (or equivalent)
208913/Z/17/Z,Seed Award in Science,Discovery Awards (or equivalent)
208925/Z/17/Z,Seed Award in Science,Discovery Awards (or equivalent)
208940/Z/17/Z,Seed Award in Science,Discovery Awards (or equivalent)
208992/Z/17/Z,Seed Award in Science,Discovery Awards (or equivalent)
209023/Z/17/Z,Seed Award in Science,Discovery Awards (or equivalent)
209059/Z/17/Z,Seed Award in Science,Discovery Awards (or equivalent)
209108/A/17/Z,Sir Henry Wellcome Postdoctoral Fellowship,Early Career (or equivalent)
209108/Z/17/Z,Sir Henry Wellcome Postdoctoral Fellowship,Early Career (or equivalent)
209120/Z/17/Z,Sir Henry Wellcome Postdoctoral Fellowship,Early Career (or equivalent)
209121/Z/17/Z,Sir Henry Wellcome Postdoctoral Fellowship,Early Career (or equivalent)
209127/A/17/Z,Sir Henry Wellcome Postdoctoral Fellowship,Early Career (or equivalent)
209127/Z/17/Z,Sir Henry Wellcome Postdoctoral Fellowship,Early Career (or equivalent)
209138/Z/17/Z,Sir Henry Wellcome Postdoctoral Fellowship,Early Career (or equivalent)
209139/Z/17/Z,Sir Henry Wellcome Postdoctoral Fellowship,Early Career (or equivalent)
209155/A/17/Z,Sir Henry Wellcome Postdoctoral Fellowship,Early Career (or equivalent)
209155/Z/17/Z,Sir Henry Wellcome Postdoctoral Fellowship,Early Career (or equivalent)
209164/Z/17/Z,Sir Henry Wellcome Postdoctoral Fellowship,Early Career (or equivalent)
209171/Z/17/Z,Sir Henry Wellcome Postdoctoral Fellowship,Early Career (or equivalent)
209173/Z/17/Z,Sir Henry Wellcome Postdoctoral Fellowship,Early Career (or equivalent)
209176/A/17/Z,Career Re-Entry Fellowship,Early Career (or equivalent)
209176/Z/17/Z,Career Re-Entry Fellowship,Early Career (or equivalent)
209181/Z/17/Z,Sir Henry Wellcome Postdoctoral Fellowship,Early Career (or equivalent)
209186/Z/17/Z,Sir Henry Wellcome Postdoctoral Fellowship,Early Career (or equivalent)
209192/Z/17/Z,Sir Henry Wellcome Postdoctoral Fellowship,Early Career (or equivalent)
209194/A/17/Z,Collaborative Award in Science,Discovery Awards (or equivalent)
209194/Z/17/Z,Collaborative Award in Science,Discovery Awards (or equivalent)
209196/Z/17/Z,Sir Henry Wellcome Postdoctoral Fellowship,Early Career (or equivalent)
209198/Z/17/Z,Sir Henry Wellcome Postdoctoral Fellowship,Early Career (or equivalent)
209199/Z/17/Z,Sir Henry Wellcome Postdoctoral Fellowship,Early Career (or equivalent)
209200/Z/17/Z,Sir Henry Wellcome Postdoctoral Fellowship,Early Career (or equivalent)
209207/Z/17/Z,Career Re-Entry Fellowship,Early Career (or equivalent)
209209/Z/17/Z,Sir Henry Wellcome Postdoctoral Fellowship,Early Career (or equivalent)
209213/Z/17/Z,Collaborative Award in Science,Discovery Awards (or equivalent)
209220/Z/17/Z,Senior Research Fellowship Clinical Renewal,Discovery Awards (or equivalent)
209222/Z/17/Z,Collaborative Award in Science,Discovery Awards (or equivalent)
209233/Z/17/Z,Collaborative Award in Science,Discovery Awards (or equivalent)
209235/Z/17/Z,Collaborative Award in Science,Discovery Awards (or equivalent)
209243/Z/17/Z,Collaborative Award in Science,Discovery Awards (or equivalent)
209250/A/17/Z,Collaborative Award in Science,Discovery Awards (or equivalent)
209250/B/17/Z,Collaborative Award in Science,Discovery Awards (or equivalent)
209250/C/17/Z,Collaborative Award in Science,Discovery Awards (or equivalent)
209250/D/17/Z,Collaborative Award in Science,Discovery Awards (or equivalent)
209250/E/17/Z,Collaborative Award in Science,Discovery Awards (or equivalent)
209250/Z/17/Z,Collaborative Award in Science,Discovery Awards (or equivalent)
209265/Z/17/Z,Collaborative Award in Science,Discovery Awards (or equivalent)
209289/A/17/Z,Sanger Resource Collaboration,Directed
209289/Z/17/Z,International Intermediate Fellowship,Career Development (or equivalent)
209293/Z/17/Z,International Intermediate Fellowship,Career Development (or equivalent)
209294/Z/17/Z,International Training Fellowship,Early Career (or equivalent)
209305/Z/17/Z,International Training Fellowship,Early Career (or equivalent)
209327/Z/17/Z,Investigator Award in Science,Discovery Awards (or equivalent)
209328/Z/17/Z,Senior Research Fellowship Clinical Renewal,Discovery Awards (or equivalent)
209344/Z/17/Z,International Training Fellowship,Early Career (or equivalent)
209347/Z/17/Z,Investigator Award in Science,Discovery Awards (or equivalent)
209368/Z/17/Z,Investigator Award in Science,Discovery Awards (or equivalent)
209380/Z/17/Z,Investigator Award in Science,Discovery Awards (or equivalent)
209397/Z/17/Z,Investigator Award in Science,Discovery Awards (or equivalent)
209400/Z/17/Z,Investigator Award in Science,Discovery Awards (or equivalent)
209407/Z/17/Z,Principal Research Fellowship Renewal,Discovery Awards (or equivalent)
209409/Z/17/Z,Senior Research Fellowship Basic,Discovery Awards (or equivalent)
209411/Z/17/Z,Investigator Award in Science,Discovery Awards (or equivalent)
209412/Z/17/Z,Investigator Award in Science,Discovery Awards (or equivalent)
209422/Z/17/Z,Investigator Award in Science,Discovery Awards (or equivalent)
209437/A/17/Z,Investigator Award in Science,Discovery Awards (or equivalent)
209437/Z/17/Z,Investigator Award in Science,Discovery Awards (or equivalent)
209441/Z/17/Z,Investigator Award in Science,Discovery Awards (or equivalent)
209450/Z/17/A,Research Enrichment - Public Engagement,Other
209450/Z/17/Z,Senior Research Fellowship Basic,Discovery Awards (or equivalent)
209451/Z/17/Z,Investigator Award in Science,Discovery Awards (or equivalent)
209453/Z/17/Z,Investigator Award in Science,Discovery Awards (or equivalent)
209458/A/17/Z,Sanger Resource Collaboration,Directed
209458/Z/17/Z,Senior Research Fellowship Basic,Discovery Awards (or equivalent)
209470/Z/17/Z,Investigator Award in Science,Discovery Awards (or equivalent)
209475/Z/17/Z,Investigator Award in Science,Discovery Awards (or equivalent)
209504/A/17/Z,Investigator Award in Science,Discovery Awards (or equivalent)
209504/Z/17/Z,Investigator Award in Science,Discovery Awards (or equivalent)
209511/Z/17/Z,Senior Research Fellowship Basic Renewal,Discovery Awards (or equivalent)
209513/Z/17/A,Wellcome Trust Centres Extension,Directed
209513/Z/17/Z,Strategic Support: C&S,Directed
209519/Z/17/A,Wellcome Trust Centres Extension,Directed
209519/Z/17/Z,Strategic Support: C&S,Directed
209553/Z/17/Z,Clinical Research Career Development Fellowship,Career Development (or equivalent)
209560/Z/17/Z,Clinical Research Career Development Fellowship,Career Development (or equivalent)
209562/Z/17/Z,Clinical Research Career Development Fellowship,Career Development (or equivalent)
209568/Z/17/Z,Clinical Research Career Development Fellowship,Career Development (or equivalent)
209581/Z/17/Z,Clinical Research Career Development Fellowship,Career Development (or equivalent)
209583/Z/17/A,Research Enrichment - Public Engagement,Other
209583/Z/17/Z,Clinical Research Career Development Fellowship,Career Development (or equivalent)
209589/Z/17/Z,Clinical Research Career Development Fellowship,Career Development (or equivalent)
209593/Z/17/Z,Clinical Research Career Development Fellowship,Career Development (or equivalent)
209640/Z/17/Z,International Masters Fellowship,Early Career (or equivalent)
209649/A/17/Z,International Masters Fellowship,Early Career (or equivalent)
209649/Z/17/Z,International Masters Fellowship,Early Career (or equivalent)
209726/Z/17/Z,Research Fellowship in H&SS,Discovery Awards (or equivalent)
209795/Z/17/Z,Collaborative Award in H&SS,Discovery Awards (or equivalent)
209795/Z/21/A,Research Enrichment - Public Engagement,Other
209811/Z/17/Z,Collaborative Award in H&SS,Discovery Awards (or equivalent)
209818/A/17/Z,Collaborative Award in H&SS,Discovery Awards (or equivalent)
209818/B/17/Z,Collaborative Award in H&SS,Discovery Awards (or equivalent)
209818/C/17/Z,Collaborative Award in H&SS,Discovery Awards (or equivalent)
209818/D/17/Z,Collaborative Award in H&SS,Discovery Awards (or equivalent)
209818/E/17/Z,Collaborative Award in H&SS,Discovery Awards (or equivalent)
209818/F/17/Z,Collaborative Award in H&SS,Discovery Awards (or equivalent)
209818/Z/17/A,Research Enrichment - Public Engagement,Other
209818/Z/17/Z,Collaborative Award in H&SS,Discovery Awards (or equivalent)
209829/Z/17/Z,Collaborative Award in H&SS,Discovery Awards (or equivalent)
209830/Z/17/Z,Investigator Award in H&SS,Discovery Awards (or equivalent)
209835/Z/17/Z,University Award in H&SS,Career Development (or equivalent)
209841/Z/17/Z,Collaborative Award in H&SS,Discovery Awards (or equivalent)
209842/Z/17/A,Research Enrichment - Public Engagement,Other
209842/Z/17/Z,Investigator Award in H&SS,Discovery Awards (or equivalent)
209868/Z/17/Z,Research Fellowship in H&SS,Discovery Awards (or equivalent)
209869/Z/17/A,Research Enrichment - Public Engagement,Other
209869/Z/17/B,Research Enrichment - Diversity and Inclusion,Other
209869/Z/17/Z,Research Fellowship in H&SS,Discovery Awards (or equivalent)
209876/Z/17/Z,PhD Training Fellowship for Clinicians,Early Career (or equivalent)
209879/Z/17/Z,PhD Training Fellowship for Clinicians,Early Career (or equivalent)
209882/Z/17/Z,Discretionary Award – Science,Directed
209884/Z/17/A,Research Enrichment - Public Engagement,Other
209884/Z/17/Z,Research Fellowship in H&SS,Discovery Awards (or equivalent)
209884/Z/22/B,Open Access for Terminated Award,Other
209910/Z/17/Z,Research Fellowship in H&SS,Discovery Awards (or equivalent)
209911/Z/17/Z,University Award in H&SS,Career Development (or equivalent)
209912/Z/17/Z,Research Fellowship in H&SS,Discovery Awards (or equivalent)
209915/Z/17/Z,Research Fellowship in H&SS,Discovery Awards (or equivalent)
209916/Z/17/Z,PhD Training Fellowship for Clinicians,Early Career (or equivalent)
209943/Z/17/Z,Seed Award in Science,Discovery Awards (or equivalent)
209998/Z/17/Z,Seed Award in Science,Discovery Awards (or equivalent)
210077/Z/17/Z,Seed Award in Science,Discovery Awards (or equivalent)
210101/A/18/Z,Sanger Resource Collaboration,Directed
210101/Z/18/Z,Seed Award in Science,Discovery Awards (or equivalent)
210109/Z/18/Z,Seed Award in Science,Discovery Awards (or equivalent)
210182/Z/18/Z,Seed Award in Science,Discovery Awards (or equivalent)
210183/Z/18/Z,Seed Award in Science,Discovery Awards (or equivalent)
210193/Z/18/Z,Seed Award in Science,Discovery Awards (or equivalent)
210211/Z/18/Z,Seed Award in Science,Discovery Awards (or equivalent)
210219/Z/18/Z,Seed Award in Science,Discovery Awards (or equivalent)
210273/Z/18/Z,Seed Award in H&SS,Discovery Awards (or equivalent)
210281/Z/18/Z,Research Resources Bursaries,Other
210285/Z/18/Z,Research Resources Bursaries,Other
210286/Z/18/Z,Research Resources Bursaries,Other
210293/Z/18/Z,Research Resources Bursaries,Other
210343/Z/18/Z,Seed Award in H&SS,Discovery Awards (or equivalent)
210363/Z/18/Z,Seed Award in Science,Discovery Awards (or equivalent)
210373/Z/18/Z,Research Resources Bursaries,Other
210381/Z/18/A,Research Resources Bursaries,Other
210381/Z/18/Z,Research Resources Bursaries,Other
210395/Z/18/Z,Research Resources Scoping Award,Other
210396/Z/18/Z,Research Resources Bursaries,Other
210407/Z/18/Z,Research Resources Award,Directed
210421/Z/18/Z,Research Resources Award,Directed
210424/Z/18/Z,Sir Henry Dale Fellowship,Career Development (or equivalent)
210436/Z/18/Z,Research Resources Award,Directed
210439/Z/18/Z,Research Resources Award,Directed
210444/Z/18/Z,Research Resources Award,Directed
210445/Z/18/Z,Research Resources Award,Directed
210447/Z/18/Z,Research Resources Award,Directed
210449/Z/18/Z,Research Resources Award,Directed
210451/Z/18/Z,Research Resources Award,Directed
210462/Z/18/Z,Sir Henry Dale Fellowship,Career Development (or equivalent)
210464/Z/18/Z,Sir Henry Dale Fellowship,Career Development (or equivalent)
210470/Z/18/Z,Sir Henry Dale Fellowship,Career Development (or equivalent)
210472/Z/18/A,Sir Henry Dale Fellowship,Career Development (or equivalent)
210472/Z/18/Z,Sir Henry Dale Fellowship,Career Development (or equivalent)
210479/Z/18/Z,Sir Henry Dale Fellowship,Career Development (or equivalent)
210481/Z/18/Z,Sir Henry Dale Fellowship,Career Development (or equivalent)
210486/Z/18/Z,Sir Henry Dale Fellowship,Career Development (or equivalent)
210493/Z/18/Z,Sir Henry Dale Fellowship,Career Development (or equivalent)
210525/Z/18/Z,Strategic Support: Science,Directed
210556/Z/18/Z,Investigator Award in Science,Discovery Awards (or equivalent)
210561/Z/18/Z,Collaborative Award in Science,Discovery Awards (or equivalent)
210567/Z/18/Z,Principal Research Fellowship Renewal,Discovery Awards (or equivalent)
210572/Z/18/Z,Collaborative Award in Science,Discovery Awards (or equivalent)
210585/A/18/Z,Collaborative Award in Science,Discovery Awards (or equivalent)
210585/B/18/Z,Collaborative Award in Science,Discovery Awards (or equivalent)
210585/C/18/Z,Collaborative Award in Science,Discovery Awards (or equivalent)
210585/Z/18/Z,Collaborative Award in Science,Discovery Awards (or equivalent)
210630/Z/18/Z,Senior Research Fellowship Basic Renewal,Discovery Awards (or equivalent)
210634/Z/18/Z,Senior Research Fellowship Basic Renewal,Discovery Awards (or equivalent)
210640/Z/18/Z,Senior Research Fellowship Basic,Discovery Awards (or equivalent)
210641/Z/18/Z,Investigator Award in Science,Discovery Awards (or equivalent)
210645/Z/18/Z,Senior Research Fellowship Basic,Discovery Awards (or equivalent)
210654/Z/18/Z,Investigator Award in Science,Discovery Awards (or equivalent)
210658/Z/18/Z,Investigator Award in Science,Discovery Awards (or equivalent)
210659/Z/18/Z,Investigator Award in Science,Discovery Awards (or equivalent)
210661/Z/18/Z,Investigator Award in Science,Discovery Awards (or equivalent)
210662/Z/18/Z,Senior Research Fellowship Basic,Discovery Awards (or equivalent)
210664/A/18/Z,Investigator Award in Science,Discovery Awards (or equivalent)
210664/Z/18/Z,Investigator Award in Science,Discovery Awards (or equivalent)
210671/Z/18/Z,Investigator Award in Science,Discovery Awards (or equivalent)
210684/Z/18/Z,Investigator Award in Science,Discovery Awards (or equivalent)
210688/Z/18/Z,Principal Research Fellowship Renewal,Discovery Awards (or equivalent)
210690/Z/18/Z,Investigator Award in Science,Discovery Awards (or equivalent)
210692/Z/18/Z,Investigator Award in Science,Discovery Awards (or equivalent)
210701/Z/18/Z,Investigator Award in Science,Discovery Awards (or equivalent)
210703/Z/18/Z,Investigator Award in Science,Discovery Awards (or equivalent)
210711/Z/18/Z,Investigator Award in Science,Discovery Awards (or equivalent)
210719/Z/18/Z,Investigator Award in Science,Discovery Awards (or equivalent)
210722/Z/18/Z,Investigator Award in Science,Discovery Awards (or equivalent)
210734/Z/18/Z,Investigator Award in Science,Discovery Awards (or equivalent)
210735/A/18/Z,Investigator Award in Science,Discovery Awards (or equivalent)
210742/Z/18/Z,Investigator Award in Science,Discovery Awards (or equivalent)
210752/Z/18/Z,Senior Research Fellowship Clinical Renewal,Discovery Awards (or equivalent)
210753/Z/18/Z,Senior Research Fellowship Clinical Renewal,Discovery Awards (or equivalent)
210754/A/18/Z,Sanger Resource Collaboration,Directed
210754/B/18/Z,Residual Award,Other
210754/Z/18/Z,Investigator Award in Science,Discovery Awards (or equivalent)
210755/Z/18/Z,Investigator Award in Science,Discovery Awards (or equivalent)
210757/Z/18/Z,Investigator Award in Science,Discovery Awards (or equivalent)
210758/Z/18/Z,Senior Research Fellowship Basic,Discovery Awards (or equivalent)
210772/Z/18/Z,PhD Training Fellowship for Clinicians,Early Career (or equivalent)
210793/Z/18/Z,PhD Training Fellowship for Clinicians,Early Career (or equivalent)
210807/Z/18/Z,PhD Training Fellowship for Clinicians,Early Career (or equivalent)
210830/Z/18/Z,PhD Training Fellowship for Clinicians,Early Career (or equivalent)
210842/Z/18/Z,Sir Henry Wellcome Postdoctoral Fellowship,Early Career (or equivalent)
210849/A/18/Z,Sir Henry Wellcome Postdoctoral Fellowship,Early Career (or equivalent)
210849/Z/18/Z,Sir Henry Wellcome Postdoctoral Fellowship,Early Career (or equivalent)
210861/Z/18/Z,Sir Henry Wellcome Postdoctoral Fellowship,Early Career (or equivalent)
210887/Z/18/Z,Sir Henry Wellcome Postdoctoral Fellowship,Early Career (or equivalent)
210890/Z/18/Z,Sir Henry Wellcome Postdoctoral Fellowship,Early Career (or equivalent)
210894/Z/18/Z,Sir Henry Wellcome Postdoctoral Fellowship,Early Career (or equivalent)
210904/Z/18/Z,Sir Henry Wellcome Postdoctoral Fellowship,Early Career (or equivalent)
210910/Z/18/Z,Sir Henry Wellcome Postdoctoral Fellowship,Early Career (or equivalent)
210911/Z/18/Z,Career Re-Entry Fellowship,Early Career (or equivalent)
210912/Z/18/Z,Sir Henry Wellcome Postdoctoral Fellowship,Early Career (or equivalent)
210913/Z/18/Z,Sir Henry Wellcome Postdoctoral Fellowship,Early Career (or equivalent)
210918/Z/18/Z,Sir Henry Wellcome Postdoctoral Fellowship,Early Career (or equivalent)
210920/A/18/Z,Career Re-Entry Fellowship,Early Career (or equivalent)
210920/Z/18/Z,Career Re-Entry Fellowship,Early Career (or equivalent)
210924/A/18/Z,Sir Henry Wellcome Postdoctoral Fellowship,Early Career (or equivalent)
210924/Z/18/Z,Sir Henry Wellcome Postdoctoral Fellowship,Early Career (or equivalent)
210926/Z/18/Z,Sir Henry Wellcome Postdoctoral Fellowship,Early Career (or equivalent)
210987/A/18/Z,Career Re-Entry Fellowship,Early Career (or equivalent)
210987/Z/18/Z,Career Re-Entry Fellowship,Early Career (or equivalent)
211005/Z/18/Z,PhD Training Fellowship for Clinicians,Early Career (or equivalent)
211022/Z/18/Z,PhD Training Fellowship for Clinicians,Early Career (or equivalent)
211023/Z/18/Z,PhD Training Fellowship for Clinicians,Early Career (or equivalent)
211024/Z/18/Z,PhD Training Fellowship for Clinicians,Early Career (or equivalent)
211025/Z/18/Z,PhD Training Fellowship for Clinicians,Early Career (or equivalent)
211029/Z/18/Z,PhD Training Fellowship for Clinicians,Early Career (or equivalent)
211030/Z/18/Z,PhD Training Fellowship for Clinicians,Early Career (or equivalent)
211033/Z/18/Z,PhD Training Fellowship for Clinicians,Early Career (or equivalent)
211042/Z/18/Z,PhD Training Fellowship for Clinicians,Early Career (or equivalent)
211050/Z/18/A,Clinical Research Career Development Fellowship,Career Development (or equivalent)
211050/Z/18/Z,Clinical Research Career Development Fellowship,Career Development (or equivalent)
211059/Z/18/Z,PhD Training Fellowship for Clinicians,Early Career (or equivalent)
211072/Z/18/Z,Clinical Research Career Development Fellowship,Career Development (or equivalent)
211075/Z/18/Z,Sir Henry Dale Fellowship,Career Development (or equivalent)
211078/Z/18/Z,PhD Training Fellowship for Clinicians,Early Career (or equivalent)
211080/A/18/Z,Residual Award,Other
211080/Z/18/Z,Sir Henry Dale Fellowship,Career Development (or equivalent)
211082/Z/18/Z,PhD Training Fellowship for Clinicians,Early Career (or equivalent)
211085/Z/18/Z,Clinical Research Career Development Fellowship,Career Development (or equivalent)
211098/Z/18/Z,Clinical Research Career Development Fellowship,Career Development (or equivalent)
211100/Z/18/Z,Clinical Research Career Development Fellowship,Career Development (or equivalent)
211103/Z/18/Z,PhD Training Fellowship for Clinicians,Early Career (or equivalent)
211112/Z/18/A,Clinical Research Career Development Fellowship,Career Development (or equivalent)
211112/Z/18/Z,Clinical Research Career Development Fellowship,Career Development (or equivalent)
211113/A/18/Z,Clinical Research Career Development Fellowship,Career Development (or equivalent)
211113/Z/18/Z,Clinical Research Career Development Fellowship,Career Development (or equivalent)
211122/Z/18/Z,Clinical Research Career Development Fellowship,Career Development (or equivalent)
211123/Z/18/Z,PhD Training Fellowship for Clinicians,Early Career (or equivalent)
211138/A/18/Z,Residual Award,Other
211138/Z/18/Z,Clinical Research Career Development Fellowship,Career Development (or equivalent)
211141/Z/18/Z,PhD Training Fellowship for Clinicians,Early Career (or equivalent)
211143/Z/18/Z,PhD Training Fellowship for Clinicians,Early Career (or equivalent)
211144/Z/18/Z,PhD Training Fellowship for Clinicians,Early Career (or equivalent)
211145/Z/18/Z,PhD Training Fellowship for Clinicians,Early Career (or equivalent)
211153/Z/18/Z,Clinical Research Career Development Fellowship,Career Development (or equivalent)
211159/Z/18/Z,PhD Training Fellowship for Clinicians,Early Career (or equivalent)
211160/Z/18/Z,PhD Training Fellowship for Clinicians,Early Career (or equivalent)
211161/Z/18/Z,PhD Training Fellowship for Clinicians,Early Career (or equivalent)
211162/Z/18/Z,PhD Training Fellowship for Clinicians,Early Career (or equivalent)
211163/Z/18/Z,PhD Training Fellowship for Clinicians,Early Career (or equivalent)
211166/Z/18/Z,PhD Training Fellowship for Clinicians,Early Career (or equivalent)
211177/Z/18/Z,PhD Training Fellowship for Clinicians,Early Career (or equivalent)
211178/Z/18/Z,PhD Training Fellowship for Clinicians,Early Career (or equivalent)
211179/Z/18/Z,Sir Henry Dale Fellowship,Career Development (or equivalent)
211180/Z/18/Z,PhD Training Fellowship for Clinicians,Early Career (or equivalent)
211182/Z/18/Z,Sir Henry Dale Fellowship,Career Development (or equivalent)
211186/Z/18/Z,PhD Training Fellowship for Clinicians,Early Career (or equivalent)
211193/Z/18/Z,Sir Henry Dale Fellowship,Career Development (or equivalent)
211200/Z/18/Z,Sir Henry Dale Fellowship,Career Development (or equivalent)
211201/Z/18/A,Research Enrichment - Public Engagement,Other
211201/Z/18/Z,Sir Henry Dale Fellowship,Career Development (or equivalent)
211208/Z/18/Z,International Training Fellowship,Early Career (or equivalent)
211209/Z/18/Z,Sir Henry Dale Fellowship,Career Development (or equivalent)
211221/Z/18/Z,Sir Henry Dale Fellowship,Career Development (or equivalent)
211222/Z/18/Z,Sir Henry Dale Fellowship,Career Development (or equivalent)
211227/Z/18/Z,Sir Henry Dale Fellowship,Career Development (or equivalent)
211230/Z/18/Z,Sir Henry Dale Fellowship,Career Development (or equivalent)
211236/Z/18/Z,Sir Henry Dale Fellowship,Career Development (or equivalent)
211241/B/18/Z,Sir Henry Dale Fellowship,Career Development (or equivalent)
211241/Z/18/A,Sir Henry Dale Fellowship,Career Development (or equivalent)
211241/Z/18/Z,Sir Henry Dale Fellowship,Career Development (or equivalent)
211258/Z/18/Z,Sir Henry Dale Fellowship,Career Development (or equivalent)
211276/A/18/Z,Strategic Support: Science,Directed
211276/B/18/Z,Strategic Support: Science,Directed
211276/C/18/Z,Strategic Support: Science,Directed
211276/D/18/Z,Strategic Support: Science,Directed
211276/E/18/Z,Strategic Support: Science,Directed
211276/Z/18/A,Discretionary Award – C&S,Directed
211276/Z/18/Z,Strategic Support: Science,Directed
211282/Z/18/Z,PhD Training Fellowship for Clinicians,Early Career (or equivalent)
211353/Z/18/Z,International Training Fellowship,Early Career (or equivalent)
211355/Z/18/Z,PhD Training Fellowship for Clinicians,Early Career (or equivalent)
211356/Z/18/Z,International Training Fellowship,Early Career (or equivalent)
211360/Z/18/Z,International Intermediate Fellowship,Career Development (or equivalent)
211374/Z/18/Z,International Intermediate Fellowship,Career Development (or equivalent)
211394/Z/18/Z,Discretionary Award - REiAA,Other
211411/Z/18/Z,PhD Training Fellowship for Clinicians,Early Career (or equivalent)
211412/Z/18/Z,PhD Training Fellowship for Clinicians,Early Career (or equivalent)
211496/Z/18/Z,PhD Training Fellowship for Clinicians,Early Career (or equivalent)
211578/Z/18/Z,PhD Training Fellowship for Clinicians,Early Career (or equivalent)
211614/Z/18/Z,PhD Training Fellowship for Clinicians,Early Career (or equivalent)
211814/Z/18/Z,Collaborative Award in Science,Discovery Awards (or equivalent)
211864/A/18/Z,Collaborative Award in Science,Discovery Awards (or equivalent)
211864/Z/18/Z,Collaborative Award in Science,Discovery Awards (or equivalent)
211944/Z/18/Z,Collaborative Award in Science,Discovery Awards (or equivalent)
212176/Z/18/Z,Principal Research Fellowship Renewal,Discovery Awards (or equivalent)
212182/Z/18/Z,Research Resources Bursaries,Other
212183/Z/18/Z,PhD Training Fellowship for Clinicians,Early Career (or equivalent)
212193/Z/18/Z,Investigator Award in Science,Discovery Awards (or equivalent)
212197/Z/18/Z,Investigator Award in Science,Discovery Awards (or equivalent)
212203/Z/18/Z,Senior Research Fellowship Basic,Discovery Awards (or equivalent)
212207/Z/18/Z,Investigator Award in Science,Discovery Awards (or equivalent)
212216/Z/18/Z,Investigator Award in Science,Discovery Awards (or equivalent)
212218/Z/18/Z,Investigator Award in Science,Discovery Awards (or equivalent)
212219/Z/18/Z,Principal Research Fellowship (New),Discovery Awards (or equivalent)
212233/Z/18/Z,Investigator Award in Science,Discovery Awards (or equivalent)
212240/A/18/Z,Sanger Resource Collaboration,Directed
212240/Z/18/Z,Investigator Award in Science,Discovery Awards (or equivalent)
212241/A/18/Z,Senior Research Fellowship Basic,Discovery Awards (or equivalent)
212241/Z/18/Z,Senior Research Fellowship Basic,Discovery Awards (or equivalent)
212242/A/18/Z,Senior Research Fellowship Basic,Discovery Awards (or equivalent)
212242/Z/18/Z,Senior Research Fellowship Basic,Discovery Awards (or equivalent)
212246/Z/18/Z,Investigator Award in Science,Discovery Awards (or equivalent)
212247/Z/18/Z,Investigator Award in Science,Discovery Awards (or equivalent)
212251/Z/18/Z,Principal Research Fellowship Renewal,Discovery Awards (or equivalent)
212252/Z/18/Z,Senior Research Fellowship Clinical Renewal,Discovery Awards (or equivalent)
212253/Z/18/Z,Investigator Award in Science,Discovery Awards (or equivalent)
212258/Z/18/Z,Investigator Award in Science,Discovery Awards (or equivalent)
212259/A/18/Z,Residual Award,Other
212259/Z/18/Z,Investigator Award in Science,Discovery Awards (or equivalent)
212262/Z/18/Z,Investigator Award in Science,Discovery Awards (or equivalent)
212264/Z/18/Z,Senior Research Fellowship Basic,Discovery Awards (or equivalent)
212265/Z/18/Z,Investigator Award in Science,Discovery Awards (or equivalent)
212273/Z/18/Z,Senior Research Fellowship Basic Renewal,Discovery Awards (or equivalent)
212281/Z/18/Z,Senior Research Fellowship Basic,Discovery Awards (or equivalent)
212284/Z/18/Z,Investigator Award in Science,Discovery Awards (or equivalent)
212285/Z/18/Z,Investigator Award in Science,Discovery Awards (or equivalent)
212300/Z/18/Z,Investigator Award in Science,Discovery Awards (or equivalent)
212302/Z/18/Z,Investigator Award in Science,Discovery Awards (or equivalent)
212304/Z/18/Z,Investigator Award in Science,Discovery Awards (or equivalent)
212313/Z/18/Z,Senior Research Fellowship Clinical,Discovery Awards (or equivalent)
212343/Z/18/Z,Seed Award in Science,Discovery Awards (or equivalent)
212347/Z/18/Z,International Masters Fellowship,Early Career (or equivalent)
212385/Z/18/Z,Collaborative Award in H&SS,Discovery Awards (or equivalent)
212388/Z/18/Z,Seed Award in Science,Discovery Awards (or equivalent)
212398/Z/18/Z,Seed Award in Science,Discovery Awards (or equivalent)
212430/Z/18/Z,Seed Award in Science,Discovery Awards (or equivalent)
212439/Z/18/Z,Seed Award in Science,Discovery Awards (or equivalent)
212449/Z/18/Z,Research Fellowship in H&SS,Discovery Awards (or equivalent)
212451/Z/18/Z,Seed Award in Science,Discovery Awards (or equivalent)
212489/Z/18/Z,International Masters Fellowship,Early Career (or equivalent)
212490/Z/18/Z,Seed Award in Science,Discovery Awards (or equivalent)
212501/Z/18/Z,Seed Award in Science,Discovery Awards (or equivalent)
212507/Z/18/Z,Investigator Award in H&SS,Discovery Awards (or equivalent)
212513/Z/18/Z,Seed Award in Science,Discovery Awards (or equivalent)
212516/Z/18/Z,Seed Award in Science,Discovery Awards (or equivalent)
212518/A/18/Z,Seed Award in Science,Discovery Awards (or equivalent)
212518/Z/18/Z,Seed Award in Science,Discovery Awards (or equivalent)
212525/Z/18/Z,Seed Award in Science,Discovery Awards (or equivalent)
212528/Z/18/Z,Seed Award in Science,Discovery Awards (or equivalent)
212529/Z/18/Z,Seed Award in Science,Discovery Awards (or equivalent)
212536/Z/18/Z,Collaborative Award in H&SS,Discovery Awards (or equivalent)
212557/Z/18/Z,PhD Training Fellowship for Clinicians,Early Career (or equivalent)
212572/Z/18/Z,Investigator Award in H&SS,Discovery Awards (or equivalent)
212577/Z/18/Z,Investigator Award in H&SS,Discovery Awards (or equivalent)
212584/A/18/Z,Collaborative Award in H&SS,Discovery Awards (or equivalent)
212584/B/18/Z,Collaborative Award in H&SS,Discovery Awards (or equivalent)
212584/C/18/Z,Collaborative Award in H&SS,Discovery Awards (or equivalent)
212584/Z/18/Z,Collaborative Award in H&SS,Discovery Awards (or equivalent)
212600/Z/18/Z,International Masters Fellowship,Early Career (or equivalent)
212603/Z/18/Z,International Masters Fellowship,Early Career (or equivalent)
212625/A/18/Z,Investigator Award in Science,Discovery Awards (or equivalent)
212625/Z/18/Z,Investigator Award in Science,Discovery Awards (or equivalent)
212633/Z/18/Z,International Masters Fellowship,Early Career (or equivalent)
212638/Z/18/Z,International Masters Fellowship,Early Career (or equivalent)
212648/Z/18/Z,University Award in H&SS,Career Development (or equivalent)
212664/Z/18/Z,Research Fellowship in H&SS,Discovery Awards (or equivalent)
212671/Z/18/Z,Research Fellowship in H&SS,Discovery Awards (or equivalent)
212686/Z/18/Z,Research Resources Bursaries,Other
212694/Z/18/Z,Research Fellowship in H&SS,Discovery Awards (or equivalent)
212711/Z/18/Z,Research Resources Bursaries,Other
212715/A/18/Z,Research Fellowship in H&SS,Discovery Awards (or equivalent)
212715/Z/18/Z,Research Fellowship in H&SS,Discovery Awards (or equivalent)
212731/Z/18/Z,University Award in H&SS,Career Development (or equivalent)
212736/Z/18/Z,Research Fellowship in H&SS,Discovery Awards (or equivalent)
212763/Z/18/Z,Biomedical Resources Grant,Directed
212765/Z/18/Z,Research Resources Bursaries,Other
212779/Z/18/Z,Research Fellowship in H&SS,Discovery Awards (or equivalent)
212782/Z/18/Z,Research Resources Bursaries,Other
212804/Z/18/Z,Research Fellowship in H&SS,Discovery Awards (or equivalent)
212885/Z/18/Z,Multi-User Equipment Grant,Directed
212888/Z/18/Z,Multi-User Equipment Grant,Directed
212892/Z/18/Z,Multi-User Equipment Grant,Directed
212893/Z/18/Z,Research Resources Bursaries,Other
212895/Z/18/Z,Research Resources Bursaries,Other
212904/Z/18/Z,Longitudinal Population Studies,Directed
212908/Z/18/Z,Multi-User Equipment Grant,Directed
212912/Z/18/Z,Multi-User Equipment Grant,Directed
212913/Z/18/Z,PhD Training Fellowship for Clinicians,Early Career (or equivalent)
212916/Z/18/Z,Multi-User Equipment Grant,Directed
212917/Z/18/Z,Multi-User Equipment Grant,Directed
212923/Z/18/Z,Multi-User Equipment Grant,Directed
212924/Z/18/Z,Multi-User Equipment Grant,Directed
212925/Z/18/Z,Biomedical Resources Grant,Directed
212929/A/18/Z,Biomedical Resources Grant,Directed
212929/Z/18/Z,Biomedical Resources Grant,Directed
212930/Z/18/Z,Technology Development Grant,Discovery Awards (or equivalent)
212931/A/18/Z,Longitudinal Population Studies,Directed
212931/Z/18/A,Research Enrichment - Public Engagement,Other
212931/Z/18/Z,Longitudinal Population Studies,Directed
212934/Z/18/Z,Multi-User Equipment Grant,Directed
212936/Z/18/Z,Technology Development Grant,Discovery Awards (or equivalent)
212937/Z/18/Z,Multi-User Equipment Grant,Directed
212938/Z/18/Z,Multi-User Equipment Grant,Directed
212940/Z/18/Z,Technology Development Grant,Discovery Awards (or equivalent)
212941/Z/18/Z,Biomedical Resources Grant,Directed
212942/Z/18/Z,Biomedical Resources Grant,Directed
212945/Z/18/Z,Longitudinal Population Studies,Directed
212946/Z/18/Z,Longitudinal Population Studies,Directed
212947/Z/18/Z,Multi-User Equipment Grant,Directed
212952/Z/18/Z,Biomedical Resources Grant,Directed
212953/Z/18/Z,Longitudinal Population Studies,Directed
212959/Z/18/Z,Multi-User Equipment Grant,Directed
212962/Z/18/Z,Biomedical Resources Grant,Directed
212965/Z/18/Z,Technology Development Grant,Discovery Awards (or equivalent)
212969/Z/18/Z,Biomedical Resources Grant,Directed
212977/Z/18/Z,Biomedical Resources Grant,Directed
212979/Z/18/Z,Multi-User Equipment Grant,Directed
212980/Z/18/Z,Biomedical Resources Grant,Directed
212987/Z/18/Z,Research Resources Award,Directed
212988/Z/18/Z,Research Resources Award,Directed
212990/Z/18/Z,Research Resources Award,Directed
212997/Z/18/Z,Research Resources Award,Directed
213003/Z/18/Z,Research Resources Award,Directed
213004/Z/18/Z,Research Resources Award,Directed
213005/Z/18/Z,Research Resources Award,Directed
213011/Z/18/Z,PhD Training Fellowship for Clinicians,Early Career (or equivalent)
213159/Z/18/Z,WT/POST Fellowship,Other
213247/Z/18/Z,WT/POST Fellowship,Other
213250/Z/18/Z,WT/POST Fellowship,Other
213251/Z/18/Z,WT/POST Fellowship,Other
213254/Z/18/Z,WT/POST Fellowship,Other
213257/Z/18/Z,WT/POST Fellowship,Other
213267/Z/18/Z,WT/POST Fellowship,Other
213269/Z/18/Z,Small grant in H&SS,Discovery Awards (or equivalent)
213401/Z/18/Z,Sir Henry Dale Fellowship,Career Development (or equivalent)
213422/Z/18/Z,Longitudinal Population Studies,Directed
213435/Z/18/Z,Sir Henry Dale Fellowship,Career Development (or equivalent)
213437/Z/18/Z,Sir Henry Dale Fellowship,Career Development (or equivalent)
213453/A/18/Z,Small grant in H&SS,Discovery Awards (or equivalent)
213453/Z/18/Z,Small grant in H&SS,Discovery Awards (or equivalent)
213455/Z/18/Z,Sir Henry Dale Fellowship,Career Development (or equivalent)
213464/Z/18/Z,Sir Henry Dale Fellowship,Career Development (or equivalent)
213465/Z/18/Z,Sir Henry Dale Fellowship,Career Development (or equivalent)
213469/Z/18/Z,Sir Henry Dale Fellowship,Career Development (or equivalent)
213470/A/18/Z,Sir Henry Dale Fellowship,Career Development (or equivalent)
213470/Z/18/Z,Sir Henry Dale Fellowship,Career Development (or equivalent)
213486/Z/18/Z,Sir Henry Dale Fellowship,Career Development (or equivalent)
213494/Z/18/Z,Sir Henry Dale Fellowship,Career Development (or equivalent)
213501/Z/18/Z,Sir Henry Dale Fellowship,Career Development (or equivalent)
213514/A/18/Z,Sir Henry Wellcome Postdoctoral Fellowship,Early Career (or equivalent)
213514/Z/18/Z,Sir Henry Wellcome Postdoctoral Fellowship,Early Career (or equivalent)
213552/Z/18/Z,Seed Award in H&SS,Discovery Awards (or equivalent)
213555/Z/18/Z,Sir Henry Wellcome Postdoctoral Fellowship,Early Career (or equivalent)
213578/Z/18/Z,Sir Henry Wellcome Postdoctoral Fellowship,Early Career (or equivalent)
213579/Z/18/Z,Seed Award in H&SS,Discovery Awards (or equivalent)
213589/Z/18/Z,Sir Henry Wellcome Postdoctoral Fellowship,Early Career (or equivalent)
213596/Z/18/Z,Sir Henry Wellcome Postdoctoral Fellowship,Early Career (or equivalent)
213608/Z/18/B,Research Enrichment - Public Engagement,Other
213608/Z/18/Z,Sir Henry Wellcome Postdoctoral Fellowship,Early Career (or equivalent)
213612/A/18/Z,Sir Henry Wellcome Postdoctoral Fellowship,Early Career (or equivalent)
213612/Z/18/Z,Sir Henry Wellcome Postdoctoral Fellowship,Early Career (or equivalent)
213613/Z/18/Z,Seed Award in H&SS,Discovery Awards (or equivalent)
213622/Z/18/Z,Seed Award in H&SS,Discovery Awards (or equivalent)
213630/Z/18/Z,Sir Henry Wellcome Postdoctoral Fellowship,Early Career (or equivalent)
213632/Z/18/Z,Seed Award in H&SS,Discovery Awards (or equivalent)
213660/Z/18/Z,Seed Award in H&SS,Discovery Awards (or equivalent)
213674/Z/18/Z,Sir Henry Wellcome Postdoctoral Fellowship,Early Career (or equivalent)
213686/Z/18/Z,Sir Henry Wellcome Postdoctoral Fellowship,Early Career (or equivalent)
213692/Z/18/Z,Sir Henry Wellcome Postdoctoral Fellowship,Early Career (or equivalent)
213694/Z/18/Z,Sir Henry Wellcome Postdoctoral Fellowship,Early Career (or equivalent)
213697/Z/18/Z,Seed Award in Science,Discovery Awards (or equivalent)
213722/A/18/Z,Sir Henry Wellcome Postdoctoral Fellowship,Early Career (or equivalent)
213722/Z/18/Z,Sir Henry Wellcome Postdoctoral Fellowship,Early Career (or equivalent)
213724/Z/18/Z,Career Re-Entry Fellowship,Early Career (or equivalent)
213725/Z/18/Z,Sir Henry Wellcome Postdoctoral Fellowship,Early Career (or equivalent)
213731/Z/18/Z,Sir Henry Wellcome Postdoctoral Fellowship,Early Career (or equivalent)
213928/Z/18/Z,Seed Award in Science,Discovery Awards (or equivalent)
213954/Z/18/Z,Seed Award in Science,Discovery Awards (or equivalent)
213955/Z/18/Z,Seed Award in Science,Discovery Awards (or equivalent)
213979/Z/18/Z,Seed Award in Science,Discovery Awards (or equivalent)
213981/Z/18/Z,Seed Award in Science,Discovery Awards (or equivalent)
213984/Z/18/Z,Seed Award in Science,Discovery Awards (or equivalent)
213987/Z/18/Z,Seed Award in Science,Discovery Awards (or equivalent)
213987/Z/22/A,Open Access for Terminated Award,Other
213996/Z/18/Z,Seed Award in Science,Discovery Awards (or equivalent)
214018/Z/18/Z,Seed Award in Science,Discovery Awards (or equivalent)
214042/Z/18/Z,Seed Award in Science,Discovery Awards (or equivalent)
214061/Z/18/Z,Seed Award in Science,Discovery Awards (or equivalent)
214062/Z/18/Z,Seed Award in Science,Discovery Awards (or equivalent)
214069/Z/18/Z,Seed Award in Science,Discovery Awards (or equivalent)
214076/Z/18/Z,Seed Award in Science,Discovery Awards (or equivalent)
214082/Z/18/Z,Seed Award in Science,Discovery Awards (or equivalent)
214087/Z/18/Z,Seed Award in Science,Discovery Awards (or equivalent)
214092/Z/18/Z,Seed Award in Science,Discovery Awards (or equivalent)
214105/Z/18/Z,Seed Award in Science,Discovery Awards (or equivalent)
214120/Z/18/Z,Seed Award in Science,Discovery Awards (or equivalent)
214145/Z/18/Z,PhD Training Fellowship for Clinicians,Early Career (or equivalent)
214175/Z/18/Z,Principal Research Fellowship Renewal,Discovery Awards (or equivalent)
214178/Z/18/Z,PhD Training Fellowship for Clinicians,Early Career (or equivalent)
214179/Z/18/Z,PhD Training Fellowship for Clinicians,Early Career (or equivalent)
214183/Z/18/Z,Investigator Award in Science,Discovery Awards (or equivalent)
214185/Z/18/Z,International Training Fellowship,Early Career (or equivalent)
214191/Z/18/Z,Investigator Award in Science,Discovery Awards (or equivalent)
214201/Z/18/Z,International Intermediate Fellowship,Career Development (or equivalent)
214203/Z/18/Z,International Training Fellowship,Early Career (or equivalent)
214204/A/18/Z,International Training Fellowship,Early Career (or equivalent)
214204/Z/18/Z,International Training Fellowship,Early Career (or equivalent)
214205/Z/18/Z,International Training Fellowship,Early Career (or equivalent)
214207/Z/18/Z,International Training Fellowship,Early Career (or equivalent)
214208/Z/18/Z,International Training Fellowship,Early Career (or equivalent)
214222/Z/18/Z,Investigator Award in Science,Discovery Awards (or equivalent)
214229/Z/18/Z,Investigator Award in Science,Discovery Awards (or equivalent)
214234/Z/18/Z,Investigator Award in Science,Discovery Awards (or equivalent)
214244/Z/18/Z,Senior Research Fellowship Renewal,Discovery Awards (or equivalent)
214251/Z/18/Z,Senior Research Fellowship,Discovery Awards (or equivalent)
214259/Z/18/Z,Investigator Award in Science,Discovery Awards (or equivalent)
214268/Z/18/Z,Senior Research Fellowship,Discovery Awards (or equivalent)
214272/Z/18/Z,Investigator Award in Science,Discovery Awards (or equivalent)
214274/Z/18/Z,Investigator Award in Science,Discovery Awards (or equivalent)
214280/Z/18/Z,Collaborative Award in Science,Discovery Awards (or equivalent)
214283/Z/18/Z,Principal Research Fellowship Renewal,Discovery Awards (or equivalent)
214286/Z/18/Z,Investigator Award in Science,Discovery Awards (or equivalent)
214290/Z/18/Z,Senior Research Fellowship Renewal,Discovery Awards (or equivalent)
214291/A/18/Z,Investigator Award in Science,Discovery Awards (or equivalent)
214291/Z/18/Z,Investigator Award in Science,Discovery Awards (or equivalent)
214298/Z/18/Z,Investigator Award in Science,Discovery Awards (or equivalent)
214300/A/18/Z,Collaborative Award in Science,Discovery Awards (or equivalent)
214300/B/18/Z,Collaborative Award in Science,Discovery Awards (or equivalent)
214300/Z/18/Z,Collaborative Award in Science,Discovery Awards (or equivalent)
214311/Z/18/Z,Investigator Award in Science,Discovery Awards (or equivalent)
214314/Z/18/Z,Collaborative Award in Science,Discovery Awards (or equivalent)
214316/A/18/Z,Residual Award,Other
214316/Z/18/Z,Senior Research Fellowship,Discovery Awards (or equivalent)
214317/A/18/Z,Senior Research Fellowship,Discovery Awards (or equivalent)
214317/Z/18/Z,Senior Research Fellowship,Discovery Awards (or equivalent)
214320/A/18/Z,Sanger Resource Collaboration,Directed
214320/Z/18/Z,Senior Research Fellowship Renewal,Discovery Awards (or equivalent)
214321/B/18/Z,Investigator Award in Science,Discovery Awards (or equivalent)
214321/Z/18/Z,Senior Research Fellowship,Discovery Awards (or equivalent)
214322/Z/18/A,Research Enrichment - Public Engagement,Other
214322/Z/18/Z,Collaborative Award in Science,Discovery Awards (or equivalent)
214333/Z/18/Z,Investigator Award in Science,Discovery Awards (or equivalent)
214342/A/18/Z,Investigator Award in Science,Discovery Awards (or equivalent)
214342/Z/18/Z,Investigator Award in Science,Discovery Awards (or equivalent)
214344/A/18/Z,Collaborative Award in Science,Discovery Awards (or equivalent)
214344/B/18/Z,Collaborative Award in Science,Discovery Awards (or equivalent)
214344/Z/18/Z,Collaborative Award in Science,Discovery Awards (or equivalent)
214352/Z/18/Z,Senior Research Fellowship,Discovery Awards (or equivalent)
214369/Z/18/Z,PhD Training Fellowship for Clinicians,Early Career (or equivalent)
214374/A/18/Z,Collaborative Award in Science,Discovery Awards (or equivalent)
214374/B/18/Z,Collaborative Award in Science,Discovery Awards (or equivalent)
214374/Z/18/Z,Collaborative Award in Science,Discovery Awards (or equivalent)
214377/Z/18/Z,PhD Training Fellowship for Clinicians,Early Career (or equivalent)
214383/Z/18/Z,PhD Training Fellowship for Clinicians,Early Career (or equivalent)
214388/A/18/Z,Collaborative Award in Science,Discovery Awards (or equivalent)
214388/B/18/Z,Collaborative Award in Science,Discovery Awards (or equivalent)
214388/C/18/Z,Collaborative Award in Science,Discovery Awards (or equivalent)
214388/D/18/Z,Collaborative Award in Science,Discovery Awards (or equivalent)
214388/E/18/Z,Collaborative Award in Science,Discovery Awards (or equivalent)
214388/Z/18/Z,Collaborative Award in Science,Discovery Awards (or equivalent)
214539/Z/18/Z,Clinical Research Career Development Fellowship,Career Development (or equivalent)
214547/Z/18/Z,Clinical Research Career Development Fellowship,Career Development (or equivalent)
214554/Z/18/Z,Clinical Research Career Development Fellowship,Career Development (or equivalent)
214560/Z/18/Z,Clinical Research Career Development Fellowship,Career Development (or equivalent)
214567/Z/18/Z,Clinical Research Career Development Fellowship,Career Development (or equivalent)
214571/Z/18/Z,Clinical Research Career Development Fellowship,Career Development (or equivalent)
214584/Z/18/Z,Clinical Research Career Development Fellowship,Career Development (or equivalent)
214588/Z/18/Z,Clinical Research Career Development Fellowship,Career Development (or equivalent)
214589/Z/18/Z,Clinical Research Career Development Fellowship,Career Development (or equivalent)
214607/A/18/Z,Residual Award,Other
214607/Z/18/Z,Discretionary Award – C&S,Directed
214622/Z/18/Z,International Masters Fellowship,Early Career (or equivalent)
214624/Z/18/Z,International Masters Fellowship,Early Career (or equivalent)
214641/Z/18/Z,International Masters Fellowship,Early Career (or equivalent)
214641/Z/23/A,Open Access for Terminated Award,Other
214643/Z/18/Z,International Masters Fellowship,Early Career (or equivalent)
214644/Z/18/Z,International Masters Fellowship,Early Career (or equivalent)
214895/Z/18/Z,Investigator Award in H&SS,Discovery Awards (or equivalent)
214920/Z/18/Z,Investigator Award in H&SS,Discovery Awards (or equivalent)
214930/Z/18/Z,Seed Award in Science,Discovery Awards (or equivalent)
214954/Z/18/Z,Investigator Award in H&SS,Discovery Awards (or equivalent)
214961/A/18/Z,University Award in H&SS,Career Development (or equivalent)
214961/Z/18/Z,University Award in H&SS,Career Development (or equivalent)
214963/A/18/Z,Collaborative Award in H&SS,Discovery Awards (or equivalent)
214963/B/18/Z,Collaborative Award in H&SS,Discovery Awards (or equivalent)
214963/C/18/Z,Collaborative Award in H&SS,Discovery Awards (or equivalent)
214963/Z/18/A,Research Enrichment - Public Engagement,Other
214963/Z/18/B,Research Enrichment - Diversity and Inclusion,Other
214963/Z/18/Z,Collaborative Award in H&SS,Discovery Awards (or equivalent)
215001/Z/18/A,Research Enrichment - Public Engagement,Other
215001/Z/18/Z,University Award in H&SS,Career Development (or equivalent)
215006/Z/18/Z,Seed Award in Science,Discovery Awards (or equivalent)
215065/Z/18/Z,Strategic Support: Science,Directed
215116/A/18/Z,Sanger Resource Collaboration,Directed
215116/Z/18/B,Strategic Support: Science,Directed
215116/Z/18/C,Discretionary Award – C&S,Directed
215116/Z/18/Z,Strategic Support: Science,Directed
215164/Z/18/Z,Seed Award in Science,Discovery Awards (or equivalent)
215181/Z/19/Z,Seed Award in Science,Discovery Awards (or equivalent)
215184/A/19/Z,Seed Award in Science,Discovery Awards (or equivalent)
215184/Z/19/Z,Seed Award in Science,Discovery Awards (or equivalent)
215186/Z/19/Z,Seed Award in Science,Discovery Awards (or equivalent)
215229/Z/19/Z,Seed Award in Science,Discovery Awards (or equivalent)
215239/Z/19/Z,Seed Award in Science,Discovery Awards (or equivalent)
215267/A/19/Z,Seed Award in Science,Discovery Awards (or equivalent)
215267/Z/19/Z,Seed Award in Science,Discovery Awards (or equivalent)
215293/Z/19/Z,Seed Award in Science,Discovery Awards (or equivalent)
215296/Z/19/Z,Seed Award in Science,Discovery Awards (or equivalent)
215333/Z/19/Z,Seed Award in Science,Discovery Awards (or equivalent)
215343/Z/19/Z,Seed Award in Science,Discovery Awards (or equivalent)
215352/Z/19/Z,Seed Award in Science,Discovery Awards (or equivalent)
215388/Z/19/Z,Research Resources Award,Directed
215408/Z/19/Z,Sir Henry Dale Fellowship,Career Development (or equivalent)
215411/Z/19/Z,Research Resources Award,Directed
215414/Z/19/Z,Research Resources Award,Directed
215417/Z/19/Z,Research Resources Award,Directed
215423/Z/19/Z,Research Resources Award,Directed
215425/Z/19/Z,Research Resources Award,Directed
215428/Z/19/Z,Research Resources Award,Directed
215431/Z/19/Z,Sir Henry Dale Fellowship,Career Development (or equivalent)
215439/Z/19/Z,Sir Henry Dale Fellowship,Career Development (or equivalent)
215451/Z/19/Z,Sir Henry Dale Fellowship,Career Development (or equivalent)
215453/Z/19/Z,Sir Henry Dale Fellowship,Career Development (or equivalent)
215454/Z/19/Z,Sir Henry Dale Fellowship,Career Development (or equivalent)
215458/Z/19/Z,Sir Henry Dale Fellowship,Career Development (or equivalent)
215477/Z/19/Z,Senior Research Fellowship Renewal,Discovery Awards (or equivalent)
215482/Z/19/Z,Investigator Award in Science,Discovery Awards (or equivalent)
215488/Z/19/Z,Investigator Award in Science,Discovery Awards (or equivalent)
215492/A/19/Z,Collaborative Award in Science,Discovery Awards (or equivalent)
215492/Z/19/Z,Collaborative Award in Science,Discovery Awards (or equivalent)
215495/Z/19/Z,AAS Africa Platform (AESA),Directed
215496/Z/19/Z,Investigator Award in Science,Discovery Awards (or equivalent)
215508/Z/19/Z,Investigator Award in Science,Discovery Awards (or equivalent)
215510/Z/19/Z,Investigator Award in Science,Discovery Awards (or equivalent)
215513/Z/19/Z,Principal Research Fellowship Renewal,Discovery Awards (or equivalent)
215515/Z/19/Z,Senior Research Fellowship,Discovery Awards (or equivalent)
215519/Z/19/Z,Investigator Award in Science,Discovery Awards (or equivalent)
215523/Z/19/Z,Investigator Award in Science,Discovery Awards (or equivalent)
215524/Z/19/Z,Investigator Award in Science,Discovery Awards (or equivalent)
215539/Z/19/Z,Collaborative Award in Science,Discovery Awards (or equivalent)
215542/Z/19/Z,Investigator Award in Science,Discovery Awards (or equivalent)
215551/Z/19/Z,Investigator Award in Science,Discovery Awards (or equivalent)
215553/Z/19/Z,Senior Research Fellowship,Discovery Awards (or equivalent)
215556/Z/19/Z,Investigator Award in Science,Discovery Awards (or equivalent)
215573/Z/19/A,Research Enrichment - Open Research,Other
215573/Z/19/Z,Collaborative Award in Science,Discovery Awards (or equivalent)
215574/Z/19/Z,Investigator Award in Science,Discovery Awards (or equivalent)
215575/A/19/Z,Senior Research Fellowship,Discovery Awards (or equivalent)
215575/Z/19/Z,Senior Research Fellowship,Discovery Awards (or equivalent)
215593/A/19/Z,Investigator Award in Science,Discovery Awards (or equivalent)
215593/Z/19/Z,Investigator Award in Science,Discovery Awards (or equivalent)
215599/Z/19/Z,Collaborative Award in Science,Discovery Awards (or equivalent)
215612/Z/19/Z,Senior Research Fellowship Renewal,Discovery Awards (or equivalent)
215615/Z/19/Z,Senior Research Fellowship,Discovery Awards (or equivalent)
215618/Z/19/Z,Investigator Award in Science,Discovery Awards (or equivalent)
215619/Z/19/Z,Collaborative Award in Science,Discovery Awards (or equivalent)
215621/Z/19/Z,Senior Research Fellowship,Discovery Awards (or equivalent)
215625/A/19/Z,Collaborative Award in Science,Discovery Awards (or equivalent)
215625/Z/19/Z,Collaborative Award in Science,Discovery Awards (or equivalent)
215628/Z/19/Z,Investigator Award in Science,Discovery Awards (or equivalent)
215633/Z/19/Z,Collaborative Award in Science,Discovery Awards (or equivalent)
215654/Z/19/Z,PhD Training Fellowship for Clinicians,Early Career (or equivalent)
215839/Z/19/Z,Discretionary Award – Science,Directed
215845/Z/19/Z,PhD Training Fellowship for Clinicians,Early Career (or equivalent)
215852/Z/19/Z,Discretionary Award - Nutrition,Other
215859/Z/19/Z,Discretionary Award - Nutrition,Other
215861/Z/19/Z,Sir Henry Wellcome Postdoctoral Fellowship,Early Career (or equivalent)
215876/Z/19/Z,PhD Training Fellowship for Clinicians,Early Career (or equivalent)
215883/Z/19/Z,Sir Henry Wellcome Postdoctoral Fellowship,Early Career (or equivalent)
215888/Z/19/Z,Sir Henry Wellcome Postdoctoral Fellowship,Early Career (or equivalent)
215894/Z/19/Z,Sir Henry Wellcome Postdoctoral Fellowship,Early Career (or equivalent)
215899/Z/19/Z,Sir Henry Wellcome Postdoctoral Fellowship,Early Career (or equivalent)
215901/Z/19/Z,Sir Henry Wellcome Postdoctoral Fellowship,Early Career (or equivalent)
215909/Z/19/Z,Sir Henry Wellcome Postdoctoral Fellowship,Early Career (or equivalent)
215912/Z/19/Z,Sir Henry Wellcome Postdoctoral Fellowship,Early Career (or equivalent)
215917/Z/19/Z,Sir Henry Wellcome Postdoctoral Fellowship,Early Career (or equivalent)
215919/A/19/Z,Sanger Resource Collaboration,Directed
215919/B/19/Z,Sir Henry Wellcome Postdoctoral Fellowship,Early Career (or equivalent)
215919/Z/19/Z,Sir Henry Wellcome Postdoctoral Fellowship,Early Career (or equivalent)
215925/Z/19/Z,Sir Henry Wellcome Postdoctoral Fellowship,Early Career (or equivalent)
215932/Z/19/Z,Career Re-Entry Fellowship,Early Career (or equivalent)
215933/Z/19/Z,Sir Henry Wellcome Postdoctoral Fellowship,Early Career (or equivalent)
215938/Z/19/Z,Sir Henry Wellcome Postdoctoral Fellowship,Early Career (or equivalent)
215943/Z/19/Z,Sir Henry Wellcome Postdoctoral Fellowship,Early Career (or equivalent)
215944/Z/19/Z,Sir Henry Wellcome Postdoctoral Fellowship,Early Career (or equivalent)
216221/Z/19/Z,PhD Training Fellowship for Clinicians,Early Career (or equivalent)
216277/Z/19/Z,PhD Training Fellowship for Clinicians,Early Career (or equivalent)
216278/Z/19/Z,PhD Training Fellowship for Clinicians,Early Career (or equivalent)
216279/Z/19/Z,PhD Training Fellowship for Clinicians,Early Career (or equivalent)
216280/Z/19/Z,PhD Training Fellowship for Clinicians,Early Career (or equivalent)
216298/Z/19/Z,PhD Training Fellowship for Clinicians,Early Career (or equivalent)
216299/A/19/Z,Sanger Resource Collaboration,Directed
216299/Z/19/Z,PhD Training Fellowship for Clinicians,Early Career (or equivalent)
216324/Z/19/Z,Strategic Support: Science,Directed
216327/Z/19/Z,PhD Training Fellowship for Clinicians,Early Career (or equivalent)
216328/Z/19/Z,PhD Training Fellowship for Clinicians,Early Career (or equivalent)
216329/Z/19/Z,PhD Training Fellowship for Clinicians,Early Career (or equivalent)
216332/Z/19/Z,PhD Training Fellowship for Clinicians,Early Career (or equivalent)
216336/Z/19/Z,PhD Training Fellowship for Clinicians,Early Career (or equivalent)
216339/Z/19/Z,PhD Training Fellowship for Clinicians,Early Career (or equivalent)
216340/Z/19/Z,PhD Training Fellowship for Clinicians,Early Career (or equivalent)
216343/Z/19/Z,PhD Training Fellowship for Clinicians,Early Career (or equivalent)
216344/Z/19/Z,PhD Training Fellowship for Clinicians,Early Career (or equivalent)
216345/Z/19/Z,PhD Training Fellowship for Clinicians,Early Career (or equivalent)
216346/Z/19/Z,PhD Training Fellowship for Clinicians,Early Career (or equivalent)
216348/Z/19/Z,PhD Training Fellowship for Clinicians,Early Career (or equivalent)
216349/Z/19/Z,PhD Training Fellowship for Clinicians,Early Career (or equivalent)
216350/Z/19/Z,PhD Training Fellowship for Clinicians,Early Career (or equivalent)
216352/Z/19/Z,PhD Training Fellowship for Clinicians,Early Career (or equivalent)
216353/Z/19/Z,PhD Training Fellowship for Clinicians,Early Career (or equivalent)
216356/Z/19/Z,PhD Training Fellowship for Clinicians,Early Career (or equivalent)
216358/Z/19/Z,PhD Training Fellowship for Clinicians,Early Career (or equivalent)
216359/Z/19/Z,PhD Training Fellowship for Clinicians,Early Career (or equivalent)
216360/Z/19/Z,PhD Training Fellowship for Clinicians,Early Career (or equivalent)
216361/Z/19/Z,PhD Training Fellowship for Clinicians,Early Career (or equivalent)
216362/Z/19/Z,PhD Training Fellowship for Clinicians,Early Career (or equivalent)
216363/Z/19/Z,PhD Training Fellowship for Clinicians,Early Career (or equivalent)
216365/Z/19/Z,PhD Training Fellowship for Clinicians,Early Career (or equivalent)
216366/Z/19/Z,PhD Training Fellowship for Clinicians,Early Career (or equivalent)
216367/Z/19/Z,International Training Fellowship,Early Career (or equivalent)
216370/Z/19/Z,Sir Henry Dale Fellowship,Career Development (or equivalent)
216373/Z/19/Z,Sir Henry Dale Fellowship,Career Development (or equivalent)
216380/Z/19/Z,PhD Training Fellowship for Clinicians,Early Career (or equivalent)
216382/Z/19/Z,PhD Training Fellowship for Clinicians,Early Career (or equivalent)
216386/Z/19/A,Sir Henry Dale Fellowship,Career Development (or equivalent)
216386/Z/19/Z,Sir Henry Dale Fellowship,Career Development (or equivalent)
216401/Z/19/Z,Sir Henry Dale Fellowship,Career Development (or equivalent)
216402/Z/19/Z,PhD Training Fellowship for Clinicians,Early Career (or equivalent)
216403/Z/19/Z,PhD Training Fellowship for Clinicians,Early Career (or equivalent)
216404/A/19/Z,Sir Henry Dale Fellowship,Career Development (or equivalent)
216404/Z/19/Z,Sir Henry Dale Fellowship,Career Development (or equivalent)
216405/Z/19/Z,Sir Henry Dale Fellowship,Career Development (or equivalent)
216417/Z/19/Z,PhD Training Fellowship for Clinicians,Early Career (or equivalent)
216418/Z/19/Z,PhD Training Fellowship for Clinicians,Early Career (or equivalent)
216419/Z/19/Z,PhD Training Fellowship for Clinicians,Early Career (or equivalent)
216420/Z/19/Z,PhD Training Fellowship for Clinicians,Early Career (or equivalent)
216421/Z/19/Z,PhD Training Fellowship for Clinicians,Early Career (or equivalent)
216422/Z/19/Z,PhD Training Fellowship for Clinicians,Early Career (or equivalent)
216424/Z/19/Z,PhD Training Fellowship for Clinicians,Early Career (or equivalent)
216427/Z/19/Z,Sir Henry Dale Fellowship,Career Development (or equivalent)
216430/Z/19/Z,PhD Training Fellowship for Clinicians,Early Career (or equivalent)
216444/Z/19/Z,International Training Fellowship,Early Career (or equivalent)
216447/Z/19/Z,International Training Fellowship,Early Career (or equivalent)
216448/Z/19/Z,International Training Fellowship,Early Career (or equivalent)
216451/Z/19/Z,International Training Fellowship,Early Career (or equivalent)
216452/Z/19/Z,PhD Training Fellowship for Clinicians,Early Career (or equivalent)
216457/A/19/Z,Sanger Resource Collaboration,Directed
216457/Z/19/Z,International Intermediate Fellowship,Career Development (or equivalent)
216458/Z/19/Z,International Intermediate Fellowship,Career Development (or equivalent)
216462/Z/19/Z,Clinical Research Career Development Fellowship,Career Development (or equivalent)
216593/Z/19/Z,Clinical Research Career Development Fellowship,Career Development (or equivalent)
216596/Z/19/Z,Clinical Research Career Development Fellowship,Career Development (or equivalent)
216606/Z/19/Z,Clinical Research Career Development Fellowship,Career Development (or equivalent)
216613/Z/19/Z,Clinical Research Career Development Fellowship,Career Development (or equivalent)
216614/Z/19/Z,Clinical Research Career Development Fellowship,Career Development (or equivalent)
216630/Z/19/Z,Clinical Research Career Development Fellowship,Career Development (or equivalent)
216632/Z/19/Z,Clinical Research Career Development Fellowship,Career Development (or equivalent)
216634/Z/19/Z,Clinical Research Career Development Fellowship,Career Development (or equivalent)
216665/Z/19/Z,PhD Training Fellowship for Clinicians,Early Career (or equivalent)
216674/Z/19/Z,PhD Training Fellowship for Clinicians,Early Career (or equivalent)
216767/Z/19/Z,Longitudinal Population Studies,Directed
216779/Z/19/Z,Sir Henry Dale Fellowship,Career Development (or equivalent)
217065/Z/19/Z,Longitudinal Population Studies,Directed
217067/Z/19/A,Discretionary Award - Public Engagement,Other
217067/Z/19/Z,Longitudinal Population Studies,Directed
217068/Z/19/Z,Longitudinal Population Studies,Directed
217073/Z/19/A,Research Enrichment - Public Engagement,Other
217073/Z/19/Z,Longitudinal Population Studies,Directed
217079/Z/19/Z,PhD Training Fellowship for Clinicians,Early Career (or equivalent)
217089/Z/19/Z,Investigator Award in Science,Discovery Awards (or equivalent)
217093/Z/19/Z,Investigator Award in Science,Discovery Awards (or equivalent)
217096/Z/19/Z,Seed Award in Science,Discovery Awards (or equivalent)
217099/A/19/Z,Investigator Award in Science,Discovery Awards (or equivalent)
217099/Z/19/Z,Investigator Award in Science,Discovery Awards (or equivalent)
217100/Z/19/Z,Principal Research Fellowship Renewal,Discovery Awards (or equivalent)
217102/Z/19/Z,PhD Training Fellowship for Clinicians,Early Career (or equivalent)
217105/Z/19/Z,Investigator Award in Science,Discovery Awards (or equivalent)
217112/Z/19/Z,Principal Research Fellowship Renewal,Discovery Awards (or equivalent)
217119/Z/19/Z,PhD Training Fellowship for Clinicians,Early Career (or equivalent)
217120/Z/19/Z,Investigator Award in Science,Discovery Awards (or equivalent)
217123/Z/19/A,Research Enrichment - Public Engagement,Other
217123/Z/19/Z,Collaborative Award in Science,Discovery Awards (or equivalent)
217135/Z/19/A,Research Enrichment - Public Engagement,Other
217135/Z/19/Z,Collaborative Award in Science,Discovery Awards (or equivalent)
217138/Z/19/Z,Investigator Award in Science,Discovery Awards (or equivalent)
217150/Z/19/Z,Investigator Award in Science,Discovery Awards (or equivalent)
217163/Z/19/Z,Investigator Award in Science,Discovery Awards (or equivalent)
217169/Z/19/Z,Investigator Award in Science,Discovery Awards (or equivalent)
217170/Z/19/Z,Investigator Award in Science,Discovery Awards (or equivalent)
217173/Z/19/Z,Investigator Award in Science,Discovery Awards (or equivalent)
217186/A/19/Z,Senior Research Fellowship,Discovery Awards (or equivalent)
217186/Z/19/Z,Senior Research Fellowship,Discovery Awards (or equivalent)
217188/Z/19/Z,Senior Research Fellowship Renewal,Discovery Awards (or equivalent)
217189/Z/19/Z,Investigator Award in Science,Discovery Awards (or equivalent)
217191/Z/19/Z,Senior Research Fellowship Renewal,Discovery Awards (or equivalent)
217196/Z/19/Z,Investigator Award in Science,Discovery Awards (or equivalent)
217199/A/19/Z,Collaborative Award in Science,Discovery Awards (or equivalent)
217199/B/19/Z,Collaborative Award in Science,Discovery Awards (or equivalent)
217199/Z/19/Z,Collaborative Award in Science,Discovery Awards (or equivalent)
217202/Z/19/Z,Senior Research Fellowship,Discovery Awards (or equivalent)
217211/Z/19/Z,Investigator Award in Science,Discovery Awards (or equivalent)
217213/Z/19/Z,Investigator Award in Science,Discovery Awards (or equivalent)
217221/Z/19/Z,Senior Research Fellowship,Discovery Awards (or equivalent)
217223/Z/19/Z,Investigator Award in Science,Discovery Awards (or equivalent)
217249/Z/19/Z,Seed Award in Science,Discovery Awards (or equivalent)
217266/Z/19/Z,Seed Award in Science,Discovery Awards (or equivalent)
217267/Z/19/Z,Investigator Award in Science,Discovery Awards (or equivalent)
217303/A/19/Z,Sanger Resource Collaboration,Directed
217303/Z/19/Z,Seed Award in Science,Discovery Awards (or equivalent)
217316/Z/19/Z,Seed Award in Science,Discovery Awards (or equivalent)
217341/Z/19/Z,Seed Award in Science,Discovery Awards (or equivalent)
217346/Z/19/Z,Seed Award in Science,Discovery Awards (or equivalent)
217357/Z/19/Z,PhD Training Fellowship for Clinicians,Early Career (or equivalent)
217362/Z/19/Z,Seed Award in Science,Discovery Awards (or equivalent)
217389/Z/19/Z,Seed Award in Science,Discovery Awards (or equivalent)
217399/Z/19/Z,Seed Award in Science,Discovery Awards (or equivalent)
217414/Z/19/Z,Seed Award in Science,Discovery Awards (or equivalent)
217440/Z/19/Z,Seed Award in Science,Discovery Awards (or equivalent)
217446/Z/19/Z,Seed Award in Science,Discovery Awards (or equivalent)
217469/Z/19/Z,Seed Award in Science,Discovery Awards (or equivalent)
217487/Z/19/Z,Seed Award in Science,Discovery Awards (or equivalent)
217500/Z/19/Z,Seed Award in Science,Discovery Awards (or equivalent)
217509/Z/19/Z,Seed Award in Science,Discovery Awards (or equivalent)
217528/Z/19/Z,Seed Award in Science,Discovery Awards (or equivalent)
217543/Z/19/Z,Seed Award in Science,Discovery Awards (or equivalent)
217546/A/19/Z,Seed Award in Science,Discovery Awards (or equivalent)
217546/Z/19/Z,Seed Award in Science,Discovery Awards (or equivalent)
217561/Z/19/Z,Seed Award in Science,Discovery Awards (or equivalent)
217624/Z/19/Z,Seed Award in Science,Discovery Awards (or equivalent)
217652/Z/19/Z,PhD Training Fellowship for Clinicians,Early Career (or equivalent)
217669/Z/19/Z,Research Resources Award,Directed
217706/Z/19/Z,Research Fellowship for Health Professionals in H&SS,Early Career (or equivalent)
217707/Z/19/Z,Small grant in H&SS,Discovery Awards (or equivalent)
217734/Z/19/Z,WT/POST Fellowship,Other
217755/Z/19/A,Research Enrichment - Public Engagement,Other
217755/Z/19/Z,Collaborative Award in H&SS,Discovery Awards (or equivalent)
217861/Z/19/Z,Collaborative Award in H&SS,Discovery Awards (or equivalent)
217879/A/19/Z,Collaborative Award in H&SS,Discovery Awards (or equivalent)
217879/Z/19/Z,Collaborative Award in H&SS,Discovery Awards (or equivalent)
217968/Z/19/Z,Investigator Award in H&SS,Discovery Awards (or equivalent)
217988/Z/19/Z,Investigator Award in H&SS,Discovery Awards (or equivalent)
218025/A/19/Z,Collaborative Award in H&SS,Discovery Awards (or equivalent)
218025/Z/19/A,Research Enrichment - Diversity and Inclusion,Other
218025/Z/19/C,Research Enrichment - Public Engagement,Other
218025/Z/19/Z,Collaborative Award in H&SS,Discovery Awards (or equivalent)
218092/A/19/Z,Research Fellowship for Health Professionals in H&SS,Early Career (or equivalent)
218092/Z/19/Z,Research Fellowship for Health Professionals in H&SS,Early Career (or equivalent)
218099/Z/19/A,Research Enrichment - Public Engagement,Other
218099/Z/19/Z,University Award in H&SS,Career Development (or equivalent)
218105/Z/19/Z,Research Fellowship for Health Professionals in H&SS,Early Career (or equivalent)
218118/Z/19/Z,University Award in H&SS,Career Development (or equivalent)
218123/Z/19/Z,Research Fellowship in H&SS,Discovery Awards (or equivalent)
218124/A/19/Z,Research Fellowship in H&SS,Discovery Awards (or equivalent)
218124/Z/19/Z,Research Fellowship in H&SS,Discovery Awards (or equivalent)
218145/Z/19/Z,Research Fellowship in H&SS,Discovery Awards (or equivalent)
218146/A/19/Z,Research Fellowship in H&SS,Discovery Awards (or equivalent)
218146/Z/19/Z,Research Fellowship in H&SS,Discovery Awards (or equivalent)
218165/Z/19/Z,Small grant in H&SS,Discovery Awards (or equivalent)
218169/Z/19/Z,Research Resources Award,Directed
218187/Z/19/Z,Small grant in H&SS,Discovery Awards (or equivalent)
218188/Z/19/Z,Small grant in H&SS,Discovery Awards (or equivalent)
218205/Z/19/Z,Biomedical Resources Grant,Directed
218221/Z/19/Z,Research Resources Award,Directed
218226/Z/19/Z,Research Resources Award,Directed
218236/Z/19/Z,Biomedical Resources Grant,Directed
218242/Z/19/Z,Biomedical Resources Grant,Directed
218244/Z/19/Z,Biomedical Resources Grant,Directed
218246/Z/19/Z,Multi-User Equipment Grant,Directed
218259/Z/19/Z,Biomedical Resources Grant,Directed
218261/Z/19/Z,Technology Development Grant,Discovery Awards (or equivalent)
218270/Z/19/Z,Technology Development Grant,Discovery Awards (or equivalent)
218274/Z/19/Z,Multi-User Equipment Grant,Directed
218278/Z/19/Z,Multi-User Equipment Grant,Directed
218279/Z/19/Z,Multi-User Equipment Grant,Directed
218281/Z/19/Z,Multi-User Equipment Grant,Directed
218286/Z/19/Z,Multi-User Equipment Grant,Directed
218287/Z/19/Z,Multi-User Equipment Grant,Directed
218288/A/19/Z,Biomedical Resources Grant,Directed
218288/Z/19/Z,Biomedical Resources Grant,Directed
218293/Z/19/Z,Technology Development Grant,Discovery Awards (or equivalent)
218294/Z/19/Z,Biomedical Resources Grant,Directed
218300/Z/19/Z,Multi-User Equipment Grant,Directed
218302/A/19/Z,Biomedical Resources Grant,Directed
218302/Z/19/Z,Biomedical Resources Grant,Directed
218303/Z/19/Z,Biomedical Resources Grant,Directed
218304/Z/19/Z,Biomedical Resources Grant,Directed
218310/Z/19/Z,Multi-User Equipment Grant,Directed
218311/Z/19/Z,WT/POST Fellowship,Other
218312/Z/19/Z,WT/POST Fellowship,Other
218323/Z/19/Z,WT/POST Fellowship,Other
218325/Z/19/Z,WT/POST Fellowship,Other
218326/Z/19/Z,WT/POST Fellowship,Other
218328/A/19/Z,Strategic Support: Science,Directed
218328/B/19/Z,Strategic Support: Science,Directed
218328/C/19/Z,Strategic Support: Science,Directed
218328/D/19/Z,Strategic Support: Science,Directed
218328/E/19/Z,Strategic Support: Science,Directed
218328/F/19/Z,Strategic Support: Science,Directed
218328/G/19/Z,Strategic Support: Science,Directed
218328/H/19/Z,Strategic Support: Science,Directed
218328/I/19/Z,Strategic Support: Science,Directed
218328/J/19/Z,Strategic Support: Science,Directed
218328/Z/19/A,Discretionary Award – C&S,Directed
218328/Z/19/Z,Strategic Support: Science,Directed
218333/Z/19/Z,International Masters Fellowship,Early Career (or equivalent)
218334/Z/19/Z,International Masters Fellowship,Early Career (or equivalent)
218334/Z/23/A,Open Access for Terminated Award,Other
218338/Z/19/Z,International Masters Fellowship,Early Career (or equivalent)
218345/Z/19/Z,WT/POST Fellowship,Other
218345/Z/22/A,Open Access for Terminated Award,Other
218347/Z/19/Z,International Masters Fellowship,Early Career (or equivalent)
218348/Z/19/Z,International Masters Fellowship,Early Career (or equivalent)
218351/Z/19/Z,International Masters Fellowship,Early Career (or equivalent)
218355/Z/19/Z,WT/POST Fellowship,Other
218364/Z/19/Z,Discretionary Award - Public Engagement,Other
218365/Z/19/Z,Discretionary Award – Directorate,Other
218442/Z/19/Z,Open Access for Terminated Award,Other
218442/Z/20/A,Open Access for Terminated Award,Other
218445/Z/19/Z,Discretionary Award - Public Engagement,Other
218535/Z/19/Z,Sir Henry Dale Fellowship,Career Development (or equivalent)
218536/Z/19/Z,Sir Henry Dale Fellowship,Career Development (or equivalent)
218537/Z/19/Z,Sir Henry Dale Fellowship,Career Development (or equivalent)
218547/Z/19/Z,Sir Henry Dale Fellowship,Career Development (or equivalent)
218550/Z/19/Z,Sir Henry Dale Fellowship,Career Development (or equivalent)
218554/A/19/Z,Sir Henry Dale Fellowship,Career Development (or equivalent)
218554/Z/19/Z,Sir Henry Dale Fellowship,Career Development (or equivalent)
218556/Z/19/Z,Sir Henry Dale Fellowship,Career Development (or equivalent)
218561/Z/19/Z,Sir Henry Dale Fellowship,Career Development (or equivalent)
218568/Z/19/Z,Sir Henry Dale Fellowship,Career Development (or equivalent)
218570/Z/19/Z,Sir Henry Dale Fellowship,Career Development (or equivalent)
218579/Z/19/Z,Sir Henry Dale Fellowship,Career Development (or equivalent)
218621/Z/19/Z,Sir Henry Wellcome Postdoctoral Fellowship,Early Career (or equivalent)
218627/Z/19/Z,Sir Henry Wellcome Postdoctoral Fellowship,Early Career (or equivalent)
218629/Z/19/Z,Sir Henry Wellcome Postdoctoral Fellowship,Early Career (or equivalent)
218632/Z/19/Z,Sir Henry Wellcome Postdoctoral Fellowship,Early Career (or equivalent)
218641/A/19/Z,Sir Henry Wellcome Postdoctoral Fellowship,Early Career (or equivalent)
218641/Z/19/Z,Sir Henry Wellcome Postdoctoral Fellowship,Early Career (or equivalent)
218642/Z/19/Z,Sir Henry Wellcome Postdoctoral Fellowship,Early Career (or equivalent)
218648/Z/19/Z,Sir Henry Wellcome Postdoctoral Fellowship,Early Career (or equivalent)
218650/Z/19/Z,Sir Henry Wellcome Postdoctoral Fellowship,Early Career (or equivalent)
218651/Z/19/Z,Sir Henry Wellcome Postdoctoral Fellowship,Early Career (or equivalent)
218653/Z/19/Z,Sir Henry Wellcome Postdoctoral Fellowship,Early Career (or equivalent)
218657/Z/19/A,Research Enrichment - Diversity and Inclusion,Other
218657/Z/19/Z,Sir Henry Wellcome Postdoctoral Fellowship,Early Career (or equivalent)
218662/Z/19/Z,Sir Henry Wellcome Postdoctoral Fellowship,Early Career (or equivalent)
218663/Z/19/Z,Sir Henry Wellcome Postdoctoral Fellowship,Early Career (or equivalent)
218669/Z/19/Z,Sir Henry Wellcome Postdoctoral Fellowship,Early Career (or equivalent)
218670/Z/19/Z,Sir Henry Wellcome Postdoctoral Fellowship,Early Career (or equivalent)
218671/Z/19/Z,Sir Henry Wellcome Postdoctoral Fellowship,Early Career (or equivalent)
218672/A/19/Z,Sir Henry Wellcome Postdoctoral Fellowship,Early Career (or equivalent)
218672/Z/19/Z,Sir Henry Wellcome Postdoctoral Fellowship,Early Career (or equivalent)
218676/Z/19/Z,Sir Henry Wellcome Postdoctoral Fellowship,Early Career (or equivalent)
218723/Z/19/Z,Strategic Support: Science,Directed
218726/Z/19/Z,International Training Fellowship,Early Career (or equivalent)
218743/Z/19/Z,International Training Fellowship,Early Career (or equivalent)
218750/Z/19/Z,Discretionary Award – C&S,Directed
218770/Z/19/Z,International Training Fellowship,Early Career (or equivalent)
218771/Z/19/Z,International Training Fellowship,Early Career (or equivalent)
218773/Z/19/Z,International Training Fellowship,Early Career (or equivalent)
218776/Z/19/Z,International Intermediate Fellowship,Career Development (or equivalent)
218785/Z/19/Z,Strategic Support: Science,Directed
218789/Z/19/Z,Strategic Support: Science,Directed
218807/A/19/Z,Small grant in H&SS,Discovery Awards (or equivalent)
218807/Z/19/Z,Small grant in H&SS,Discovery Awards (or equivalent)
218831/A/19/Z,Small grant in H&SS,Discovery Awards (or equivalent)
218831/Z/19/Z,Small grant in H&SS,Discovery Awards (or equivalent)
218880/Z/19/Z,Strategic Support: Science,Directed
218987/Z/19/Z,International Intermediate Fellowship,Career Development (or equivalent)
219221/Z/19/Z,Small grant in H&SS,Discovery Awards (or equivalent)
219299/Z/19/Z,Small grant in H&SS,Discovery Awards (or equivalent)
219327/Z/19/Z,Small grant in H&SS,Discovery Awards (or equivalent)
219366/Z/19/Z,Investigator Award in Science,Discovery Awards (or equivalent)
219371/Z/19/Z,Small grant in H&SS,Discovery Awards (or equivalent)
219409/Z/19/Z,Discretionary Award – C&S,Directed
219413/Z/19/Z,Senior Research Fellowship,Discovery Awards (or equivalent)
219414/Z/19/Z,Strategic Support: Science,Directed
219416/A/19/Z,Investigator Award in Science,Discovery Awards (or equivalent)
219416/Z/19/Z,Investigator Award in Science,Discovery Awards (or equivalent)
219417/Z/19/Z,Senior Research Fellowship Renewal,Discovery Awards (or equivalent)
219418/Z/19/Z,Investigator Award in Science,Discovery Awards (or equivalent)
219423/Z/19/A,Strategic Support: Science,Directed
219423/Z/19/Z,Strategic Support: Science,Directed
219424/Z/19/Z,Investigator Award in Science,Discovery Awards (or equivalent)
219426/Z/19/Z,Small grant in H&SS,Discovery Awards (or equivalent)
219433/Z/19/Z,Investigator Award in Science,Discovery Awards (or equivalent)
219443/Z/19/Z,Investigator Award in Science,Discovery Awards (or equivalent)
219447/Z/19/Z,Senior Research Fellowship,Discovery Awards (or equivalent)
219448/Z/19/Z,Investigator Award in Science,Discovery Awards (or equivalent)
219468/Z/19/Z,Collaborative Award in Science,Discovery Awards (or equivalent)
219472/A/19/Z,Investigator Award in Science,Discovery Awards (or equivalent)
219472/Z/19/Z,Investigator Award in Science,Discovery Awards (or equivalent)
219475/Z/19/Z,Investigator Award in Science,Discovery Awards (or equivalent)
219476/Z/19/Z,Investigator Award in Science,Discovery Awards (or equivalent)
219477/Z/19/Z,Investigator Award in Science,Discovery Awards (or equivalent)
219478/Z/19/Z,Investigator Award in Science,Discovery Awards (or equivalent)
219479/Z/19/Z,Senior Research Fellowship Renewal,Discovery Awards (or equivalent)
219482/Z/19/Z,Senior Research Fellowship,Discovery Awards (or equivalent)
219496/Z/19/Z,Senior Research Fellowship,Discovery Awards (or equivalent)
219500/Z/19/Z,Senior Research Fellowship,Discovery Awards (or equivalent)
219506/Z/19/Z,Collaborative Award in Science,Discovery Awards (or equivalent)
219523/Z/19/Z,Investigator Award in Science,Discovery Awards (or equivalent)
219525/Z/19/Z,Principal Research Fellowship (New),Discovery Awards (or equivalent)
219527/Z/19/Z,Investigator Award in Science,Discovery Awards (or equivalent)
219530/Z/19/Z,Investigator Award in Science,Discovery Awards (or equivalent)
219531/Z/19/Z,Collaborative Award in Science,Discovery Awards (or equivalent)
219532/Z/19/Z,Senior Research Fellowship Renewal,Discovery Awards (or equivalent)
219536/Z/19/Z,Investigator Award in Science,Discovery Awards (or equivalent)
219542/A/19/Z,Sanger Resource Collaboration,Directed
219542/Z/19/Z,Senior Research Fellowship Renewal,Discovery Awards (or equivalent)
219551/Z/19/Z,Collaborative Award in Science,Discovery Awards (or equivalent)
219561/Z/19/Z,Investigator Award in Science,Discovery Awards (or equivalent)
219562/A/19/Z,Sanger Resource Collaboration,Directed
219562/Z/19/Z,Investigator Award in Science,Discovery Awards (or equivalent)
219572/Z/19/Z,Investigator Award in Science,Discovery Awards (or equivalent)
219594/Z/19/Z,Clinical Research Career Development Fellowship,Career Development (or equivalent)
219602/Z/19/Z,Clinical Research Career Development Fellowship,Career Development (or equivalent)
219603/Z/19/Z,Strategic Support: Science,Directed
219606/Z/19/Z,Clinical Research Career Development Fellowship,Career Development (or equivalent)
219607/Z/19/Z,Clinical Research Career Development Fellowship,Career Development (or equivalent)
219610/Z/19/Z,Clinical Research Career Development Fellowship,Career Development (or equivalent)
219615/Z/19/Z,Clinical Research Career Development Fellowship,Career Development (or equivalent)
219627/Z/19/Z,Strategic Support: Science,Directed
219651/Z/19/Z,International Masters Fellowship,Early Career (or equivalent)
219672/Z/19/Z,International Masters Fellowship,Early Career (or equivalent)
219673/Z/19/Z,International Masters Fellowship,Early Career (or equivalent)
219677/Z/19/Z,International Masters Fellowship,Early Career (or equivalent)
219682/A/19/Z,International Masters Fellowship,Early Career (or equivalent)
219682/Z/19/Z,International Masters Fellowship,Early Career (or equivalent)
219688/Z/19/Z,International Masters Fellowship,Early Career (or equivalent)
219725/Z/19/A,Research Enrichment - Public Engagement,Other
219725/Z/19/Z,Research Fellowship in H&SS,Discovery Awards (or equivalent)
219744/Z/19/Z,Research Fellowship in H&SS,Discovery Awards (or equivalent)
219747/Z/19/Z,Research Fellowship in H&SS,Discovery Awards (or equivalent)
219754/Z/19/A,Research Enrichment - Public Engagement,Other
219754/Z/19/Z,Research Fellowship in H&SS,Discovery Awards (or equivalent)
219756/Z/19/Z,Research Fellowship in H&SS,Discovery Awards (or equivalent)
219771/Z/19/Z,University Award in H&SS,Career Development (or equivalent)
219779/Z/19/Z,University Award in H&SS,Career Development (or equivalent)
219783/Z/19/A,Research Enrichment - Public Engagement,Other
219783/Z/19/Z,Research Fellowship in H&SS,Discovery Awards (or equivalent)
219789/Z/19/Z,Research Fellowship in H&SS,Discovery Awards (or equivalent)
219799/Z/19/Z,Research Fellowship in H&SS,Discovery Awards (or equivalent)
219804/Z/19/A,Research Enrichment - Public Engagement,Other
219804/Z/19/Z,Research Fellowship in H&SS,Discovery Awards (or equivalent)
219834/Z/19/A,Research Enrichment - Public Engagement,Other
219834/Z/19/Z,Investigator Award in H&SS,Discovery Awards (or equivalent)
219842/Z/19/Z,Investigator Award in H&SS,Discovery Awards (or equivalent)
219843/Z/19/Z,Investigator Award in H&SS,Discovery Awards (or equivalent)
219844/Z/19/Z,Investigator Award in H&SS,Discovery Awards (or equivalent)
219875/Z/19/Z,Investigator Award in H&SS,Discovery Awards (or equivalent)
219876/Z/19/Z,Investigator Award in H&SS,Discovery Awards (or equivalent)
219889/A/19/Z,Collaborative Award in H&SS,Discovery Awards (or equivalent)
219889/B/19/Z,Collaborative Award in H&SS,Discovery Awards (or equivalent)
219889/C/19/Z,Collaborative Award in H&SS,Discovery Awards (or equivalent)
219889/Z/19/A,Research Enrichment - Public Engagement,Other
219889/Z/19/Z,Collaborative Award in H&SS,Discovery Awards (or equivalent)
219901/A/19/Z,Collaborative Award in H&SS,Discovery Awards (or equivalent)
219901/B/19/Z,Collaborative Award in H&SS,Discovery Awards (or equivalent)
219901/C/19/Z,Collaborative Award in H&SS,Discovery Awards (or equivalent)
219901/D/19/Z,Collaborative Award in H&SS,Discovery Awards (or equivalent)
219901/Z/19/Z,Collaborative Award in H&SS,Discovery Awards (or equivalent)
220130/Z/20/Z,Research Resources Award,Directed
220134/Z/20/Z,Sir Henry Dale Fellowship,Career Development (or equivalent)
220138/Z/20/Z,Research Resources Award,Directed
220144/Z/20/Z,Research Resources Award,Directed
220144/Z/21/A,Research Enrichment - Public Engagement,Other
220148/Z/20/Z,Research Resources Award,Directed
220149/Z/20/Z,Research Resources Award,Directed
220151/Z/20/Z,Research Resources Award,Directed
220163/Z/20/Z,Sir Henry Dale Fellowship,Career Development (or equivalent)
220169/Z/20/Z,Sir Henry Dale Fellowship,Career Development (or equivalent)
220171/Z/20/Z,Sir Henry Dale Fellowship,Career Development (or equivalent)
220180/Z/20/B,Research Enrichment - Public Engagement,Other
220180/Z/20/Z,Sir Henry Dale Fellowship,Career Development (or equivalent)
220185/Z/20/Z,Sir Henry Dale Fellowship,Career Development (or equivalent)
220188/A/20/Z,Sir Henry Dale Fellowship,Career Development (or equivalent)
220188/Z/20/Z,Sir Henry Dale Fellowship,Career Development (or equivalent)
220192/Z/20/Z,Sir Henry Dale Fellowship,Career Development (or equivalent)
220196/Z/20/Z,Sir Henry Dale Fellowship,Career Development (or equivalent)
220198/Z/20/Z,Sir Henry Dale Fellowship,Career Development (or equivalent)
220204/Z/20/Z,Sir Henry Dale Fellowship,Career Development (or equivalent)
220206/Z/20/Z,Discretionary Award – C&S,Directed
220209/Z/20/Z,Investigator Award in Science,Discovery Awards (or equivalent)
220212/Z/20/Z,Sir Henry Dale Fellowship,Career Development (or equivalent)
220219/Z/20/Z,Senior Research Fellowship,Discovery Awards (or equivalent)
220221/Z/20/Z,Senior Research Fellowship,Discovery Awards (or equivalent)
220223/Z/20/Z,Investigator Award in Science,Discovery Awards (or equivalent)
220225/Z/20/A,Research Enrichment - Public Engagement,Other
220225/Z/20/Z,Senior Research Fellowship,Discovery Awards (or equivalent)
220243/Z/20/Z,Collaborative Award in Science,Discovery Awards (or equivalent)
220244/Z/20/Z,Investigator Award in Science,Discovery Awards (or equivalent)
220253/Z/20/Z,Investigator Award in Science,Discovery Awards (or equivalent)
220254/Z/20/A,Research Enrichment - Public Engagement,Other
220254/Z/20/Z,Investigator Award in Science,Discovery Awards (or equivalent)
220257/B/20/Z,Investigator Award in Science,Discovery Awards (or equivalent)
220257/Z/20/Z,Investigator Award in Science,Discovery Awards (or equivalent)
220258/Z/20/Z,Investigator Award in Science,Discovery Awards (or equivalent)
220260/Z/20/Z,Investigator Award in Science,Discovery Awards (or equivalent)
220266/Z/20/Z,Investigator Award in Science,Discovery Awards (or equivalent)
220268/Z/20/Z,Investigator Award in Science,Discovery Awards (or equivalent)
220271/Z/20/Z,Investigator Award in Science,Discovery Awards (or equivalent)
220273/Z/20/Z,Senior Research Fellowship,Discovery Awards (or equivalent)
220277/Z/20/Z,Investigator Award in Science,Discovery Awards (or equivalent)
220283/Z/20/Z,Senior Research Fellowship,Discovery Awards (or equivalent)
220291/Z/20/Z,Senior Research Fellowship Renewal,Discovery Awards (or equivalent)
220295/Z/20/Z,Investigator Award in Science,Discovery Awards (or equivalent)
220296/Z/20/Z,Investigator Award in Science,Discovery Awards (or equivalent)
220298/Z/20/Z,Senior Research Fellowship Renewal,Discovery Awards (or equivalent)
220300/Z/20/Z,Investigator Award in Science,Discovery Awards (or equivalent)
220318/A/20/Z,Investigator Award in Science,Discovery Awards (or equivalent)
220318/Z/20/Z,Investigator Award in Science,Discovery Awards (or equivalent)
220321/Z/20/Z,Senior Research Fellowship Renewal,Discovery Awards (or equivalent)
220343/Z/20/Z,Collaborative Award in Science,Discovery Awards (or equivalent)
220370/Z/20/Z,Investigator Award in Science,Discovery Awards (or equivalent)
220379/B/20/Z,Collaborative Award in Science,Discovery Awards (or equivalent)
220379/C/20/Z,Collaborative Award in Science,Discovery Awards (or equivalent)
220379/D/20/Z,Collaborative Award in Science,Discovery Awards (or equivalent)
220379/E/20/Z,Collaborative Award in Science,Discovery Awards (or equivalent)
220379/Z/20/Z,Collaborative Award in Science,Discovery Awards (or equivalent)
220382/Z/20/A,Research Enrichment - Public Engagement,Other
220382/Z/20/Z,Senior Research Fellowship,Discovery Awards (or equivalent)
220387/Z/20/Z,Investigator Award in Science,Discovery Awards (or equivalent)
220390/Z/20/Z,Senior Research Fellowship,Discovery Awards (or equivalent)
220398/Z/20/Z,PhD Training Fellowship for Clinicians,Early Career (or equivalent)
220399/Z/20/Z,PhD Training Fellowship for Clinicians,Early Career (or equivalent)
220400/Z/20/Z,PhD Training Fellowship for Clinicians,Early Career (or equivalent)
220406/Z/20/Z,PhD Training Fellowship for Clinicians,Early Career (or equivalent)
220407/Z/20/Z,PhD Training Fellowship for Clinicians,Early Career (or equivalent)
220412/Z/20/Z,PhD Training Fellowship for Clinicians,Early Career (or equivalent)
220414/Z/20/Z,Sir Henry Wellcome Postdoctoral Fellowship,Early Career (or equivalent)
220416/Z/20/Z,PhD Training Fellowship for Clinicians,Early Career (or equivalent)
220421/Z/20/Z,PhD Training Fellowship for Clinicians,Early Career (or equivalent)
220422/Z/20/Z,Sir Henry Wellcome Postdoctoral Fellowship,Early Career (or equivalent)
220429/Z/20/Z,Sir Henry Wellcome Postdoctoral Fellowship,Early Career (or equivalent)
220442/Z/20/Z,Sir Henry Wellcome Postdoctoral Fellowship,Early Career (or equivalent)
220448/Z/20/Z,Sir Henry Wellcome Postdoctoral Fellowship,Early Career (or equivalent)
220450/Z/20/Z,Sir Henry Wellcome Postdoctoral Fellowship,Early Career (or equivalent)
220452/Z/20/Z,Sir Henry Wellcome Postdoctoral Fellowship,Early Career (or equivalent)
220456/Z/20/Z,Sir Henry Wellcome Postdoctoral Fellowship,Early Career (or equivalent)
220457/Z/20/Z,Sir Henry Wellcome Postdoctoral Fellowship,Early Career (or equivalent)
220463/Z/20/Z,Sir Henry Wellcome Postdoctoral Fellowship,Early Career (or equivalent)
220472/Z/20/Z,Sir Henry Wellcome Postdoctoral Fellowship,Early Career (or equivalent)
220473/Z/20/Z,Sir Henry Wellcome Postdoctoral Fellowship,Early Career (or equivalent)
220480/Z/20/Z,Sir Henry Wellcome Postdoctoral Fellowship,Early Career (or equivalent)
220488/Z/20/A,Research Enrichment - Public Engagement,Other
220488/Z/20/Z,Sir Henry Wellcome Postdoctoral Fellowship,Early Career (or equivalent)
220500/Z/20/Z,Sir Henry Wellcome Postdoctoral Fellowship,Early Career (or equivalent)
220509/Z/20/Z,PhD Training Fellowship for Clinicians,Early Career (or equivalent)
220523/Z/20/Z,PhD Training Fellowship for Clinicians,Early Career (or equivalent)
220526/A/20/Z,Strategic Support: Science,Directed
220526/B/20/Z,Strategic Support: Science,Directed
220526/Z/20/Z,Strategic Support: Science,Directed
220527/Z/20/Z,PhD Training Fellowship for Clinicians,Early Career (or equivalent)
220530/Z/20/Z,PhD Training Fellowship for Clinicians,Early Career (or equivalent)
220531/Z/20/Z,PhD Training Fellowship for Clinicians,Early Career (or equivalent)
220534/Z/20/Z,PhD Training Fellowship for Clinicians,Early Career (or equivalent)
220535/Z/20/Z,PhD Training Fellowship for Clinicians,Early Career (or equivalent)
220536/Z/20/Z,PhD Training Fellowship for Clinicians,Early Career (or equivalent)
220537/Z/20/Z,PhD Training Fellowship for Clinicians,Early Career (or equivalent)
220540/A/20/Z,Sanger Review,Directed
220540/B/20/Z,Sanger Review,Directed
220540/C/20/Z,Sanger Review,Directed
220540/D/20/Z,Sanger Review,Directed
220540/E/20/Z,Sanger Review,Directed
220540/F/20/Z,Sanger Review,Directed
220540/G/20/Z,Sanger Review,Directed
220540/Z/20/A,Sanger Review,Directed
220540/Z/20/Z,Sanger Review,Directed
220542/Z/20/Z,PhD Training Fellowship for Clinicians,Early Career (or equivalent)
220543/Z/20/Z,PhD Training Fellowship for Clinicians,Early Career (or equivalent)
220544/Z/20/Z,Strategic Support: Science,Directed
220548/Z/20/Z,PhD Training Fellowship for Clinicians,Early Career (or equivalent)
220549/Z/20/Z,PhD Training Fellowship for Clinicians,Early Career (or equivalent)
220550/Z/20/Z,PhD Training Fellowship for Clinicians,Early Career (or equivalent)
220551/Z/20/Z,PhD Training Fellowship for Clinicians,Early Career (or equivalent)
220553/Z/20/Z,PhD Training Fellowship for Clinicians,Early Career (or equivalent)
220554/Z/20/Z,PhD Training Fellowship for Clinicians,Early Career (or equivalent)
220558/Z/20/Z,PhD Training Fellowship for Clinicians,Early Career (or equivalent)
220562/Z/20/Z,PhD Training Fellowship for Clinicians,Early Career (or equivalent)
220564/Z/20/Z,PhD Training Fellowship for Clinicians,Early Career (or equivalent)
220565/Z/20/Z,PhD Training Fellowship for Clinicians,Early Career (or equivalent)
220566/Z/20/Z,PhD Training Fellowship for Clinicians,Early Career (or equivalent)
220572/Z/20/Z,PhD Training Fellowship for Clinicians,Early Career (or equivalent)
220573/Z/20/Z,PhD Training Fellowship for Clinicians,Early Career (or equivalent)
220574/Z/20/Z,PhD Training Fellowship for Clinicians,Early Career (or equivalent)
220575/Z/20/Z,Sir Henry Dale Fellowship,Career Development (or equivalent)
220576/Z/20/Z,PhD Training Fellowship for Clinicians,Early Career (or equivalent)
220577/Z/20/Z,PhD Training Fellowship for Clinicians,Early Career (or equivalent)
220580/Z/20/Z,PhD Training Fellowship for Clinicians,Early Career (or equivalent)
220581/Z/20/Z,PhD Training Fellowship for Clinicians,Early Career (or equivalent)
220582/Z/20/Z,PhD Training Fellowship for Clinicians,Early Career (or equivalent)
220584/Z/20/Z,PhD Training Fellowship for Clinicians,Early Career (or equivalent)
220586/Z/20/Z,PhD Training Fellowship for Clinicians,Early Career (or equivalent)
220587/Z/20/Z,Sir Henry Dale Fellowship,Career Development (or equivalent)
220589/Z/20/Z,Clinical Research Career Development Fellowship,Career Development (or equivalent)
220592/Z/20/Z,PhD Training Fellowship for Clinicians,Early Career (or equivalent)
220593/Z/20/Z,PhD Training Fellowship for Clinicians,Early Career (or equivalent)
220594/Z/20/Z,PhD Training Fellowship for Clinicians,Early Career (or equivalent)
220596/Z/20/Z,PhD Training Fellowship for Clinicians,Early Career (or equivalent)
220597/Z/20/Z,Sir Henry Dale Fellowship,Career Development (or equivalent)
220600/Z/20/Z,PhD Training Fellowship for Clinicians,Early Career (or equivalent)
220601/Z/20/Z,PhD Training Fellowship for Clinicians,Early Career (or equivalent)
220607/Z/20/Z,PhD Training Fellowship for Clinicians,Early Career (or equivalent)
220620/Z/20/Z,Sir Henry Dale Fellowship,Career Development (or equivalent)
220622/Z/20/Z,Sir Henry Dale Fellowship,Career Development (or equivalent)
220628/Z/20/Z,Sir Henry Dale Fellowship,Career Development (or equivalent)
220640/Z/20/Z,PhD Training Fellowship for Clinicians,Early Career (or equivalent)
220646/Z/20/Z,Research Career Development Fellowship,Career Development (or equivalent)
220656/Z/20/Z,Sir Henry Dale Fellowship,Career Development (or equivalent)
220658/Z/20/Z,Sir Henry Dale Fellowship,Career Development (or equivalent)
220659/Z/20/Z,PhD Training Fellowship for Clinicians,Early Career (or equivalent)
220661/Z/20/Z,PhD Training Fellowship for Clinicians,Early Career (or equivalent)
220666/Z/20/Z,PhD Training Fellowship for Clinicians,Early Career (or equivalent)
220667/Z/20/Z,PhD Training Fellowship for Clinicians,Early Career (or equivalent)
220668/Z/20/Z,Clinical Research Career Development Fellowship,Career Development (or equivalent)
220671/Z/20/Z,PhD Training Fellowship for Clinicians,Early Career (or equivalent)
220679/Z/20/Z,Clinical Research Career Development Fellowship,Career Development (or equivalent)
220680/Z/20/Z,Clinical Research Career Development Fellowship,Career Development (or equivalent)
220684/Z/20/Z,International Intermediate Fellowship,Career Development (or equivalent)
220690/Z/20/Z,International Training Fellowship,Early Career (or equivalent)
220703/Z/20/Z,Clinical Research Career Development Fellowship,Career Development (or equivalent)
220704/Z/20/Z,International Training Fellowship,Early Career (or equivalent)
220708/Z/20/Z,Clinical Research Career Development Fellowship,Career Development (or equivalent)
220711/Z/20/Z,Clinical Research Career Development Fellowship,Career Development (or equivalent)
220717/Z/20/Z,International Training Fellowship,Early Career (or equivalent)
220720/Z/20/Z,International Intermediate Fellowship,Career Development (or equivalent)
220725/Z/20/Z,Clinical Research Career Development Fellowship,Career Development (or equivalent)
220727/Z/20/Z,Clinical Research Career Development Fellowship,Career Development (or equivalent)
220737/Z/20/Z,International Intermediate Fellowship,Career Development (or equivalent)
220740/Z/20/Z,International Intermediate Fellowship,Career Development (or equivalent)
220747/Z/20/Z,PhD Training Fellowship for Clinicians,Early Career (or equivalent)
220755/Z/20/Z,Sir Henry Dale Fellowship,Career Development (or equivalent)
220759/Z/20/Z,Investigator Award in Science,Discovery Awards (or equivalent)
220772/A/20/Z,Sanger Resource Collaboration,Directed
220772/Z/20/Z,Investigator Award in Science,Discovery Awards (or equivalent)
220776/Z/20/Z,Investigator Award in Science,Discovery Awards (or equivalent)
220780/Z/20/Z,Investigator Award in Science,Discovery Awards (or equivalent)
220784/A/20/Z,Investigator Award in Science,Discovery Awards (or equivalent)
220784/Z/20/Z,Investigator Award in Science,Discovery Awards (or equivalent)
220788/Z/20/Z,Senior Research Fellowship Renewal,Discovery Awards (or equivalent)
220790/Z/20/Z,Investigator Award in Science,Discovery Awards (or equivalent)
220794/Z/20/Z,Collaborative Award in Science,Discovery Awards (or equivalent)
220797/Z/20/Z,Investigator Award in Science,Discovery Awards (or equivalent)
220799/Z/20/Z,Investigator Award in Science,Discovery Awards (or equivalent)
220808/Z/20/Z,Investigator Award in Science,Discovery Awards (or equivalent)
220810/Z/20/Z,Investigator Award in Science,Discovery Awards (or equivalent)
220814/Z/20/Z,Senior Research Fellowship Renewal,Discovery Awards (or equivalent)
220818/Z/20/Z,Investigator Award in Science,Discovery Awards (or equivalent)
220857/Z/20/Z,Investigator Award in Science,Discovery Awards (or equivalent)
220861/Z/20/Z,Investigator Award in Science,Discovery Awards (or equivalent)
220863/Z/20/Z,Investigator Award in Science,Discovery Awards (or equivalent)
220866/Z/20/Z,Collaborative Award in Science,Discovery Awards (or equivalent)
220870/Z/20/Z,Collaborative Award in Science,Discovery Awards (or equivalent)
220872/Z/20/A,Research Enrichment - Diversity and Inclusion,Other
220872/Z/20/Z,Investigator Award in Science,Discovery Awards (or equivalent)
220875/Z/20/Z,Senior Research Fellowship Renewal,Discovery Awards (or equivalent)
220876/Z/20/Z,Investigator Award in Science,Discovery Awards (or equivalent)
220885/Z/20/Z,Investigator Award in Science,Discovery Awards (or equivalent)
220886/Z/20/Z,Senior Research Fellowship,Discovery Awards (or equivalent)
220887/Z/20/Z,Investigator Award in Science,Discovery Awards (or equivalent)
220895/Z/20/Z,Investigator Award in Science,Discovery Awards (or equivalent)
220900/Z/20/Z,Investigator Award in Science,Discovery Awards (or equivalent)
220906/Z/20/Z,Collaborative Award in Science,Discovery Awards (or equivalent)
220948/Z/20/Z,Research Resources Award,Directed
220953/Z/20/Z,Strategic Support: Science,Directed
221021/Z/20/Z,Research Fellowship in H&SS,Discovery Awards (or equivalent)
221038/Z/20/Z,Research Fellowship in H&SS,Discovery Awards (or equivalent)
221044/Z/20/Z,Principal Research Fellowship Renewal,Discovery Awards (or equivalent)
221052/A/20/Z,Strategic Support: Science,Directed
221052/B/20/Z,Strategic Support: Science,Directed
221052/C/20/Z,Strategic Support: Science,Directed
221052/E/20/Z,Sanger Resource Collaboration,Directed
221052/Z/20/Z,Strategic Support: Science,Directed
221213/Z/20/B,Research Enrichment - Diversity and Inclusion,Other
221213/Z/20/C,Research Enrichment - Public Engagement,Other
221213/Z/20/Z,Research Fellowship in H&SS,Discovery Awards (or equivalent)
221220/Z/20/Z,Research Fellowship in H&SS,Discovery Awards (or equivalent)
221252/Z/20/Z,Research Fellowship in H&SS,Discovery Awards (or equivalent)
221255/Z/20/Z,University Award in H&SS,Career Development (or equivalent)
221266/Z/20/Z,Investigator Award in H&SS,Discovery Awards (or equivalent)
221267/Z/20/Z,Strategic Support: Science,Directed
221269/Z/20/Z,Investigator Award in H&SS,Discovery Awards (or equivalent)
221273/Z/20/Z,Investigator Award in H&SS,Discovery Awards (or equivalent)
221283/A/20/Z,Investigator Award in H&SS,Discovery Awards (or equivalent)
221283/B/20/Z,Residual Award,Other
221283/Z/20/Z,Investigator Award in H&SS,Discovery Awards (or equivalent)
221295/Z/20/Z,Technology Development Grant,Discovery Awards (or equivalent)
221299/Z/20/A,Research Enrichment - Public Engagement,Other
221299/Z/20/Z,Investigator Award in H&SS,Discovery Awards (or equivalent)
221300/Z/20/Z,Strategic Support: Science,Directed
221302/Z/20/Z,Biomedical Resources Grant,Directed
221305/A/20/Z,Collaborative Award in H&SS,Discovery Awards (or equivalent)
221305/B/20/Z,Collaborative Award in H&SS,Discovery Awards (or equivalent)
221305/C/20/Z,Collaborative Award in H&SS,Discovery Awards (or equivalent)
221305/Z/20/Z,Collaborative Award in H&SS,Discovery Awards (or equivalent)
221311/Z/20/Z,PhD Training Fellowship for Clinicians,Early Career (or equivalent)
221320/Z/20/Z,Biomedical Resources Grant,Directed
221321/Z/20/Z,Collaborative Award in H&SS,Discovery Awards (or equivalent)
221327/Z/20/Z,Biomedical Resources Grant,Directed
221349/Z/20/Z,Technology Development Grant,Discovery Awards (or equivalent)
221360/Z/20/Z,Technology Development Grant,Discovery Awards (or equivalent)
221361/Z/20/Z,Technology Development Grant,Discovery Awards (or equivalent)
221367/Z/20/Z,Technology Development Grant,Discovery Awards (or equivalent)
221368/Z/20/Z,Biomedical Resources Grant,Directed
221371/Z/20/Z,Biomedical Resources Grant,Directed
221372/Z/20/Z,Biomedical Resources Grant,Directed
221380/Z/20/Z,Research Resources Award,Directed
221384/Z/20/Z,Research Resources Award,Directed
221387/Z/20/Z,Research Resources Award,Directed
221389/Z/20/Z,WT/POST Fellowship,Other
221390/Z/20/Z,AMS Partnership Scheme,Other
221393/Z/20/Z,Research Resources Award,Directed
221395/Z/20/Z,Research Resources Award,Directed
221401/Z/20/Z,Biomedical Resources Grant,Directed
221418/Z/20/Z,International Masters Fellowship,Early Career (or equivalent)
221454/Z/20/Z,WT/POST Fellowship,Other
221455/Z/20/Z,WT/POST Fellowship,Other
221465/Z/20/Z,International Masters Fellowship,Early Career (or equivalent)
221474/Z/20/Z,WT/POST Fellowship,Other
221483/Z/20/Z,International Masters Fellowship,Early Career (or equivalent)
221508/Z/20/Z,Multi-User Equipment Grant,Directed
221520/Z/20/Z,Multi-User Equipment Grant,Directed
221521/Z/20/Z,Multi-User Equipment Grant,Directed
221522/Z/20/Z,Multi-User Equipment Grant,Directed
221524/Z/20/Z,Multi-User Equipment Grant,Directed
221529/Z/20/Z,Multi-User Equipment Grant,Directed
221538/Z/20/Z,Multi-User Equipment Grant,Directed
221542/Z/20/Z,Multi-User Equipment Grant,Directed
221543/Z/20/Z,Multi-User Equipment Grant,Directed
221544/Z/20/Z,Multi-User Equipment Grant,Directed
221546/Z/20/Z,Multi-User Equipment Grant,Directed
221548/Z/20/Z,Multi-User Equipment Grant,Directed
221574/Z/20/Z,Strategic Support: Science,Directed
221581/Z/20/A,Strategic Support: Science,Directed
221581/Z/20/Z,Strategic Support: Science,Directed
221582/Z/20/Z,Strategic Support: Science,Directed
221604/Z/20/Z,Career Re-Entry Fellowship,Early Career (or equivalent)
221607/Z/20/Z,Sir Henry Wellcome Postdoctoral Fellowship,Early Career (or equivalent)
221610/Z/20/Z,Sir Henry Wellcome Postdoctoral Fellowship,Early Career (or equivalent)
221611/Z/20/Z,Sir Henry Wellcome Postdoctoral Fellowship,Early Career (or equivalent)
221612/Z/20/Z,Sir Henry Wellcome Postdoctoral Fellowship,Early Career (or equivalent)
221634/Z/20/Z,Sir Henry Wellcome Postdoctoral Fellowship,Early Career (or equivalent)
221640/Z/20/Z,Sir Henry Wellcome Postdoctoral Fellowship,Early Career (or equivalent)
221647/Z/20/Z,Sir Henry Wellcome Postdoctoral Fellowship,Early Career (or equivalent)
221650/Z/20/Z,Sir Henry Wellcome Postdoctoral Fellowship,Early Career (or equivalent)
221651/Z/20/Z,Sir Henry Wellcome Postdoctoral Fellowship,Early Career (or equivalent)
221657/Z/20/Z,Sir Henry Wellcome Postdoctoral Fellowship,Early Career (or equivalent)
221663/Z/20/Z,Sir Henry Wellcome Postdoctoral Fellowship,Early Career (or equivalent)
221674/Z/20/Z,Sir Henry Wellcome Postdoctoral Fellowship,Early Career (or equivalent)
221678/Z/20/Z,Career Re-Entry Fellowship,Early Career (or equivalent)
221680/Z/20/Z,Sir Henry Wellcome Postdoctoral Fellowship,Early Career (or equivalent)
221681/Z/20/Z,Sir Henry Wellcome Postdoctoral Fellowship,Early Career (or equivalent)
221690/Z/20/Z,Clinical Research Career Development Fellowship,Career Development (or equivalent)
221699/Z/20/Z,Investigator Award in Science,Discovery Awards (or equivalent)
221717/Z/20/Z,Investigator Award in Science,Discovery Awards (or equivalent)
221725/Z/20/Z,Investigator Award in Science,Discovery Awards (or equivalent)
221737/Z/20/Z,Senior Research Fellowship,Discovery Awards (or equivalent)
221745/Z/20/Z,Sir Henry Dale Fellowship,Career Development (or equivalent)
221749/Z/20/Z,Investigator Award in Science,Discovery Awards (or equivalent)
221761/Z/20/Z,Sir Henry Dale Fellowship,Career Development (or equivalent)
221769/Z/20/Z,Investigator Award in Science,Discovery Awards (or equivalent)
221774/Z/20/Z,Collaborative Award in Science,Discovery Awards (or equivalent)
221776/Z/20/Z,Investigator Award in Science,Discovery Awards (or equivalent)
221782/Z/20/Z,Investigator Award in Science,Discovery Awards (or equivalent)
221784/Z/20/Z,Sir Henry Dale Fellowship,Career Development (or equivalent)
221786/Z/20/Z,Investigator Award in Science,Discovery Awards (or equivalent)
221794/Z/20/Z,Investigator Award in Science,Discovery Awards (or equivalent)
221795/Z/20/Z,Investigator Award in Science,Discovery Awards (or equivalent)
221803/Z/20/Z,Investigator Award in Science,Discovery Awards (or equivalent)
221805/Z/20/Z,Sir Henry Dale Fellowship,Career Development (or equivalent)
221807/Z/20/Z,Investigator Award in Science,Discovery Awards (or equivalent)
221817/Z/20/Z,Sir Henry Dale Fellowship,Career Development (or equivalent)
221818/Z/20/Z,Sir Henry Dale Fellowship,Career Development (or equivalent)
221824/A/20/Z,Sanger Resource Collaboration,Directed
221824/Z/20/Z,Senior Research Fellowship,Discovery Awards (or equivalent)
221826/Z/20/Z,Investigator Award in Science,Discovery Awards (or equivalent)
221854/Z/20/Z,Collaborative Award in Science,Discovery Awards (or equivalent)
221856/Z/20/Z,Investigator Award in Science,Discovery Awards (or equivalent)
221857/Z/20/Z,Senior Research Fellowship,Discovery Awards (or equivalent)
221859/Z/20/Z,International Intermediate Fellowship,Career Development (or equivalent)
221868/Z/20/Z,Sir Henry Dale Fellowship,Career Development (or equivalent)
221881/Z/20/Z,Investigator Award in Science,Discovery Awards (or equivalent)
221890/Z/20/Z,Sir Henry Dale Fellowship,Career Development (or equivalent)
221892/Z/20/Z,Investigator Award in Science,Discovery Awards (or equivalent)
221908/Z/20/Z,Investigator Award in Science,Discovery Awards (or equivalent)
221914/Z/20/Z,Investigator Award in Science,Discovery Awards (or equivalent)
221915/Z/20/Z,Investigator Award in Science,Discovery Awards (or equivalent)
221924/Z/20/Z,Investigator Award in Science,Discovery Awards (or equivalent)
221933/Z/20/Z,Senior Research Fellowship,Discovery Awards (or equivalent)
221934/Z/20/Z,Investigator Award in Science,Discovery Awards (or equivalent)
221936/Z/20/Z,Investigator Award in Science,Discovery Awards (or equivalent)
221940/Z/20/Z,Collaborative Award in Science,Discovery Awards (or equivalent)
221944/A/20/Z,Collaborative Award in Science,Discovery Awards (or equivalent)
221944/Z/20/Z,Collaborative Award in Science,Discovery Awards (or equivalent)
221951/Z/20/Z,Investigator Award in Science,Discovery Awards (or equivalent)
221963/Z/20/A,Research Enrichment - Public Engagement,Other
221963/Z/20/Z,Sir Henry Dale Fellowship,Career Development (or equivalent)
221978/Z/20/Z,Sir Henry Dale Fellowship,Career Development (or equivalent)
221991/Z/20/Z,International Intermediate Fellowship,Career Development (or equivalent)
221995/Z/20/Z,International Training Fellowship,Early Career (or equivalent)
221997/Z/20/Z,International Intermediate Fellowship,Career Development (or equivalent)
221998/Z/20/Z,International Intermediate Fellowship,Career Development (or equivalent)
222001/Z/20/Z,International Training Fellowship,Early Career (or equivalent)
222005/Z/20/Z,International Intermediate Fellowship,Career Development (or equivalent)
222007/Z/20/Z,International Training Fellowship,Early Career (or equivalent)
222011/Z/20/Z,International Training Fellowship,Early Career (or equivalent)
222020/Z/20/Z,International Intermediate Fellowship,Career Development (or equivalent)
222049/Z/20/Z,Clinical Research Career Development Fellowship,Career Development (or equivalent)
222052/Z/20/Z,Clinical Research Career Development Fellowship,Career Development (or equivalent)
222056/Z/20/Z,Clinical Research Career Development Fellowship,Career Development (or equivalent)
222071/Z/20/Z,Clinical Research Career Development Fellowship,Career Development (or equivalent)
222075/Z/20/A,Research Enrichment - Public Engagement,Other
222075/Z/20/Z,Clinical Research Career Development Fellowship,Career Development (or equivalent)
222096/A/20/Z,Sanger Resource Collaboration,Directed
222096/Z/20/Z,Clinical Research Career Development Fellowship,Career Development (or equivalent)
222098/Z/20/Z,Clinical Research Career Development Fellowship,Career Development (or equivalent)
222101/Z/20/Z,Clinical Research Career Development Fellowship,Career Development (or equivalent)
222102/Z/20/Z,Clinical Research Career Development Fellowship,Career Development (or equivalent)
222119/Z/20/Z,International Masters Fellowship,Early Career (or equivalent)
222125/A/20/Z,International Masters Fellowship,Early Career (or equivalent)
222125/Z/20/Z,International Masters Fellowship,Early Career (or equivalent)
222134/Z/20/Z,International Masters Fellowship,Early Career (or equivalent)
222155/Z/20/Z,Strategic Support: Science,Directed
222157/Z/20/Z,University Award in H&SS,Career Development (or equivalent)
222158/A/20/Z,Discretionary Award,Other
222158/Z/20/Z,Strategic Support: Science,Directed
222163/Z/20/Z,Strategic Support: Science,Directed
222175/A/20/Z,Research Fellowship in H&SS,Discovery Awards (or equivalent)
222175/Z/20/Z,Research Fellowship in H&SS,Discovery Awards (or equivalent)
222177/Z/20/Z,Research Fellowship in H&SS,Discovery Awards (or equivalent)
222191/Z/20/Z,Research Fellowship in H&SS,Discovery Awards (or equivalent)
222192/Z/20/Z,Research Fellowship in H&SS,Discovery Awards (or equivalent)
222193/Z/20/Z,Research Fellowship in H&SS,Discovery Awards (or equivalent)
222199/Z/20/Z,Research Fellowship in H&SS,Discovery Awards (or equivalent)
222203/Z/20/Z,University Award in H&SS,Career Development (or equivalent)
222213/Z/20/Z,PhD Training Fellowship for Clinicians,Early Career (or equivalent)
222243/Z/20/Z,Strategic Support: Science,Directed
222402/Z/21/Z,PhD Training Fellowship for Clinicians,Early Career (or equivalent)
222424/Z/21/Z,PhD Training Fellowship for Clinicians,Early Career (or equivalent)
222425/Z/21/Z,PhD Training Fellowship for Clinicians,Early Career (or equivalent)
222426/Z/21/Z,Investigator Award in Science,Discovery Awards (or equivalent)
222433/Z/21/Z,Investigator Award in Science,Discovery Awards (or equivalent)
222446/Z/21/Z,Principal Research Fellowship Renewal,Discovery Awards (or equivalent)
222451/Z/21/Z,Investigator Award in Science,Discovery Awards (or equivalent)
222457/Z/21/Z,Principal Research Fellowship Renewal,Discovery Awards (or equivalent)
222460/Z/21/Z,Investigator Award in Science,Discovery Awards (or equivalent)
222487/Z/21/Z,Investigator Award in Science,Discovery Awards (or equivalent)
222490/Z/21/Z,Investigator Award in Science,Discovery Awards (or equivalent)
222493/Z/21/Z,Investigator Award in Science,Discovery Awards (or equivalent)
222494/Z/21/Z,Investigator Award in Science,Discovery Awards (or equivalent)
222497/Z/21/Z,Investigator Award in Science,Discovery Awards (or equivalent)
222499/Z/21/Z,Collaborative Award in Science,Discovery Awards (or equivalent)
222503/Z/21/Z,Investigator Award in Science,Discovery Awards (or equivalent)
222506/Z/21/Z,Collaborative Award in Science,Discovery Awards (or equivalent)
222507/Z/21/Z,Investigator Award in Science,Discovery Awards (or equivalent)
222510/Z/21/Z,Investigator Award in Science,Discovery Awards (or equivalent)
222516/Z/21/Z,Principal Research Fellowship Renewal,Discovery Awards (or equivalent)
222519/Z/21/Z,Investigator Award in Science,Discovery Awards (or equivalent)
222528/Z/21/Z,Investigator Award in Science,Discovery Awards (or equivalent)
222530/Z/21/Z,Investigator Award in Science,Discovery Awards (or equivalent)
222531/Z/21/Z,Senior Research Fellowship,Discovery Awards (or equivalent)
222535/Z/21/Z,Investigator Award in Science,Discovery Awards (or equivalent)
222546/A/21/Z,Sanger Resource Collaboration,Directed
222546/Z/21/Z,Sir Henry Dale Fellowship,Career Development (or equivalent)
222551/A/21/Z,Sanger Resource Collaboration,Directed
222551/Z/21/Z,Investigator Award in Science,Discovery Awards (or equivalent)
222566/Z/21/Z,Sir Henry Dale Fellowship,Career Development (or equivalent)
222567/Z/21/Z,Sir Henry Dale Fellowship,Career Development (or equivalent)
222573/Z/21/Z,Sir Henry Dale Fellowship,Career Development (or equivalent)
222575/Z/21/Z,Sir Henry Dale Fellowship,Career Development (or equivalent)
222582/Z/21/Z,Sir Henry Dale Fellowship,Career Development (or equivalent)
222583/Z/21/Z,Sir Henry Dale Fellowship,Career Development (or equivalent)
222588/Z/21/Z,Sir Henry Dale Fellowship,Career Development (or equivalent)
222623/Z/21/Z,Sir Henry Dale Fellowship,Career Development (or equivalent)
222747/Z/21/Z,Sir Henry Wellcome Postdoctoral Fellowship,Early Career (or equivalent)
222748/Z/21/Z,Sir Henry Wellcome Postdoctoral Fellowship,Early Career (or equivalent)
222750/Z/21/Z,Sir Henry Wellcome Postdoctoral Fellowship,Early Career (or equivalent)
222767/Z/21/Z,Sir Henry Wellcome Postdoctoral Fellowship,Early Career (or equivalent)
222770/Z/21/Z,Sir Henry Wellcome Postdoctoral Fellowship,Early Career (or equivalent)
222777/Z/21/Z,Sir Henry Wellcome Postdoctoral Fellowship,Early Career (or equivalent)
222781/Z/21/Z,Sir Henry Wellcome Postdoctoral Fellowship,Early Career (or equivalent)
222782/Z/21/Z,Sir Henry Wellcome Postdoctoral Fellowship,Early Career (or equivalent)
222793/Z/21/Z,Sir Henry Wellcome Postdoctoral Fellowship,Early Career (or equivalent)
222795/Z/21/Z,Sir Henry Wellcome Postdoctoral Fellowship,Early Career (or equivalent)
222799/Z/21/Z,Sir Henry Wellcome Postdoctoral Fellowship,Early Career (or equivalent)
222800/Z/21/Z,Sir Henry Wellcome Postdoctoral Fellowship,Early Career (or equivalent)
222807/Z/21/Z,Sir Henry Wellcome Postdoctoral Fellowship,Early Career (or equivalent)
222810/Z/21/Z,Sir Henry Wellcome Postdoctoral Fellowship,Early Career (or equivalent)
222811/Z/21/Z,Sir Henry Wellcome Postdoctoral Fellowship,Early Career (or equivalent)
222817/Z/21/Z,Sir Henry Wellcome Postdoctoral Fellowship,Early Career (or equivalent)
222822/Z/21/Z,Sir Henry Wellcome Postdoctoral Fellowship,Early Career (or equivalent)
222825/Z/21/Z,Sir Henry Wellcome Postdoctoral Fellowship,Early Career (or equivalent)
222829/Z/21/Z,Sir Henry Wellcome Postdoctoral Fellowship,Early Career (or equivalent)
222849/Z/21/Z,PhD Training Fellowship for Clinicians,Early Career (or equivalent)
222850/Z/21/Z,PhD Training Fellowship for Clinicians,Early Career (or equivalent)
222855/Z/21/Z,PhD Training Fellowship for Clinicians,Early Career (or equivalent)
222880/Z/21/Z,PhD Training Fellowship for Clinicians,Early Career (or equivalent)
222882/Z/21/Z,PhD Training Fellowship for Clinicians,Early Career (or equivalent)
222883/Z/21/Z,PhD Training Fellowship for Clinicians,Early Career (or equivalent)
222886/Z/21/Z,PhD Training Fellowship for Clinicians,Early Career (or equivalent)
222889/Z/21/Z,PhD Training Fellowship for Clinicians,Early Career (or equivalent)
222890/Z/21/Z,PhD Training Fellowship for Clinicians,Early Career (or equivalent)
222893/Z/21/Z,PhD Training Fellowship for Clinicians,Early Career (or equivalent)
222894/Z/21/Z,PhD Training Fellowship for Clinicians,Early Career (or equivalent)
222895/Z/21/Z,PhD Training Fellowship for Clinicians,Early Career (or equivalent)
222896/Z/21/Z,PhD Training Fellowship for Clinicians,Early Career (or equivalent)
222901/Z/21/Z,PhD Training Fellowship for Clinicians,Early Career (or equivalent)
222902/Z/21/Z,PhD Training Fellowship for Clinicians,Early Career (or equivalent)
222903/Z/21/Z,PhD Training Fellowship for Clinicians,Early Career (or equivalent)
222907/Z/21/Z,PhD Training Fellowship for Clinicians,Early Career (or equivalent)
222910/Z/21/Z,PhD Training Fellowship for Clinicians,Early Career (or equivalent)
222911/Z/21/Z,PhD Training Fellowship for Clinicians,Early Career (or equivalent)
222912/Z/21/Z,PhD Training Fellowship for Clinicians,Early Career (or equivalent)
222913/Z/21/Z,Clinical Research Career Development Fellowship,Career Development (or equivalent)
222915/Z/21/Z,PhD Training Fellowship for Clinicians,Early Career (or equivalent)
222918/Z/21/Z,PhD Training Fellowship for Clinicians,Early Career (or equivalent)
222919/Z/21/Z,PhD Training Fellowship for Clinicians,Early Career (or equivalent)
222920/Z/21/Z,PhD Training Fellowship for Clinicians,Early Career (or equivalent)
222921/Z/21/Z,PhD Training Fellowship for Clinicians,Early Career (or equivalent)
222922/Z/21/Z,PhD Training Fellowship for Clinicians,Early Career (or equivalent)
222924/Z/21/Z,PhD Training Fellowship for Clinicians,Early Career (or equivalent)
222925/Z/21/Z,PhD Training Fellowship for Clinicians,Early Career (or equivalent)
222926/Z/21/Z,PhD Training Fellowship for Clinicians,Early Career (or equivalent)
222927/Z/21/Z,PhD Training Fellowship for Clinicians,Early Career (or equivalent)
222930/Z/21/Z,PhD Training Fellowship for Clinicians,Early Career (or equivalent)
222931/Z/21/Z,PhD Training Fellowship for Clinicians,Early Career (or equivalent)
222932/Z/21/Z,Clinical Research Career Development Fellowship,Career Development (or equivalent)
222933/Z/21/Z,PhD Training Fellowship for Clinicians,Early Career (or equivalent)
222934/Z/21/Z,PhD Training Fellowship for Clinicians,Early Career (or equivalent)
222937/Z/21/Z,PhD Training Fellowship for Clinicians,Early Career (or equivalent)
222938/Z/21/Z,PhD Training Fellowship for Clinicians,Early Career (or equivalent)
222939/Z/21/Z,PhD Training Fellowship for Clinicians,Early Career (or equivalent)
222941/Z/21/Z,International Training Fellowship,Early Career (or equivalent)
222947/Z/21/Z,PhD Training Fellowship for Clinicians,Early Career (or equivalent)
222967/A/21/Z,Sanger Resource Collaboration,Directed
222967/B/21/Z,International Intermediate Fellowship,Career Development (or equivalent)
222967/Z/21/Z,International Intermediate Fellowship,Career Development (or equivalent)
222968/Z/21/Z,International Intermediate Fellowship,Career Development (or equivalent)
222970/Z/21/Z,Clinical Research Career Development Fellowship,Career Development (or equivalent)
222972/Z/21/Z,International Training Fellowship,Early Career (or equivalent)
222983/Z/21/Z,International Training Fellowship,Early Career (or equivalent)
222984/Z/21/Z,Strategic Support: Science,Directed
222986/Z/21/Z,International Training Fellowship,Early Career (or equivalent)
222991/Z/21/Z,PhD Training Fellowship for Clinicians,Early Career (or equivalent)
222992/Z/21/Z,International Training Fellowship,Early Career (or equivalent)
222999/Z/21/Z,International Intermediate Fellowship,Career Development (or equivalent)
223004/Z/21/Z,Clinical Research Career Development Fellowship,Career Development (or equivalent)
223008/Z/21/Z,Clinical Research Career Development Fellowship,Career Development (or equivalent)
223010/Z/21/Z,International Intermediate Fellowship,Career Development (or equivalent)
223011/Z/21/Z,Clinical Research Career Development Fellowship,Career Development (or equivalent)
223012/A/21/Z,Sanger Resource Collaboration,Directed
223012/Z/21/Z,International Training Fellowship,Early Career (or equivalent)
223022/Z/21/Z,Investigator Award in Science,Discovery Awards (or equivalent)
223023/Z/21/Z,Clinical Research Career Development Fellowship,Career Development (or equivalent)
223024/Z/21/Z,Clinical Research Career Development Fellowship,Career Development (or equivalent)
223029/Z/21/Z,PhD Training Fellowship for Clinicians,Early Career (or equivalent)
223045/Z/21/Z,Investigator Award in Science,Discovery Awards (or equivalent)
223047/Z/21/Z,PhD Training Fellowship for Clinicians,Early Career (or equivalent)
223049/Z/21/Z,Investigator Award in Science,Discovery Awards (or equivalent)
223054/Z/21/Z,Investigator Award in Science,Discovery Awards (or equivalent)
223057/Z/21/Z,Investigator Award in Science,Discovery Awards (or equivalent)
223058/Z/21/Z,PhD Training Fellowship for Clinicians,Early Career (or equivalent)
223065/Z/21/Z,Investigator Award in Science,Discovery Awards (or equivalent)
223082/Z/21/Z,Collaborative Award in Science,Discovery Awards (or equivalent)
223088/Z/21/Z,PhD Training Fellowship for Clinicians,Early Career (or equivalent)
223091/Z/21/Z,Senior Research Fellowship,Discovery Awards (or equivalent)
223092/Z/21/Z,Senior Research Fellowship Renewal,Discovery Awards (or equivalent)
223097/Z/21/Z,Investigator Award in Science,Discovery Awards (or equivalent)
223099/Z/21/Z,Principal Research Fellowship Renewal,Discovery Awards (or equivalent)
223100/Z/21/Z,Senior Research Fellowship,Discovery Awards (or equivalent)
223103/Z/21/Z,Principal Research Fellowship Renewal,Discovery Awards (or equivalent)
223106/Z/21/Z,Investigator Award in Science,Discovery Awards (or equivalent)
223107/Z/21/Z,Collaborative Award in Science,Discovery Awards (or equivalent)
223120/Z/21/Z,Collaborative Award in Science,Discovery Awards (or equivalent)
223125/Z/21/Z,Investigator Award in Science,Discovery Awards (or equivalent)
223131/Z/21/Z,Collaborative Award in Science,Discovery Awards (or equivalent)
223133/Z/21/Z,Collaborative Award in Science,Discovery Awards (or equivalent)
223135/Z/21/Z,Senior Research Fellowship,Discovery Awards (or equivalent)
223136/Z/21/Z,Investigator Award in Science,Discovery Awards (or equivalent)
223144/Z/21/Z,Investigator Award in Science,Discovery Awards (or equivalent)
223149/Z/21/Z,Investigator Award in Science,Discovery Awards (or equivalent)
223153/Z/21/Z,Investigator Award in Science,Discovery Awards (or equivalent)
223164/Z/21/Z,Senior Research Fellowship,Discovery Awards (or equivalent)
223165/A/21/Z,Collaborative Award in Science,Discovery Awards (or equivalent)
223165/B/21/Z,Collaborative Award in Science,Discovery Awards (or equivalent)
223165/Z/21/Z,Collaborative Award in Science,Discovery Awards (or equivalent)
223187/Z/21/Z,Senior Research Fellowship,Discovery Awards (or equivalent)
223189/Z/21/Z,Investigator Award in Science,Discovery Awards (or equivalent)
223194/Z/21/Z,Investigator Award in Science,Discovery Awards (or equivalent)
223196/Z/21/Z,Investigator Award in Science,Discovery Awards (or equivalent)
223197/Z/21/Z,Investigator Award in Science,Discovery Awards (or equivalent)
223202/Z/21/Z,Collaborative Award in Science,Discovery Awards (or equivalent)
223210/Z/21/Z,Investigator Award in Science,Discovery Awards (or equivalent)
223221/Z/21/Z,Sir Henry Dale Fellowship,Career Development (or equivalent)
223235/Z/21/Z,Sir Henry Dale Fellowship,Career Development (or equivalent)
223248/Z/21/Z,Sir Henry Dale Fellowship,Career Development (or equivalent)
223253/Z/21/Z,Sir Henry Dale Fellowship,Career Development (or equivalent)
223263/Z/21/Z,Sir Henry Dale Fellowship,Career Development (or equivalent)
223264/Z/21/Z,Sir Henry Dale Fellowship,Career Development (or equivalent)
223267/Z/21/Z,Sir Henry Dale Fellowship,Career Development (or equivalent)
223268/Z/21/Z,Sir Henry Dale Fellowship,Career Development (or equivalent)
223279/Z/21/Z,Sir Henry Dale Fellowship,Career Development (or equivalent)
223307/Z/21/Z,Strategic Support: Science,Directed
223486/Z/21/Z,PhD Programme for Health Professionals,Directed
223492/Z/21/Z,PhD Programme for Health Professionals,Directed
223495/Z/21/Z,PhD Programme for Health Professionals,Directed
223497/Z/21/Z,PhD Programme for Health Professionals,Directed
223499/Z/21/Z,PhD Programme for Health Professionals,Directed
223500/Z/21/Z,PhD Programme for Health Professionals,Directed
223501/Z/21/Z,PhD Programme for Health Professionals,Directed
223502/Z/21/Z,PhD Programme for Health Professionals,Directed
223508/Z/21/Z,PhD Programme for Health Professionals,Directed
223512/Z/21/Z,PhD Programme for Health Professionals,Directed
223521/Z/21/Z,PhD Programme for Health Professionals,Directed
223527/Z/21/Z,PhD Programme for Health Professionals,Directed
223537/A/21/Z,Strategic Support: Science,Directed
223537/B/21/Z,Strategic Support: Science,Directed
223537/C/21/Z,Strategic Support: Science,Directed
223537/Z/21/A,Strategic Support: Science,Directed
223537/Z/21/Z,Strategic Support: Science,Directed
223540/Z/21/Z,Research Fellowship in H&SS,Discovery Awards (or equivalent)
223543/Z/21/Z,PhD Training Fellowship for Clinicians,Early Career (or equivalent)
223544/Z/21/Z,PhD Training Fellowship for Clinicians,Early Career (or equivalent)
223549/Z/21/A,Research Enrichment - Public Engagement,Other
223549/Z/21/Z,Research Fellowship for Health Professionals in H&SS,Early Career (or equivalent)
223559/Z/21/Z,Research Fellowship in H&SS,Discovery Awards (or equivalent)
223561/Z/21/Z,Research Fellowship in H&SS,Discovery Awards (or equivalent)
223568/Z/21/Z,Research Fellowship in H&SS,Discovery Awards (or equivalent)
223572/Z/21/A,Research Fellowship in H&SS,Discovery Awards (or equivalent)
223592/Z/21/Z,Research Fellowship in H&SS,Discovery Awards (or equivalent)
223600/A/21/Z,Major Award,Directed
223600/B/21/Z,Major Award,Directed
223600/Z/21/Z,Major Award,Directed
223601/Z/21/Z,Longitudinal Population Studies,Directed
223605/Z/21/Z,PhD Training Fellowship for Clinicians,Early Career (or equivalent)
223653/Z/21/Z,Research Resources Award,Directed
223658/Z/21/Z,International Masters Fellowship,Early Career (or equivalent)
223660/Z/21/Z,International Masters Fellowship,Early Career (or equivalent)
223661/Z/21/Z,Research Resources Award,Directed
223672/Z/21/Z,Research Resources Award,Directed
223675/Z/21/Z,Research Resources Award,Directed
223679/Z/21/Z,Research Resources Award,Directed
223685/Z/21/Z,Research Resources Award,Directed
223690/Z/21/Z,Research Resources Award,Directed
223698/Z/21/Z,WT/POST Fellowship,Other
223704/Z/21/Z,Technology Development Grant,Discovery Awards (or equivalent)
223707/Z/21/Z,WT/POST Fellowship,Other
223715/Z/21/Z,Biomedical Resources Grant,Directed
223716/Z/21/Z,Biomedical Resources Grant,Directed
223718/Z/21/Z,Biomedical Resources Grant,Directed
223727/Z/21/Z,Biomedical Resources Grant,Directed
223728/A/21/Z,Technology Development Grant,Discovery Awards (or equivalent)
223728/Z/21/Z,Technology Development Grant,Discovery Awards (or equivalent)
223733/Z/21/Z,Technology Development Grant,Discovery Awards (or equivalent)
223736/Z/21/Z,Technology Development Grant,Discovery Awards (or equivalent)
223739/Z/21/Z,Biomedical Resources Grant,Directed
223741/Z/21/Z,Biomedical Resources Grant,Directed
223742/Z/21/Z,Technology Development Grant,Discovery Awards (or equivalent)
223743/Z/21/Z,Biomedical Resources Grant,Directed
223745/Z/21/Z,Biomedical Resources Grant,Directed
223746/Z/21/Z,Biomedical Resources Grant,Directed
223750/Z/21/Z,Technology Development Grant,Discovery Awards (or equivalent)
223755/Z/21/Z,Strategic Support: Science,Directed
223760/Z/21/Z,Technology Development Grant,Discovery Awards (or equivalent)
223767/Z/21/Z,PhD Training Fellowship for Clinicians,Early Career (or equivalent)
223780/Z/21/Z,Multi-User Equipment Grant,Directed
223788/Z/21/Z,Multi-User Equipment Grant,Directed
223801/Z/21/A,Strategic Support: Science,Directed
223803/Z/21/Z,Multi-User Equipment Grant,Directed
223808/Z/21/Z,Multi-User Equipment Grant,Directed
223810/Z/21/Z,Multi-User Equipment Grant,Directed
223814/Z/21/Z,Multi-User Equipment Grant,Directed
223816/Z/21/Z,Multi-User Equipment Grant,Directed
223818/Z/21/Z,Multi-User Equipment Grant,Directed
224040/Z/21/Z,Sir Henry Wellcome Postdoctoral Fellowship,Early Career (or equivalent)
224049/Z/21/Z,Sir Henry Wellcome Postdoctoral Fellowship,Early Career (or equivalent)
224051/Z/21/Z,Sir Henry Wellcome Postdoctoral Fellowship,Early Career (or equivalent)
224055/Z/21/Z,Sir Henry Wellcome Postdoctoral Fellowship,Early Career (or equivalent)
224063/Z/21/Z,Sir Henry Wellcome Postdoctoral Fellowship,Early Career (or equivalent)
224067/Z/21/Z,Sir Henry Wellcome Postdoctoral Fellowship,Early Career (or equivalent)
224070/Z/21/Z,Sir Henry Wellcome Postdoctoral Fellowship,Early Career (or equivalent)
224071/Z/21/Z,Sir Henry Wellcome Postdoctoral Fellowship,Early Career (or equivalent)
224074/Z/21/Z,Sir Henry Wellcome Postdoctoral Fellowship,Early Career (or equivalent)
224083/Z/21/Z,Sir Henry Wellcome Postdoctoral Fellowship,Early Career (or equivalent)
224092/Z/21/Z,Sir Henry Wellcome Postdoctoral Fellowship,Early Career (or equivalent)
224095/Z/21/Z,Sir Henry Wellcome Postdoctoral Fellowship,Early Career (or equivalent)
224107/Z/21/Z,Sir Henry Wellcome Postdoctoral Fellowship,Early Career (or equivalent)
224109/Z/21/Z,Sir Henry Wellcome Postdoctoral Fellowship,Early Career (or equivalent)
224113/Z/21/Z,Sir Henry Wellcome Postdoctoral Fellowship,Early Career (or equivalent)
224114/Z/21/Z,Sir Henry Wellcome Postdoctoral Fellowship,Early Career (or equivalent)
224116/Z/21/Z,Sir Henry Wellcome Postdoctoral Fellowship,Early Career (or equivalent)
224117/Z/21/Z,Sir Henry Wellcome Postdoctoral Fellowship,Early Career (or equivalent)
224121/Z/21/Z,Sir Henry Wellcome Postdoctoral Fellowship,Early Career (or equivalent)
224129/Z/21/Z,Sir Henry Wellcome Postdoctoral Fellowship,Early Career (or equivalent)
224135/Z/21/Z,Sir Henry Dale Fellowship,Career Development (or equivalent)
224151/Z/21/Z,Investigator Award in Science,Discovery Awards (or equivalent)
224155/Z/21/Z,Sir Henry Dale Fellowship,Career Development (or equivalent)
224156/Z/21/Z,Sir Henry Dale Fellowship,Career Development (or equivalent)
224176/Z/21/Z,International Intermediate Fellowship,Career Development (or equivalent)
224190/Z/21/Z,Sir Henry Wellcome Postdoctoral Fellowship,Early Career (or equivalent)
224212/Z/21/Z,Sir Henry Dale Fellowship,Career Development (or equivalent)
224237/Z/21/Z,Investigator Award in Science,Discovery Awards (or equivalent)
224240/Z/21/Z,Sir Henry Dale Fellowship,Career Development (or equivalent)
224243/Z/21/Z,Sir Henry Dale Fellowship,Career Development (or equivalent)
224253/Z/21/Z,International Training Fellowship,Early Career (or equivalent)
224257/Z/21/Z,Collaborative Award in Science,Discovery Awards (or equivalent)
224260/Z/21/Z,Investigator Award in Science,Discovery Awards (or equivalent)
224263/Z/21/Z,International Training Fellowship,Early Career (or equivalent)
224267/Z/21/Z,Senior Research Fellowship Renewal,Discovery Awards (or equivalent)
224272/A/21/Z,Senior Research Fellowship,Discovery Awards (or equivalent)
224272/Z/21/Z,Senior Research Fellowship,Discovery Awards (or equivalent)
224277/Z/21/A,Senior Research Fellowship,Discovery Awards (or equivalent)
224277/Z/21/Z,Senior Research Fellowship,Discovery Awards (or equivalent)
224282/Z/21/Z,Investigator Award in Science,Discovery Awards (or equivalent)
224287/Z/21/A,Research Enrichment - Public Engagement,Other
224287/Z/21/Z,International Training Fellowship,Early Career (or equivalent)
224290/Z/21/Z,Investigator Award in Science,Discovery Awards (or equivalent)
224309/Z/21/Z,International Training Fellowship,Early Career (or equivalent)
224310/Z/21/Z,International Intermediate Fellowship,Career Development (or equivalent)
224315/Z/21/Z,International Training Fellowship,Early Career (or equivalent)
224317/Z/21/Z,International Training Fellowship,Early Career (or equivalent)
224323/Z/21/Z,Investigator Award in Science,Discovery Awards (or equivalent)
224326/Z/21/Z,Investigator Award in Science,Discovery Awards (or equivalent)
224327/Z/21/Z,Investigator Award in Science,Discovery Awards (or equivalent)
224343/Z/21/Z,Collaborative Award in Science,Discovery Awards (or equivalent)
224354/A/21/Z,Sanger Resource Collaboration,Directed
224354/Z/21/Z,International Intermediate Fellowship,Career Development (or equivalent)
224355/Z/21/Z,Investigator Award in Science,Discovery Awards (or equivalent)
224358/Z/21/Z,Principal Research Fellowship Renewal,Discovery Awards (or equivalent)
224361/Z/21/Z,Investigator Award in Science,Discovery Awards (or equivalent)
224366/Z/21/Z,International Training Fellowship,Early Career (or equivalent)
224390/Z/21/Z,Collaborative Award in Science,Discovery Awards (or equivalent)
224394/Z/21/Z,Investigator Award in Science,Discovery Awards (or equivalent)
224399/Z/21/Z,Strategic Support: Science,Directed
224402/Z/21/Z,Principal Research Fellowship Renewal,Discovery Awards (or equivalent)
224407/Z/21/Z,Principal Research Fellowship Renewal,Discovery Awards (or equivalent)
224430/Z/21/Z,Senior Research Fellowship,Discovery Awards (or equivalent)
224432/Z/21/Z,Investigator Award in Science,Discovery Awards (or equivalent)
224433/Z/21/Z,PhD Training Fellowship for Clinicians,Early Career (or equivalent)
224444/Z/21/Z,Principal Research Fellowship Renewal,Discovery Awards (or equivalent)
224467/Z/21/Z,Senior Research Fellowship,Discovery Awards (or equivalent)
224484/Z/21/Z,Senior Research Fellowship Renewal,Discovery Awards (or equivalent)
224485/Z/21/Z,Senior Research Fellowship,Discovery Awards (or equivalent)
224486/Z/21/Z,Collaborative Award in Science,Discovery Awards (or equivalent)
224487/Z/21/A,Research Enrichment - Public Engagement,Other
224487/Z/21/Z,Collaborative Award in Science,Discovery Awards (or equivalent)
224494/A/21/Z,Collaborative Award in Science,Discovery Awards (or equivalent)
224494/B/21/Z,Collaborative Award in Science,Discovery Awards (or equivalent)
224494/Z/21/Z,Collaborative Award in Science,Discovery Awards (or equivalent)
224497/Z/21/Z,Senior Research Fellowship,Discovery Awards (or equivalent)
224499/Z/21/Z,Principal Research Fellowship Renewal,Discovery Awards (or equivalent)
224501/Z/21/Z,Investigator Award in Science,Discovery Awards (or equivalent)
224509/A/21/Z,Investigator Award in Science,Discovery Awards (or equivalent)
224509/Z/21/Z,Investigator Award in Science,Discovery Awards (or equivalent)
224520/Z/21/Z,Senior Research Fellowship Renewal,Discovery Awards (or equivalent)
224538/Z/21/Z,Investigator Award in Science,Discovery Awards (or equivalent)
224562/Z/21/Z,Principal Research Fellowship Renewal,Discovery Awards (or equivalent)
224563/Z/21/Z,Investigator Award in Science,Discovery Awards (or equivalent)
224573/Z/21/Z,Senior Research Fellowship Renewal,Discovery Awards (or equivalent)
224575/Z/21/Z,Senior Research Fellowship,Discovery Awards (or equivalent)
224586/Z/21/Z,Clinical Research Career Development Fellowship,Career Development (or equivalent)
224600/Z/21/Z,Collaborative Award in Science,Discovery Awards (or equivalent)
224606/Z/21/Z,Clinical Research Career Development Fellowship,Career Development (or equivalent)
224616/Z/21/Z,Clinical Research Career Development Fellowship,Career Development (or equivalent)
224619/Z/21/Z,Clinical Research Career Development Fellowship,Career Development (or equivalent)
224623/Z/21/Z,Clinical Research Career Development Fellowship,Career Development (or equivalent)
224625/Z/21/Z,Clinical Research Career Development Fellowship,Career Development (or equivalent)
224632/Z/21/Z,Clinical Research Career Development Fellowship,Career Development (or equivalent)
224637/Z/21/Z,Clinical Research Career Development Fellowship,Career Development (or equivalent)
224643/Z/21/Z,Clinical Research Career Development Fellowship,Career Development (or equivalent)
224655/Z/21/Z,Clinical Research Career Development Fellowship,Career Development (or equivalent)
224662/Z/21/Z,Sir Henry Dale Fellowship,Career Development (or equivalent)
224665/Z/21/Z,Investigator Award in Science,Discovery Awards (or equivalent)
224668/Z/21/Z,Principal Research Fellowship Renewal,Discovery Awards (or equivalent)
224675/Z/21/Z,Senior Research Fellowship Renewal,Discovery Awards (or equivalent)
224712/Z/21/Z,University Award in H&SS,Career Development (or equivalent)
224717/Z/21/Z,Research Fellowship in H&SS,Discovery Awards (or equivalent)
224719/Z/21/Z,Research Fellowship in H&SS,Discovery Awards (or equivalent)
224732/Z/21/Z,International Masters Fellowship,Early Career (or equivalent)
224734/Z/21/Z,Research Fellowship in H&SS,Discovery Awards (or equivalent)
224744/Z/21/Z,Research Fellowship for Health Professionals in H&SS,Early Career (or equivalent)
224752/Z/21/Z,University Award in H&SS,Career Development (or equivalent)
224756/Z/21/Z,University Award in H&SS,Career Development (or equivalent)
224770/Z/21/Z,Research Fellowship in H&SS,Discovery Awards (or equivalent)
224802/Z/21/Z,International Masters Fellowship,Early Career (or equivalent)
224839/Z/21/Z,Strategic Support: Science,Directed
225001/Z/22/Z,Early Career Award,Early Career (or equivalent)
225010/Z/22/Z,Early Career Award,Early Career (or equivalent)
225019/Z/22/Z,Early Career Award,Early Career (or equivalent)
225021/Z/22/Z,Early Career Award,Early Career (or equivalent)
225023/Z/22/Z,Early Career Award,Early Career (or equivalent)
225049/Z/22/Z,Early Career Award,Early Career (or equivalent)
225081/Z/22/Z,Early Career Award,Early Career (or equivalent)
225087/Z/22/Z,Early Career Award,Early Career (or equivalent)
225099/Z/22/Z,Early Career Award,Early Career (or equivalent)
225102/Z/22/Z,Early Career Award,Early Career (or equivalent)
225125/Z/22/Z,Early Career Award,Early Career (or equivalent)
225128/Z/22/Z,Early Career Award,Early Career (or equivalent)
225136/Z/22/Z,Early Career Award,Early Career (or equivalent)
225139/Z/22/Z,Early Career Award,Early Career (or equivalent)
225145/Z/22/Z,Early Career Award,Early Career (or equivalent)
225149/Z/22/Z,Early Career Award,Early Career (or equivalent)
225152/Z/22/Z,Early Career Award,Early Career (or equivalent)
225171/Z/22/Z,Discovery Award,Discovery Awards (or equivalent)
225185/Z/22/Z,Discovery Award,Discovery Awards (or equivalent)
225192/Z/22/Z,Discovery Award,Discovery Awards (or equivalent)
225195/Z/22/Z,Career Development Award,Career Development (or equivalent)
225198/Z/22/Z,Discovery Award,Discovery Awards (or equivalent)
225210/Z/22/Z,Discovery Award,Discovery Awards (or equivalent)
225212/Z/22/Z,Discovery Award,Discovery Awards (or equivalent)
225216/Z/22/Z,Discovery Award,Discovery Awards (or equivalent)
225217/Z/22/Z,Discovery Award,Discovery Awards (or equivalent)
225220/Z/22/Z,Discovery Award,Discovery Awards (or equivalent)
225221/Z/22/Z,Discovery Award,Discovery Awards (or equivalent)
225227/Z/22/Z,Career Development Award,Career Development (or equivalent)
225230/Z/22/Z,Discovery Award,Discovery Awards (or equivalent)
225237/Z/22/Z,Discovery Award,Discovery Awards (or equivalent)
225238/Z/22/Z,Discovery Award,Discovery Awards (or equivalent)
225242/A/22/Z,Discovery Award,Discovery Awards (or equivalent)
225242/Z/22/Z,Discovery Award,Discovery Awards (or equivalent)
225245/Z/22/Z,PhD Training Fellowship for Clinicians,Early Career (or equivalent)
225254/Z/22/Z,Discovery Award,Discovery Awards (or equivalent)
225257/Z/22/Z,Career Development Award,Career Development (or equivalent)
225263/Z/22/Z,Career Development Award,Career Development (or equivalent)
225274/Z/22/Z,Career Development Award,Career Development (or equivalent)
225292/Z/22/Z,Career Development Award,Career Development (or equivalent)
225303/Z/22/Z,Career Development Award,Career Development (or equivalent)
225315/Z/22/Z,Career Development Award,Career Development (or equivalent)
225317/Z/22/Z,Discovery Award,Discovery Awards (or equivalent)
225318/Z/22/Z,Career Development Award,Career Development (or equivalent)
225339/Z/22/Z,Career Development Award,Career Development (or equivalent)
225345/Z/22/Z,Career Development Award,Career Development (or equivalent)
225348/Z/22/Z,Career Development Award,Career Development (or equivalent)
225350/Z/22/Z,Career Development Award,Career Development (or equivalent)
225353/Z/22/Z,Career Development Award,Career Development (or equivalent)
225360/Z/22/Z,Discovery Award,Discovery Awards (or equivalent)
225364/Z/22/Z,Career Development Award,Career Development (or equivalent)
225408/Z/22/Z,Career Development Award,Career Development (or equivalent)
225412/Z/22/Z,Career Development Award,Career Development (or equivalent)
225442/Z/22/Z,PhD Training Fellowship for Clinicians,Early Career (or equivalent)
225443/Z/22/Z,Career Development Award,Career Development (or equivalent)
225445/Z/22/Z,Discovery Award,Discovery Awards (or equivalent)
225446/Z/22/Z,PhD Training Fellowship for Clinicians,Early Career (or equivalent)
225452/Z/22/Z,PhD Training Fellowship for Clinicians,Early Career (or equivalent)
225453/Z/22/Z,PhD Training Fellowship for Clinicians,Early Career (or equivalent)
225454/Z/22/Z,PhD Training Fellowship for Clinicians,Early Career (or equivalent)
225455/Z/22/Z,PhD Training Fellowship for Clinicians,Early Career (or equivalent)
225456/Z/22/Z,PhD Training Fellowship for Clinicians,Early Career (or equivalent)
225460/Z/22/Z,PhD Training Fellowship for Clinicians,Early Career (or equivalent)
225461/Z/22/Z,PhD Training Fellowship for Clinicians,Early Career (or equivalent)
225462/Z/22/Z,PhD Training Fellowship for Clinicians,Early Career (or equivalent)
225463/Z/22/Z,PhD Training Fellowship for Clinicians,Early Career (or equivalent)
225466/Z/22/Z,PhD Training Fellowship for Clinicians,Early Career (or equivalent)
225467/Z/22/Z,PhD Training Fellowship for Clinicians,Early Career (or equivalent)
225468/Z/22/Z,PhD Training Fellowship for Clinicians,Early Career (or equivalent)
225470/Z/22/Z,PhD Training Fellowship for Clinicians,Early Career (or equivalent)
225477/Z/22/Z,PhD Training Fellowship for Clinicians,Early Career (or equivalent)
225478/Z/22/Z,PhD Training Fellowship for Clinicians,Early Career (or equivalent)
225479/Z/22/Z,PhD Training Fellowship for Clinicians,Early Career (or equivalent)
225480/Z/22/Z,PhD Training Fellowship for Clinicians,Early Career (or equivalent)
225481/Z/22/Z,PhD Training Fellowship for Clinicians,Early Career (or equivalent)
225482/Z/22/Z,PhD Training Fellowship for Clinicians,Early Career (or equivalent)
225483/Z/22/Z,PhD Training Fellowship for Clinicians,Early Career (or equivalent)
225485/Z/22/Z,PhD Training Fellowship for Clinicians,Early Career (or equivalent)
225486/Z/22/Z,PhD Training Fellowship for Clinicians,Early Career (or equivalent)
225487/Z/22/Z,PhD Training Fellowship for Clinicians,Early Career (or equivalent)
225488/Z/22/Z,PhD Training Fellowship for Clinicians,Early Career (or equivalent)
225489/Z/22/Z,PhD Training Fellowship for Clinicians,Early Career (or equivalent)
225490/Z/22/Z,PhD Training Fellowship for Clinicians,Early Career (or equivalent)
225491/Z/22/Z,PhD Training Fellowship for Clinicians,Early Career (or equivalent)
225494/Z/22/Z,PhD Training Fellowship for Clinicians,Early Career (or equivalent)
225497/Z/22/Z,PhD Training Fellowship for Clinicians,Early Career (or equivalent)
225504/Z/22/Z,PhD Training Fellowship for Clinicians,Early Career (or equivalent)
225506/Z/22/Z,Early Career Award,Early Career (or equivalent)
225511/Z/22/Z,Early Career Award,Early Career (or equivalent)
225513/Z/22/Z,PhD Training Fellowship for Clinicians,Early Career (or equivalent)
225515/Z/22/Z,PhD Training Fellowship for Clinicians,Early Career (or equivalent)
225527/Z/22/Z,PhD Training Fellowship for Clinicians,Early Career (or equivalent)
225528/Z/22/Z,Early Career Award,Early Career (or equivalent)
225532/Z/22/Z,PhD Training Fellowship for Clinicians,Early Career (or equivalent)
225536/Z/22/Z,Early Career Award,Early Career (or equivalent)
225540/Z/22/Z,PhD Training Fellowship for Clinicians,Early Career (or equivalent)
225541/Z/22/Z,PhD Training Fellowship for Clinicians,Early Career (or equivalent)
225546/Z/22/Z,Early Career Award,Early Career (or equivalent)
225548/Z/22/Z,PhD Training Fellowship for Clinicians,Early Career (or equivalent)
225561/Z/22/Z,Early Career Award,Early Career (or equivalent)
225565/Z/22/Z,Early Career Award,Early Career (or equivalent)
225577/Z/22/Z,Early Career Award,Early Career (or equivalent)
225579/Z/22/Z,Early Career Award,Early Career (or equivalent)
225597/Z/22/Z,Early Career Award,Early Career (or equivalent)
225605/Z/22/Z,Early Career Award,Early Career (or equivalent)
225633/Z/22/Z,Early Career Award,Early Career (or equivalent)
225652/Z/22/Z,PhD Training Fellowship for Clinicians,Early Career (or equivalent)
225660/Z/22/Z,Early Career Award,Early Career (or equivalent)
225674/Z/22/Z,Early Career Award,Early Career (or equivalent)
225677/Z/22/Z,Early Career Award,Early Career (or equivalent)
225678/Z/22/Z,Early Career Award,Early Career (or equivalent)
225685/Z/22/Z,Early Career Award,Early Career (or equivalent)
225686/Z/22/Z,Early Career Award,Early Career (or equivalent)
225689/Z/22/Z,PhD Training Fellowship for Clinicians,Early Career (or equivalent)
225708/Z/22/Z,Early Career Award,Early Career (or equivalent)
225712/Z/22/Z,Early Career Award,Early Career (or equivalent)
225724/Z/22/Z,Early Career Award,Early Career (or equivalent)
225735/Z/22/Z,PhD Training Fellowship for Clinicians,Early Career (or equivalent)
225744/Z/22/Z,PhD Training Fellowship for Clinicians,Early Career (or equivalent)
225778/Z/22/Z,Discovery Award,Discovery Awards (or equivalent)
225790/Z/22/Z,Career Development Award,Career Development (or equivalent)
225811/Z/22/Z,Discovery Award,Discovery Awards (or equivalent)
225814/Z/22/Z,Discovery Award,Discovery Awards (or equivalent)
225819/A/22/Z,Discovery Award,Discovery Awards (or equivalent)
225819/B/22/Z,Discovery Award,Discovery Awards (or equivalent)
225819/Z/22/Z,Discovery Award,Discovery Awards (or equivalent)
225832/Z/22/Z,Discovery Award,Discovery Awards (or equivalent)
225838/Z/22/Z,Discovery Award,Discovery Awards (or equivalent)
225839/Z/22/Z,Discovery Award,Discovery Awards (or equivalent)
225843/Z/22/Z,Discovery Award,Discovery Awards (or equivalent)
225844/Z/22/Z,Discovery Award,Discovery Awards (or equivalent)
225852/Z/22/Z,Discovery Award,Discovery Awards (or equivalent)
225856/Z/22/Z,Discovery Award,Discovery Awards (or equivalent)
225868/Z/22/Z,Career Development Award,Career Development (or equivalent)
225875/Z/22/Z,Discovery Award,Discovery Awards (or equivalent)
225880/Z/22/Z,Discovery Award,Discovery Awards (or equivalent)
225897/Z/22/Z,Career Development Award,Career Development (or equivalent)
225902/Z/22/Z,Career Development Award,Career Development (or equivalent)
225903/Z/22/Z,Career Development Award,Career Development (or equivalent)
225910/Z/22/Z,Career Development Award,Career Development (or equivalent)
225914/Z/22/Z,Career Development Award,Career Development (or equivalent)
225923/Z/22/Z,Career Development Award,Career Development (or equivalent)
225924/Z/22/Z,Career Development Award,Career Development (or equivalent)
225925/Z/22/Z,Career Development Award,Career Development (or equivalent)
225926/Z/22/Z,Career Development Award,Career Development (or equivalent)
225928/Z/22/Z,Career Development Award,Career Development (or equivalent)
225930/Z/22/Z,Discovery Award,Discovery Awards (or equivalent)
225937/Z/22/Z,Career Development Award,Career Development (or equivalent)
225945/Z/22/Z,Career Development Award,Career Development (or equivalent)
225947/Z/22/Z,Career Development Award,Career Development (or equivalent)
225950/Z/22/Z,Career Development Award,Career Development (or equivalent)
225951/Z/22/Z,Career Development Award,Career Development (or equivalent)
225960/Z/22/Z,Career Development Award,Career Development (or equivalent)
225974/Z/22/Z,Career Development Award,Career Development (or equivalent)
225975/Z/22/Z,Career Development Award,Career Development (or equivalent)
225986/Z/22/Z,Career Development Award,Career Development (or equivalent)
225992/Z/22/Z,Career Development Award,Career Development (or equivalent)
225993/Z/22/Z,Career Development Award,Career Development (or equivalent)
226002/A/22/Z,Career Development Award,Career Development (or equivalent)
226002/Z/22/Z,Career Development Award,Career Development (or equivalent)
226007/Z/22/Z,Career Development Award,Career Development (or equivalent)
226014/Z/22/Z,Career Development Award,Career Development (or equivalent)
226015/Z/22/Z,Career Development Award,Career Development (or equivalent)
226039/Z/22/Z,Career Development Award,Career Development (or equivalent)
226047/Z/22/Z,Career Development Award,Career Development (or equivalent)
226083/Z/22/Z,Discovery Award,Discovery Awards (or equivalent)
226202/Z/22/Z,Discretionary Award,Other
226309/Z/22/Z,Early Career Award,Early Career (or equivalent)
226310/Z/22/Z,Early Career Award,Early Career (or equivalent)
226320/Z/22/Z,Early Career Award,Early Career (or equivalent)
226323/Z/22/Z,Early Career Award,Early Career (or equivalent)
226332/Z/22/Z,Discretionary Award,Other
226333/Z/22/Z,Early Career Award,Early Career (or equivalent)
226338/Z/22/Z,Early Career Award,Early Career (or equivalent)
226345/Z/22/Z,Early Career Award,Early Career (or equivalent)
226350/Z/22/Z,Early Career Award,Early Career (or equivalent)
226354/Z/22/Z,Early Career Award,Early Career (or equivalent)
226375/Z/22/Z,Early Career Award,Early Career (or equivalent)
226389/Z/22/Z,Early Career Award,Early Career (or equivalent)
226392/Z/22/Z,Early Career Award,Early Career (or equivalent)
226405/Z/22/Z,Early Career Award,Early Career (or equivalent)
226408/Z/22/Z,Early Career Award,Early Career (or equivalent)
226420/Z/22/Z,Early Career Award,Early Career (or equivalent)
226458/Z/22/Z,Discretionary Award,Other
226472/Z/22/Z,Discovery Award,Discovery Awards (or equivalent)
226484/Z/22/Z,Career Development Award,Career Development (or equivalent)
226490/Z/22/Z,Career Development Award,Career Development (or equivalent)
226494/Z/22/Z,Career Development Award,Career Development (or equivalent)
226499/Z/22/Z,Career Development Award,Career Development (or equivalent)
226507/Z/22/Z,Discovery Award,Discovery Awards (or equivalent)
226510/Z/22/Z,Career Development Award,Career Development (or equivalent)
226513/Z/22/Z,Career Development Award,Career Development (or equivalent)
226515/Z/22/Z,Discovery Award,Discovery Awards (or equivalent)
226518/Z/22/Z,Career Development Award,Career Development (or equivalent)
226519/Z/22/Z,Career Development Award,Career Development (or equivalent)
226520/Z/22/Z,Career Development Award,Career Development (or equivalent)
226525/Z/22/Z,Career Development Award,Career Development (or equivalent)
226532/Z/22/Z,Career Development Award,Career Development (or equivalent)
226535/Z/22/Z,Career Development Award,Career Development (or equivalent)
226546/Z/22/Z,Career Development Award,Career Development (or equivalent)
226579/Z/22/Z,Career Development Award,Career Development (or equivalent)
226582/Z/22/Z,Career Development Award,Career Development (or equivalent)
226598/Z/22/Z,Discovery Award,Discovery Awards (or equivalent)
226602/Z/22/Z,Discovery Award,Discovery Awards (or equivalent)
226603/Z/22/Z,Discovery Award,Discovery Awards (or equivalent)
226605/Z/22/Z,Discovery Award,Discovery Awards (or equivalent)
226615/Z/22/Z,Discovery Award,Discovery Awards (or equivalent)
226619/Z/22/Z,Discovery Award,Discovery Awards (or equivalent)
226627/Z/22/Z,Discovery Award,Discovery Awards (or equivalent)
226633/Z/22/Z,Discovery Award,Discovery Awards (or equivalent)
226638/Z/22/Z,Discovery Award,Discovery Awards (or equivalent)
226644/Z/22/Z,Discovery Award,Discovery Awards (or equivalent)
226645/Z/22/Z,Discovery Award,Discovery Awards (or equivalent)
226647/Z/22/Z,Discovery Award,Discovery Awards (or equivalent)
226653/Z/22/Z,Discovery Award,Discovery Awards (or equivalent)
226655/Z/22/Z,Discovery Award,Discovery Awards (or equivalent)
226660/Z/22/Z,Discovery Award,Discovery Awards (or equivalent)
226662/Z/22/Z,Discovery Award,Discovery Awards (or equivalent)
226669/Z/22/Z,Discovery Award,Discovery Awards (or equivalent)
226731/Z/22/Z,PhD Training Fellowship for Clinicians,Early Career (or equivalent)
226791/Z/22/Z,Directed Call - full,Other
226793/Z/22/Z,Directed Call - full,Other
226795/Z/22/Z,Directed Call - full,Other
226798/Z/22/Z,Directed Call - full,Other
226800/Z/22/Z,Directed Call - full,Other
226801/Z/22/Z,Directed Call - full,Other
226804/Z/22/Z,Directed Call - full,Other
226817/Z/22/Z,Directed Call - full,Other
226903/Z/23/Z,Early Career Award,Early Career (or equivalent)
226921/Z/23/Z,Early Career Award,Early Career (or equivalent)
226922/Z/23/Z,Early Career Award,Early Career (or equivalent)
226923/Z/23/Z,Early Career Award,Early Career (or equivalent)
226924/Z/23/Z,Early Career Award,Early Career (or equivalent)
226929/Z/23/Z,Early Career Award,Early Career (or equivalent)
226934/Z/23/Z,Early Career Award,Early Career (or equivalent)
226938/Z/23/Z,Early Career Award,Early Career (or equivalent)
226943/Z/23/Z,Early Career Award,Early Career (or equivalent)
226966/Z/23/Z,Early Career Award,Early Career (or equivalent)
226968/Z/23/Z,Early Career Award,Early Career (or equivalent)
226981/Z/23/Z,Early Career Award,Early Career (or equivalent)
226997/Z/23/Z,Early Career Award,Early Career (or equivalent)
227000/Z/23/Z,Early Career Award,Early Career (or equivalent)
227004/Z/23/Z,Early Career Award,Early Career (or equivalent)
227014/Z/23/Z,Early Career Award,Early Career (or equivalent)
227030/Z/23/Z,Early Career Award,Early Career (or equivalent)
227041/Z/23/Z,Early Career Award,Early Career (or equivalent)
227053/Z/23/Z,Early Career Award,Early Career (or equivalent)
227063/Z/23/Z,Early Career Award,Early Career (or equivalent)
227065/Z/23/Z,Early Career Award,Early Career (or equivalent)
227067/Z/23/Z,Early Career Award,Early Career (or equivalent)
227070/Z/23/Z,Early Career Award,Early Career (or equivalent)
227076/Z/23/Z,Early Career Award,Early Career (or equivalent)
227166/Z/23/Z,Discretionary Award,Other
227215/Z/23/Z,Career Development Award,Career Development (or equivalent)
227217/Z/23/Z,Career Development Award,Career Development (or equivalent)
227228/Z/23/Z,Career Development Award,Career Development (or equivalent)
227231/Z/23/Z,Career Development Award,Career Development (or equivalent)
227233/Z/23/Z,Discovery Award,Discovery Awards (or equivalent)
227236/Z/23/Z,Career Development Award,Career Development (or equivalent)
227240/Z/23/Z,Career Development Award,Career Development (or equivalent)
227243/Z/23/Z,Discovery Award,Discovery Awards (or equivalent)
227257/Z/23/Z,Career Development Award,Career Development (or equivalent)
227260/Z/23/Z,Career Development Award,Career Development (or equivalent)
227269/Z/23/Z,Career Development Award,Career Development (or equivalent)
227287/Z/23/Z,Career Development Award,Career Development (or equivalent)
227288/Z/23/Z,Career Development Award,Career Development (or equivalent)
227294/Z/23/Z,Career Development Award,Career Development (or equivalent)
227298/Z/23/Z,Career Development Award,Career Development (or equivalent)
227306/Z/23/Z,Career Development Award,Career Development (or equivalent)
227324/Z/23/Z,Career Development Award,Career Development (or equivalent)
227326/Z/23/Z,Career Development Award,Career Development (or equivalent)
227329/Z/23/Z,Career Development Award,Career Development (or equivalent)
227340/Z/23/Z,Career Development Award,Career Development (or equivalent)
227341/Z/23/Z,Career Development Award,Career Development (or equivalent)
227345/Z/23/Z,Career Development Award,Career Development (or equivalent)
227348/Z/23/Z,Career Development Award,Career Development (or equivalent)
227357/Z/23/Z,Career Development Award,Career Development (or equivalent)
227375/Z/23/Z,Discovery Award,Discovery Awards (or equivalent)
227383/Z/23/Z,Discovery Award,Discovery Awards (or equivalent)
227384/Z/23/Z,Discovery Award,Discovery Awards (or equivalent)
227388/Z/23/Z,Discovery Award,Discovery Awards (or equivalent)
227393/Z/23/Z,Discovery Award,Discovery Awards (or equivalent)
227396/Z/23/Z,Discovery Award,Discovery Awards (or equivalent)
227397/Z/23/Z,Discovery Award,Discovery Awards (or equivalent)
227415/Z/23/Z,Discovery Award,Discovery Awards (or equivalent)
227417/Z/23/Z,Discovery Award,Discovery Awards (or equivalent)
227418/Z/23/Z,Discovery Award,Discovery Awards (or equivalent)
227420/Z/23/Z,Discovery Award,Discovery Awards (or equivalent)
227432/Z/23/Z,Discovery Award,Discovery Awards (or equivalent)
227433/Z/23/Z,Discovery Award,Discovery Awards (or equivalent)
227434/Z/23/Z,Discovery Award,Discovery Awards (or equivalent)
227438/Z/23/Z,Discovery Award,Discovery Awards (or equivalent)
227441/Z/23/Z,Discovery Award,Discovery Awards (or equivalent)
227452/Z/23/Z,Discovery Award,Discovery Awards (or equivalent)
227465/Z/23/Z,Discovery Award,Discovery Awards (or equivalent)
227475/Z/23/Z,Discovery Award,Discovery Awards (or equivalent)
227480/Z/23/Z,Career Development Award,Career Development (or equivalent)
227534/Z/23/Z,Early Career Award,Early Career (or equivalent)
227544/Z/23/Z,Early Career Award,Early Career (or equivalent)
227559/Z/23/Z,Early Career Award,Early Career (or equivalent)
227562/Z/23/Z,Early Career Award,Early Career (or equivalent)
227564/Z/23/Z,Early Career Award,Early Career (or equivalent)
227565/Z/23/Z,Early Career Award,Early Career (or equivalent)
227566/Z/23/Z,Early Career Award,Early Career (or equivalent)
227570/Z/23/Z,Early Career Award,Early Career (or equivalent)
227573/Z/23/Z,Early Career Award,Early Career (or equivalent)
227580/Z/23/Z,Early Career Award,Early Career (or equivalent)
227581/Z/23/Z,Early Career Award,Early Career (or equivalent)
227584/Z/23/Z,Early Career Award,Early Career (or equivalent)
227585/Z/23/Z,Early Career Award,Early Career (or equivalent)
227607/Z/23/Z,Early Career Award,Early Career (or equivalent)
227608/Z/23/Z,Early Career Award,Early Career (or equivalent)
227613/Z/23/Z,Early Career Award,Early Career (or equivalent)
227621/Z/23/Z,Early Career Award,Early Career (or equivalent)
227622/Z/23/Z,Early Career Award,Early Career (or equivalent)
227636/Z/23/Z,Early Career Award,Early Career (or equivalent)
227639/Z/23/Z,Early Career Award,Early Career (or equivalent)
227640/Z/23/Z,Early Career Award,Early Career (or equivalent)
227646/Z/23/Z,Early Career Award,Early Career (or equivalent)
227647/Z/23/Z,Early Career Award,Early Career (or equivalent)
227651/Z/23/Z,Early Career Award,Early Career (or equivalent)
227659/Z/23/Z,Early Career Award,Early Career (or equivalent)
227672/Z/23/Z,Early Career Award,Early Career (or equivalent)
227719/Z/23/Z,Discretionary Award,Other
227739/Z/23/Z,Discovery Award,Discovery Awards (or equivalent)
227745/Z/23/Z,Career Development Award,Career Development (or equivalent)
227755/Z/23/Z,Career Development Award,Career Development (or equivalent)
227760/Z/23/Z,Career Development Award,Career Development (or equivalent)
227766/Z/23/Z,Career Development Award,Career Development (or equivalent)
227769/Z/23/Z,Discovery Award,Discovery Awards (or equivalent)
227774/Z/23/Z,Career Development Award,Career Development (or equivalent)
227780/Z/23/Z,Discovery Award,Discovery Awards (or equivalent)
227782/Z/23/Z,Career Development Award,Career Development (or equivalent)
227788/Z/23/Z,Career Development Award,Career Development (or equivalent)
227794/Z/23/Z,Career Development Award,Career Development (or equivalent)
227814/Z/23/Z,Career Development Award,Career Development (or equivalent)
227817/Z/23/Z,Career Development Award,Career Development (or equivalent)
227820/Z/23/Z,Career Development Award,Career Development (or equivalent)
227824/Z/23/Z,Career Development Award,Career Development (or equivalent)
227831/Z/23/Z,Career Development Award,Career Development (or equivalent)
227832/Z/23/Z,Career Development Award,Career Development (or equivalent)
227835/Z/23/Z,Career Development Award,Career Development (or equivalent)
227849/Z/23/Z,Career Development Award,Career Development (or equivalent)
227856/Z/23/Z,Career Development Award,Career Development (or equivalent)
227858/Z/23/Z,Career Development Award,Career Development (or equivalent)
227876/Z/23/Z,Discovery Award,Discovery Awards (or equivalent)
227878/Z/23/Z,Discovery Award,Discovery Awards (or equivalent)
227882/Z/23/Z,Discovery Award,Discovery Awards (or equivalent)
227883/Z/23/Z,Discovery Award,Discovery Awards (or equivalent)
227890/Z/23/Z,Discovery Award,Discovery Awards (or equivalent)
227897/Z/23/Z,Discovery Award,Discovery Awards (or equivalent)
227904/Z/23/Z,Discovery Award,Discovery Awards (or equivalent)
227913/Z/23/Z,Discovery Award,Discovery Awards (or equivalent)
227923/Z/23/Z,Discovery Award,Discovery Awards (or equivalent)
227924/Z/23/Z,Discovery Award,Discovery Awards (or equivalent)
227926/Z/23/Z,Discovery Award,Discovery Awards (or equivalent)
227928/Z/23/Z,Discovery Award,Discovery Awards (or equivalent)
227934/Z/23/Z,Discovery Award,Discovery Awards (or equivalent)
227946/Z/23/Z,Career Development Award,Career Development (or equivalent)
227950/Z/23/Z,Discovery Award,Discovery Awards (or equivalent)
227966/Z/23/Z,Discovery Award,Discovery Awards (or equivalent)
228142/Z/23/Z,Discretionary Award,Other
228169/Z/23/Z,Discretionary Award,Other
228179/Z/23/Z,Discretionary Award,Other
228194/Z/23/Z,Discretionary Award,Other
228201/Z/23/Z,Discretionary Award,Other
228247/A/23/Z,Discretionary Award,Other
228247/Z/23/Z,Discretionary Award,Other